Peptides, PeptideUnique, RateConstants, Correlations, RootMeanRSS, AbsoluteIsotopeError, Charge, m/z(Sequence), NEH, Aboundance, NDP, Rsquared,sigma
YDEMVESMK, Yes, 0.15528, 0.995217, 0.012814, 0.063656,  2,   566.23846,  16, 109796952.000000, 12.000000, 0.977927, 0.010245
EAAENSLVAYK, Yes, 0.16457, 0.992659, 0.015338, 0.084420,  2,   597.80365,  26, 214681200.000000, 12.000000, 0.981749, 0.009285
HLIPAANTGESK, Yes, 0.20237, 0.985179, 0.022545, 0.034323,  3,   413.22269,  26, 64355904.000000, 12.000000, 0.608573, 0.055548
YLAEFATGNDR, Yes, 0.21266, 0.993070, 0.012909, 0.049151,  2,   628.79895,  22, 125360296.000000, 12.000000, 0.981779, 0.012100
YDEMVESMKK, Yes, 0.04201, 0.806680, 0.081431, 0.239330,  2,   630.28595,  16, 4518047.000000, 8.000000, -0.045634, 0.025439
YLAEFATGNDRK, Yes, 0.17731, 0.994052, 0.027470, 0.048227,  2,   692.84637,  23, 134613664.000000, 12.000000, 0.951417, 0.020305
YLAEFATGNDRK, Yes, 0.17042, 0.991980, 0.013692, 0.042368,  3,   462.23337,  23, 70673384.000000, 12.000000, 0.976932, 0.010755
VAGMDVELTVEER, Yes, 0.03886, 0.521729, 0.083789, 0.072338,  2,   724.35852,  26, 47354060.000000, 12.000000, -0.046089, 0.013686
LIccDILDVLDK, Yes, 0.24905, 0.992989, 0.027118, 0.021400,  2,   738.87549,  13, 98733416.000000, 12.000000, 0.814051, 0.062391
AASDIAMTELPPTHPIR, Yes, 0.13552, 0.958520, 0.028517, 0.068532,  3,   607.31720,  38, 102167816.000000, 12.000000, 0.879531, 0.016343
AAFDDAIAELDTLSEESYK, Yes, 0.19975, 0.998389, 0.006527, 0.040924,  3,   696.66003,  42, 28787774.000000, 12.000000, 0.993503, 0.007320
AAFDDAIAELDTLSEESYK, Yes, 0.17684, 0.994241, 0.011520, 0.119739,  2,  1044.48633,  42, 18063950.000000, 12.000000, 0.980786, 0.010793
DNLTLWTSDMQGDGEEQNK, Yes, 0.18195, 0.990636, 0.013313, 0.116976,  2,  1090.97363,  35, 6054221.500000, 12.000000, 0.970231, 0.014180
HLIPAANTGESK, Yes, 0.13273, 0.989920, 0.018400, 0.049374,  2,   619.33038,  26, 110536600.000000, 12.000000, 0.968916, 0.008618


MeanRateConst/CorrCutOff, 0.173581, 0.900000


MedianRateConst/RMSSCutOff, 0.176840, 0.050000
StandDev/NumberPeptides, 0.025844, 11
TotalIonCurrent, 3.4547e+10
