Peptides, PeptideUnique, RateConstants, Correlations, RootMeanRSS, AbsoluteIsotopeError, Charge, m/z(Sequence), NEH, Aboundance, NDP, Rsquared,sigma
YDDMAAcMK, Yes, 0.16933, 0.996467, 0.015113, 0.050132,  2,   552.71155,  16, 189164240.000000, 12.000000, 0.981876, 0.010525
YLAEVAAGDDKK, Yes, 0.23057, 0.989961, 0.015519, 0.051114,  3,   427.22247,  24, 185330000.000000, 12.000000, 0.976864, 0.015193
FLIPNASQPESK, Yes, 0.16024, 0.995720, 0.011052, 0.043501,  2,   665.85370,  26, 305235552.000000, 12.000000, 0.986674, 0.007584
SVTEQGAELSNEER, Yes, 0.18016, 0.985227, 0.021899, 0.053246,  3,   516.90936,  37, 12421457.000000, 12.000000, 0.964406, 0.014176
SVTEQGAELSNEER, Yes, 0.17900, 0.994110, 0.015160, 0.067189,  2,   774.86041,  37, 114952896.000000, 12.000000, 0.981861, 0.010183
GIVDQSQQAYQEAFEISK, Yes, 0.20141, 0.999230, 0.005120, 0.044119,  3,   681.00061,  44, 55011228.000000, 12.000000, 0.995974, 0.005373
GIVDQSQQAYQEAFEISK, Yes, 0.20430, 0.999035, 0.004944, 0.034714,  2,  1020.99725,  44, 84380504.000000, 12.000000, 0.995292, 0.006222
TAFDEAIAELDTLSEESYK, Yes, 0.19131, 0.996757, 0.008815, 0.058677,  2,  1066.49951,  40, 20677670.000000, 12.000000, 0.986831, 0.009889
TAFDEAIAELDTLSEESYK, Yes, 0.22098, 0.999125, 0.003665, 0.011101,  3,   711.33545,  40, 51713164.000000, 12.000000, 0.997337, 0.005121
DIcNDVLSLLEK, Yes, 0.20150, 0.997766, 0.016236, 0.062548,  2,   709.86340,  17, 234515840.000000, 12.000000, 0.974859, 0.015937
YLAEVAAGDDKK, Yes, 0.20372, 0.998164, 0.007670, 0.052712,  2,   640.33008,  24, 66902204.000000, 12.000000, 0.994128, 0.007002


MeanRateConst/CorrCutOff, 0.191195, 0.900000


MedianRateConst/RMSSCutOff, 0.201411, 0.050000
StandDev/NumberPeptides, 0.018658, 10
TotalIonCurrent, 4.17446e+10
