Peptides, PeptideUnique, RateConstants, Correlations, RootMeanRSS, AbsoluteIsotopeError, Charge, m/z(Sequence), NEH, Aboundance, NDP, Rsquared,sigma
WTLGFcDER, Yes, 0.09283, 0.951506, 0.026893, 0.049429,  2,   592.26367,  14, 35290796.000000, 9.000000, 0.821064, 0.016675
EGTLPAALVQPR, Yes, 0.06133, 0.988270, 0.016364, 0.030926,  2,   626.35638,  28, 54671424.000000, 9.000000, 0.965311, 0.003766
DLPAAAAPAGPASFAR, Yes, 0.08852, 0.961771, 0.031557, 0.067204,  2,   741.88861,  46, 27387332.000000, 9.000000, 0.900978, 0.010079
TGALcWFLDEAAAR, Yes, 0.14636, 0.988631, 0.015722, 0.053638,  2,   790.87994,  30, 22393022.000000, 9.000000, 0.976754, 0.009670
IVAPISDSPKPPPQR, Yes, 0.11781, 0.973889, 0.024651, 0.074664,  3,   534.63849,  34, 31790094.000000, 9.000000, 0.936342, 0.013022
LVPFDHAESTYGLYR, Yes, 0.13116, 0.955714, 0.023599, 0.083997,  3,   589.96155,  26, 46891632.000000, 9.000000, 0.895535, 0.017052
LPIPDSQVLTINPALPVEDAAEDYAR, Yes, 0.00001, -2.000000, 0.188699, 0.100941,  3,   936.48688,  57, 8175276.500000, 9.000000, -0.372178, 0.030264


MeanRateConst/CorrCutOff, 0.115336, 0.900000


MedianRateConst/RMSSCutOff, 0.117814, 0.050000
StandDev/NumberPeptides, 0.024722, 5
TotalIonCurrent, 5.82338e+09
