Peptides, PeptideUnique, RateConstants, Correlations, RootMeanRSS, AbsoluteIsotopeError, Charge, m/z(Sequence), NEH, Aboundance, NDP, Rsquared,sigma
KVINDFVEK, No, 0.14118, 0.999317, 0.004734, 0.069439,  2,   546.30841,  11, 28708848.000000, 3.000000, 0.997158, 0.011266
LSISGDYNLK, Yes, 0.25287, 0.990751, 0.013280, 0.065231,  2,   555.29547,  14, 77689744.000000, 10.000000, 0.964682, 0.021375
MQHLEQTLNK, No, 0.24549, 0.964326, 0.025626, 0.065945,  2,   621.31897,  19, 427216704.000000, 10.000000, 0.922225, 0.031364
LDQDTVFALANYILFK, No, 0.53388, 0.997053, 0.007564, 0.030714,  2,   936.00110,  22, 31258244.000000, 5.000000, 0.989685, 0.042763
ELDQDTVFALANYILFK, Yes, 0.49264, 0.997118, 0.008065, 0.021987,  3,   667.35071,  26, 13769280.000000, 10.000000, 0.989845, 0.027800
IFNNGADLSGITEENAPLK, No, 0.49124, 0.994778, 0.014100, 0.027265,  2,  1002.00763,  37, 38932500.000000, 7.000000, 0.973349, 0.078268
IFNNGADLSGITEENAPLK, No, 0.27069, 0.980268, 0.020871, 0.050022,  3,   668.34082,  37, 15029475.000000, 7.000000, 0.923550, 0.044820
NHYQAEVFSVNFAESEEAK, No, 2.06045, 0.970235, 0.026865, 0.065467,  3,   733.67114,  46, 10760736.000000, 7.000000, 0.896638, 0.872781
NHYQAEVFSVNFAESEEAKK, No, 0.51263, 0.998448, 0.007870, 0.119066,  4,   582.52893,  46, 49623208.000000, 7.000000, 0.988456, 0.043843
NHYQAEVFSVNFAESEEAKK, No, 0.45369, 0.975964, 0.033470, 0.052682,  3,   776.36945,  46, 11392130.000000, 5.000000, 0.442069, 0.964544
DQSPASHEIATNLGDFAISLYR, No, 0.27090, 0.992924, 0.016276, 0.026181,  3,   802.39587,  48, 75984176.000000, 5.000000, 0.957321, 0.061258
NRPDSELQLSTGNGLFVNNDLK, No, 0.40256, 0.979697, 0.016362, 0.091047,  3,   811.07855,  38, 6434801.000000, 5.000000, 0.945552, 0.060820
SFQHLLQTLNRPDSELQLSTGNGLFVNNDLK, No, 0.05121, 0.999940, 0.026362, 0.102723,  4,   875.45483,  54, 27346412.000000, 4.000000, -0.003088, 0.032787


MeanRateConst/CorrCutOff, 0.392658, 0.900000


MedianRateConst/RMSSCutOff, 0.453691, 0.050000
StandDev/NumberPeptides, 0.119619, 10
TotalIonCurrent, 7.12341e+09
