Peptides, PeptideUnique, RateConstants, Correlations, RootMeanRSS, AbsoluteIsotopeError, Charge, m/z(Sequence), NEH, Aboundance, NDP, Rsquared,sigma
VPETNILGK, Yes, 0.15575, 0.962595, 0.026044, 0.080291,  2,   485.78201,  13, 62772420.000000, 12.000000, 0.882452, 0.018493
YAIGSLNEGR, Yes, 0.35390, 0.961197, 0.034964, 0.175748,  2,   540.27765,  22, 46364252.000000, 12.000000, 0.853728, 0.053530
GITcFLVDR, Yes, 0.03944, 0.052040, 0.067110, 0.080720,  2,   540.77899,  11, 44315636.000000, 12.000000, -1.473132, 0.015287
SGNYYVLNGSK, Yes, 0.03968, 0.911415, 0.027551, 0.085419,  2,   601.29602,  15, 18028634.000000, 12.000000, 0.683319, 0.006529
YYASEVAGLTTSK, Yes, 0.20214, 0.979828, 0.027352, 0.119776,  2,   695.34845,  22, 38959016.000000, 12.000000, 0.731059, 0.034076
cIEWMGGVGYTK, Yes, 0.21811, 0.959261, 0.021612, 0.071892,  2,   700.82050,  15, 28647246.000000, 12.000000, 0.765969, 0.044218
ASSTcQLTFENVK, Yes, 0.13008, 0.933233, 0.033598, 0.063748,  2,   742.85614,  23, 33445762.000000, 12.000000, 0.674294, 0.021773
IGTIYEGASNIQLNTIAK, Yes, 0.17692, 0.986479, 0.015746, 0.119658,  2,   953.51764,  32, 14797749.000000, 12.000000, 0.967654, 0.014177
LGSFcLSEAGAGSDSFAMK, Yes, 0.19775, 0.990020, 0.016352, 0.044121,  2,   967.93475,  39, 6798654.500000, 12.000000, 0.946889, 0.016689
IFDFQGLQHQVAQVATQLEATR, Yes, 0.00003, -0.052786, 0.066555, 0.047650,  3,   834.10297,  50, 38993860.000000, 12.000000, -0.616428, 0.006386


MeanRateConst/CorrCutOff, 0.190136, 0.900000


MedianRateConst/RMSSCutOff, 0.197755, 0.050000
StandDev/NumberPeptides, 0.024197, 5
TotalIonCurrent, 8.11292e+09
