Peptides, PeptideUnique, RateConstants, Correlations, RootMeanRSS, AbsoluteIsotopeError, Charge, m/z(Sequence), NEH, Aboundance, NDP, Rsquared,sigma
AVWMEDTK, Yes, 0.04460, 0.830046, 0.043655, 0.107083,  2,   490.23129,  12, 18256460.000000, 11.000000, 0.556958, 0.011924
YVTVQNTVR, Yes, 0.08641, 0.975196, 0.025964, 0.061842,  2,   540.29584,  11, 29743742.000000, 11.000000, 0.856234, 0.013584
VHSEVSSLDSR, Yes, 0.19720, 0.898547, 0.054665, 0.062103,  2,   608.30182,  24, 16879732.000000, 11.000000, 0.432954, 0.045279
VHSEVSSLDSR, Yes, 0.20680, 0.986156, 0.030723, 0.068868,  3,   405.87033,  24, 30116230.000000, 11.000000, 0.887562, 0.023934
DKYVTVQNTVR, Yes, 0.05427, 0.946763, 0.038807, 0.219026,  2,   661.85681,  14, 1959371.375000, 9.000000, 0.734190, 0.011047
MSPLSIVTVLVDK, Yes, 2.12367, 0.624996, 0.056134, 0.738581,  2,   701.40472,  15, 27439822.000000, 11.000000, -5.650162, 2.051743
TYGESMLYLDGQR, Yes, 0.83484, 0.902427, 0.037749, 0.113238,  2,   766.85614,  23, 30077550.000000, 11.000000, 0.711387, 0.263883
NIIHELFLTTLDPK, Yes, 0.08233, 0.985211, 0.016691, 0.061891,  3,   551.97852,  18, 24095090.000000, 10.000000, 0.927921, 0.008373
DSYIEVLLPLGTDPELR, Yes, 0.09652, 0.857379, 0.041926, 0.063904,  3,   644.01044,  29, 3402167.000000, 11.000000, -0.482864, 0.038166
DSYIEVLLPLGTDPELR, Yes, 0.10235, 0.987925, 0.012307, 0.040599,  2,   965.51202,  29, 8719041.000000, 11.000000, 0.652212, 0.019343
IAFSTSSLLK, Yes, 0.10017, 0.989488, 0.017512, 0.073844,  2,   533.81079,  15, 41006372.000000, 11.000000, 0.942671, 0.007274
EIVGVSTVWR, Yes, 0.06629, 0.959831, 0.020103, 0.025479,  2,   573.31934,  15, 46705648.000000, 11.000000, 0.915714, 0.005939


MeanRateConst/CorrCutOff, 0.087509, 0.900000


MedianRateConst/RMSSCutOff, 0.086407, 0.050000
StandDev/NumberPeptides, 0.014652, 5
TotalIonCurrent, 5.80652e+09
