Peptides, PeptideUnique, RateConstants, Correlations, RootMeanRSS, AbsoluteIsotopeError, Charge, m/z(Sequence), NEH, Aboundance, NDP, Rsquared,sigma
MMLVLPR, Yes, 0.07558, 0.941163, 0.031279, 0.086859,  2,   430.24823,  10, 28844098.000000, 12.000000, 0.822501, 0.012638
LLVSDTSR, Yes, 0.06011, 0.973007, 0.024591, 0.117974,  2,   445.75073,  12, 50431828.000000, 12.000000, 0.828110, 0.008119
NDDVINSSSYR, Yes, 0.10064, 0.983918, 0.018238, 0.039198,  2,   635.28894,  20, 29689704.000000, 12.000000, 0.958438, 0.006889
AANVLEGVcGLQPGDR, Yes, 0.04897, 0.901038, 0.052617, 0.190818,  2,   828.41211,  35, 4414180.500000, 11.000000, 0.687390, 0.009961
SGDSVAIYFTSGTTGAPK, Yes, 0.28271, 0.888154, 0.042804, 0.379509,  2,   879.93091,  29, 16131787.000000, 12.000000, -0.058405, 0.075683
MVEHSQSSYGLGFVASGR, Yes, 0.12808, 0.989272, 0.015078, 0.030181,  3,   637.97211,  38, 15243391.000000, 12.000000, 0.965604, 0.008365
SIVTSDALAPQVDAISADcPSLQTK, Yes, 0.02894, 0.788515, 0.028342, 0.162006,  3,   863.10217,  52, 7377516.000000, 12.000000, 0.350606, 0.006298
LLVQEDLTR, Yes, 0.08899, 0.988177, 0.015706, 0.089508,  2,   543.81128,  15, 44014148.000000, 12.000000, 0.964276, 0.006183


MeanRateConst/CorrCutOff, 0.081328, 0.900000


MedianRateConst/RMSSCutOff, 0.088987, 0.050000
StandDev/NumberPeptides, 0.017462, 4
TotalIonCurrent, 4.54013e+09
