Peptides, PeptideUnique, RateConstants, Correlations, RootMeanRSS, AbsoluteIsotopeError, Charge, m/z(Sequence), NEH, Aboundance, NDP, Rsquared,sigma
IDGASPLDK, Yes, 1.41966, 0.927313, 0.168126, 1.358047,  2,   458.24274,  17, 118667096.000000, 12.000000, -2.619560, 2.276313
HPESNFcSR, Yes, 0.10203, 0.986917, 0.017438, 0.025089,  2,   567.24329,  21, 65685632.000000, 12.000000, 0.968193, 0.006157
VIPLFSPQcGEcR, Yes, 0.16870, 0.982409, 0.016579, 0.014532,  3,   521.58667,  26, 14674323.000000, 12.000000, 0.934303, 0.016405
ELGATEcINPQDYSK, Yes, 0.18287, 0.987840, 0.022458, 0.081347,  2,   862.89343,  31, 28544064.000000, 12.000000, 0.963995, 0.016642
FPLDPLITHVLPFEK, Yes, 0.18799, 0.993311, 0.008952, 0.044108,  3,   589.33441,  21, 15618395.000000, 12.000000, 0.980623, 0.011648
VcLIGcGFSTGYGSAVK, Yes, 0.14607, 0.987754, 0.015475, 0.037443,  2,   888.42639,  24, 36745736.000000, 12.000000, 0.968074, 0.010480
KFPLDPLITHVLPFEK, Yes, 0.15078, 0.995726, 0.009025, 0.048880,  3,   632.03271,  21, 76658008.000000, 12.000000, 0.976713, 0.010149
KFPLDPLITHVLPFEK, Yes, 0.25086, 0.957334, 0.019465, 0.175803,  4,   474.27637,  21, 27119046.000000, 12.000000, 0.913492, 0.033319
QIHNFISTSTFSQYTVVDDIAVAK, Yes, 0.16470, 0.993118, 0.007933, 0.029538,  3,   895.45709,  39, 63250912.000000, 12.000000, 0.976782, 0.010420
LVADFMAK, Yes, 0.14430, 0.988674, 0.015841, 0.062860,  2,   447.74130,  13, 222659056.000000, 12.000000, 0.964737, 0.011576
INEAFDLLR, Yes, 0.18373, 0.992752, 0.012744, 0.047524,  2,   545.79822,  17, 283968224.000000, 12.000000, 0.979396, 0.011403
VIPLFSPQcGEcR, Yes, 0.13274, 0.976741, 0.020018, 0.041006,  2,   781.87634,  26, 80090248.000000, 12.000000, 0.926036, 0.012642


MeanRateConst/CorrCutOff, 0.156391, 0.900000


MedianRateConst/RMSSCutOff, 0.164705, 0.050000
StandDev/NumberPeptides, 0.026805, 10
TotalIonCurrent, 3.71548e+10
