Peptides, PeptideUnique, RateConstants, Correlations, RootMeanRSS, AbsoluteIsotopeError, Charge, m/z(Sequence), NEH, Aboundance, NDP, Rsquared,sigma
AATFFGcIGIDK, Yes, 0.24266, 0.993562, 0.010793, 0.037168,  2,   650.32373,  19, 43322552.000000, 7.000000, 0.983169, 0.014463
VAQWLIQEPHK, Yes, 0.12735, 0.805631, 0.089780, 0.020308,  3,   450.25058,  24, 101353448.000000, 7.000000, 0.023305, 0.072998
SLVANLAAANcYK, Yes, 0.09242, 0.927135, 0.065694, 0.148698,  2,   697.85846,  26, 44153416.000000, 7.000000, -0.004338, 0.040052
VEYHAGGSTQNSMK, Yes, 0.23037, 0.987812, 0.017700, 0.063149,  3,   503.56479,  28, 9722530.000000, 7.000000, 0.964857, 0.021311


MeanRateConst/CorrCutOff, 0.236517, 0.900000


MedianRateConst/RMSSCutOff, 0.242664, 0.050000
StandDev/NumberPeptides, 0.008692, 2
TotalIonCurrent, 2.14081e+09
