Peptides, PeptideUnique, RateConstants, Correlations, RootMeanRSS, AbsoluteIsotopeError, Charge, m/z(Sequence), NEH, Aboundance, NDP, Rsquared,sigma
SVSAVGQTFSR, Yes, 0.00367, 0.928957, 0.005921, 0.043816,  2,   569.79620,  22, 529154144.000000, 11.000000, 0.574755, 0.000620
NPIFDAIVFK, Yes, 0.41419, 0.975586, 0.018211, 0.100064,  2,   582.32660,  14, 13775978.000000, 11.000000, 0.852602, 0.081762
DEDLTAFLASR, Yes, 0.60540, 0.981800, 0.025007, 0.027275,  2,   619.30658,  23, 12684337.000000, 11.000000, 0.912306, 0.083364
VDILDIDTK, Yes, 0.28232, 0.908025, 0.030157, 0.111352,  2,   516.28461,  9, 12656879.000000, 11.000000, 0.657947, 0.083936
VALGPGPNPVHVR, Yes, 0.13333, 0.958086, 0.033295, 0.060445,  3,   438.25433,  26, 11527769.000000, 11.000000, 0.865576, 0.016258


MeanRateConst/CorrCutOff, 0.208378, 0.900000


MedianRateConst/RMSSCutOff, 0.282323, 0.050000
StandDev/NumberPeptides, 0.178292, 4
TotalIonCurrent, 9.87202e+09
