Peptides, PeptideUnique, RateConstants, Correlations, RootMeanRSS, AbsoluteIsotopeError, Charge, m/z(Sequence), NEH, Aboundance, NDP, Rsquared,sigma
ALLALAK, Yes, 0.08698, 0.927075, 0.058302, 0.142410,  2,   350.24179,  14, 5177132.500000, 9.000000, 0.776811, 0.021740
GVDEATIIDILTK, Yes, 0.17404, 0.989591, 0.017161, 0.078439,  2,   694.38757,  18, 7208744.000000, 10.000000, 0.964569, 0.016297
GTDVNVFTTILTSR, Yes, 0.08746, 0.972511, 0.020417, 0.210935,  2,   762.40686,  15, 20444260.000000, 10.000000, 0.774855, 0.018197
FLENQEQEYVQAVK, Yes, 0.13241, 0.994412, 0.012987, 0.123974,  2,   862.92810,  32, 11876692.000000, 10.000000, 0.980576, 0.008559
GLGTDEDTLIEILTTR, Yes, 0.12001, 0.965059, 0.022804, 0.167832,  2,   873.95966,  23, 4681739.500000, 10.000000, 0.929246, 0.014314
GGPGSAVSPYPSFNVSSDVAALHK, Yes, 0.00540, 0.939533, 0.107984, 0.378352,  3,   782.05713,  49, 803667520.000000, 10.000000, -0.479800, 0.011792


MeanRateConst/CorrCutOff, 0.128481, 0.900000


MedianRateConst/RMSSCutOff, 0.132413, 0.050000
StandDev/NumberPeptides, 0.035803, 4
TotalIonCurrent, 1.96209e+10
