Peptides, PeptideUnique, RateConstants, Correlations, RootMeanRSS, AbsoluteIsotopeError, Charge, m/z(Sequence), NEH, Aboundance, NDP, Rsquared,sigma
HPMDTEITK, Yes, 0.09006, 0.807379, 0.043430, 0.066463,  2,   536.26062,  14, 18071640.000000, 12.000000, 0.138313, 0.020782
YGGTFQNVSVK, Yes, 0.12824, 0.978360, 0.016223, 0.044418,  2,   600.30640,  15, 43728004.000000, 11.000000, 0.833198, 0.017368
ILVAGDTMDSVK, Yes, 0.09010, 0.992767, 0.014010, 0.107454,  2,   624.82886,  17, 150470192.000000, 12.000000, 0.970930, 0.005838
AKHPMDTEITK, Yes, 0.10910, 0.973107, 0.023407, 0.108004,  3,   424.22018,  18, 13937275.000000, 12.000000, 0.873617, 0.013860
LEPNLQAQMYR, Yes, 0.14267, 0.952384, 0.028172, 0.395148,  2,   681.84534,  26, 20174178.000000, 12.000000, 0.720280, 0.023722
TSPDLVPMGDWTSR, Yes, 0.13444, 0.926417, 0.042874, 0.146413,  2,   781.36938,  22, 18655556.000000, 12.000000, 0.773560, 0.029967
QLSNPQQEVQNIFK, Yes, 0.24584, 0.997076, 0.017985, 0.056976,  2,   836.93628,  31, 13733227.000000, 12.000000, 0.974176, 0.020715
NNGVLFENQLLQIGLK, Yes, 0.16019, 0.984243, 0.019000, 0.098755,  2,   900.50433,  26, 10630133.000000, 12.000000, 0.947398, 0.016526
FFQPTEMASQDFFQR, Yes, 0.19226, 0.988781, 0.015940, 0.086912,  2,   939.92761,  32, 9853589.000000, 12.000000, 0.965614, 0.016953
LSTVASTDILATVLEEMPPFPER, Yes, 0.09078, 0.948086, 0.019577, 0.087246,  3,   839.43658,  44, 4524865.500000, 12.000000, 0.855177, 0.011721
IAGDYVSEEVWYR, Yes, 0.23724, -2.000000, 0.000002, 0.617278,  2,   793.87793,  24, 9751352.000000, 1.000000, 0.000000, 0.016092


MeanRateConst/CorrCutOff, 0.122219, 0.900000


MedianRateConst/RMSSCutOff, 0.128244, 0.050000
StandDev/NumberPeptides, 0.026576, 7
TotalIonCurrent, 9.22535e+09
