Peptides, PeptideUnique, RateConstants, Correlations, RootMeanRSS, AbsoluteIsotopeError, Charge, m/z(Sequence), NEH, Aboundance, NDP, Rsquared,sigma
LSEELSGGR, Yes, 0.23136, 0.974060, 0.043301, 0.205576,  2,   474.24326,  21, 55967260.000000, 12.000000, 0.769416, 0.035288
QYTGVNAISK, Yes, 0.08252, 0.977666, 0.020690, 0.062101,  2,   540.78784,  17, 62904180.000000, 12.000000, 0.946291, 0.006629
EFSIDVGYER, Yes, 0.15248, 0.987000, 0.017143, 0.033652,  2,   607.78802,  20, 43522108.000000, 12.000000, 0.965138, 0.010789
NIVLSGGSTMFR, Yes, 0.16347, 0.855542, 0.048327, 0.072814,  2,   641.33466,  18, 78209904.000000, 12.000000, 0.377679, 0.050109
DITYFIQQLLR, Yes, 0.14535, 0.996723, 0.006742, 0.044128,  2,   705.39301,  17, 42127756.000000, 12.000000, 0.990293, 0.005855
HGIVEDWDLMER, Yes, 0.11028, 0.987164, 0.022031, 0.120403,  3,   500.56976,  23, 22247034.000000, 12.000000, 0.946729, 0.010915
HGIVEDWDLMER, Yes, 0.05535, 0.857525, 0.040297, 0.079567,  2,   750.35101,  23, 8820516.000000, 11.000000, 0.649106, 0.010332
LPAcVVDcGTGYTK, Yes, 0.17122, 0.959178, 0.021237, 0.050180,  2,   770.86035,  18, 31141792.000000, 12.000000, 0.874872, 0.023561
AEPEDHYFLLTEPPLNTPENR, Yes, 0.21600, 0.985424, 0.024310, 0.221356,  3,   828.06769,  45, 17189644.000000, 12.000000, 0.750644, 0.032772
TLTGTVIDSGDGVTHVIPVAEGYVIGScIK, Yes, 0.09108, 0.934023, 0.016946, 0.049512,  3,  1020.19702,  43, 7559200.000000, 12.000000, 0.733510, 0.015799
FMEQVIFK, Yes, 0.10853, 0.980104, 0.014484, 0.041389,  2,   521.27551,  11, 80769656.000000, 12.000000, 0.948182, 0.009516
DYEEIGPSIcR, Yes, 0.05634, 0.862705, 0.045939, 0.068714,  2,   669.80334,  24, 36232852.000000, 12.000000, 0.309333, 0.012237


MeanRateConst/CorrCutOff, 0.115040, 0.900000


MedianRateConst/RMSSCutOff, 0.110284, 0.050000
StandDev/NumberPeptides, 0.028345, 6
TotalIonCurrent, 1.40725e+10
