Peptides, PeptideUnique, RateConstants, Correlations, RootMeanRSS, AbsoluteIsotopeError, Charge, m/z(Sequence), NEH, Aboundance, NDP, Rsquared,sigma
LTLTFNR, Yes, 0.04544, 0.988666, 0.008198, 0.038831,  2,   432.75052,  7, 626597568.000000, 12.000000, 0.948904, 0.003051
NEVAALTAAGK, Yes, 0.07849, 0.994539, 0.012434, 0.017898,  2,   522.78784,  25, 398840288.000000, 12.000000, 0.986893, 0.002931
HLIIGVSSDR, Yes, 0.07585, 0.995901, 0.008330, 0.022572,  2,   548.80908,  18, 553500736.000000, 12.000000, 0.990529, 0.002371
GLcGAIHSSVAK, Yes, 0.06735, 0.951562, 0.030076, 0.030757,  2,   600.31372,  24, 146327440.000000, 12.000000, 0.857911, 0.007006
VYGTGSLALYEK, Yes, 0.07794, 0.996839, 0.009400, 0.043015,  2,   650.84277,  18, 687974848.000000, 12.000000, 0.982720, 0.003603
THSDQFLVSFK, Yes, 0.11177, 0.994348, 0.011951, 0.083740,  3,   436.89096,  16, 410409056.000000, 12.000000, 0.971134, 0.006236
THSDQFLVSFK, Yes, 0.08015, 0.989399, 0.012758, 0.031456,  2,   654.83276,  16, 280154976.000000, 12.000000, 0.969334, 0.004989
ELIEIISGAAALD, Yes, 0.11904, 0.975904, 0.028662, 0.059389,  2,   657.86121,  30, 241903696.000000, 12.000000, 0.921538, 0.010917
NASDMIDKLTLTFNR, Yes, 0.05321, 0.977509, 0.014148, 0.047239,  3,   580.29791,  22, 29818880.000000, 11.000000, 0.858776, 0.005925
TIATAETMSIYDDIDADVLQNYQEYNLANLIYYSLK, Yes, 0.05525, 0.959028, 0.015686, 0.025725,  4,  1044.50671,  61, 1156456.500000, 8.000000, 0.813045, 0.013205
EVMIVGVGEK, Yes, 0.06710, 0.965609, 0.021294, 0.040519,  2,   530.78900,  16, 350729248.000000, 12.000000, 0.909199, 0.005662


MeanRateConst/CorrCutOff, 0.066753, 0.900000


MedianRateConst/RMSSCutOff, 0.067352, 0.050000
StandDev/NumberPeptides, 0.012727, 9
TotalIonCurrent, 9.34066e+10
