Peptides, PeptideUnique, RateConstants, Correlations, RootMeanRSS, AbsoluteIsotopeError, Charge, m/z(Sequence), NEH, Aboundance, NDP, Rsquared,sigma
KLDQVEK, Yes, 0.07592, 0.985191, 0.015575, 0.041799,  2,   430.24780,  12, 18341020.000000, 12.000000, 0.964591, 0.004983
LMNLLAENGR, Yes, 0.05439, 0.867988, 0.042463, 0.087922,  2,   565.80292,  20, 70957264.000000, 12.000000, -0.162351, 0.021863
YATALYSAASK, Yes, 0.07472, 0.993597, 0.012200, 0.020961,  2,   573.29547,  23, 504115680.000000, 12.000000, 0.984267, 0.002886
SFLSPNQILK, Yes, 0.06293, 0.995868, 0.007808, 0.049624,  2,   573.82947,  16, 708891904.000000, 12.000000, 0.984533, 0.002458
VSLAVLNPYIK, Yes, 0.07261, 0.970648, 0.017160, 0.029201,  2,   608.86859,  15, 432573824.000000, 12.000000, 0.932202, 0.005793
TDPSIMGGMIVR, Yes, 0.03856, 0.977115, 0.028290, 0.109542,  2,   638.82306,  19, 423973344.000000, 12.000000, 0.859976, 0.005030
LVRPPVQVYGIEGR, Yes, 0.06769, 0.991977, 0.010482, 0.033434,  3,   528.30701,  27, 635193024.000000, 12.000000, 0.979960, 0.002977
FSPLTANLMNLLAENGR, Yes, 0.06269, 0.996904, 0.006509, 0.025427,  3,   620.99274,  32, 113210328.000000, 12.000000, 0.988492, 0.002117
FSPLTANLMNLLAENGR, Yes, 0.06341, 0.990173, 0.011118, 0.042980,  2,   930.98541,  32, 82032136.000000, 12.000000, 0.972983, 0.003300
LGNTQGIISAFSTIMSVHR, Yes, 0.06414, 0.995064, 0.007727, 0.050956,  3,   678.02631,  34, 222210384.000000, 12.000000, 0.983345, 0.002644
LGNTQGIISAFSTImSVHR, Yes, 0.03136, 0.955275, 0.014585, 0.066328,  3,   683.35797,  34, 32033070.000000, 12.000000, 0.908263, 0.002434
EKFSPLTANLMNLLAENGR, Yes, 0.04111, 0.933871, 0.024149, 0.071262,  3,   706.70526,  36, 23481830.000000, 12.000000, 0.772756, 0.006232
GEVPcTVTTASPLDDAVLSELK, Yes, 0.07888, 0.992622, 0.008215, 0.050491,  3,   768.05426,  38, 46294832.000000, 12.000000, 0.984604, 0.003187
GEVPcTVTTASPLDDAVLSELK, Yes, 0.07335, 0.995212, 0.008367, 0.031859,  2,  1151.57776,  38, 39767468.000000, 12.000000, 0.988896, 0.002581


MeanRateConst/CorrCutOff, 0.064668, 0.900000


MedianRateConst/RMSSCutOff, 0.064144, 0.050000
StandDev/NumberPeptides, 0.012871, 12
TotalIonCurrent, 1.0809e+11
