Peptides, PeptideUnique, RateConstants, Correlations, RootMeanRSS, AbsoluteIsotopeError, Charge, m/z(Sequence), NEH, Aboundance, NDP, Rsquared,sigma
AAATLMTER, Yes, 10.82510, -0.395508, 0.165169, 1.471328,  2,   482.25003,  21, 35821956.000000, 12.000000, -4.673685, 22267.160156
ITASMAHNR, Yes, 0.04351, 0.903464, 0.040002, 0.114631,  2,   500.75327,  21, 10818102.000000, 12.000000, 0.689072, 0.006816
ASGPGAAAQIQEVK, Yes, 0.06332, 0.991453, 0.015695, 0.021904,  2,   663.85425,  39, 115116736.000000, 12.000000, 0.978648, 0.002674
NQELQWVEAAHWIGLEENLR, Yes, 0.09229, 0.661304, 0.061993, 0.165691,  3,   812.40826,  47, 27162038.000000, 12.000000, -0.559105, 0.049524
ELELQcLDGDDAK, Yes, 0.00303, 0.535932, 0.080283, 0.422215,  2,   753.34302,  27, 4171999.250000, 11.000000, 0.049943, 0.005552
IFQDYPLQQTYAPVVMK, Yes, 0.00861, 0.623784, 0.040319, 0.399418,  2,  1021.02679,  28, 2347917.000000, 11.000000, -0.023320, 0.005073
LLVLLGPEAPHVDYTQLGR, Yes, 0.02285, 0.849213, 0.053933, 0.083766,  3,   697.72473,  34, 6011513.500000, 12.000000, 0.038520, 0.009562
IPPDSETTLVLVGR, Yes, 0.00387, 0.819905, 0.045136, 0.106159,  2,   748.91956,  22, 17292862.000000, 12.000000, 0.030212, 0.003771


MeanRateConst/CorrCutOff, 0.029826, 0.900000


MedianRateConst/RMSSCutOff, 0.043508, 0.050000
StandDev/NumberPeptides, 0.028480, 4
TotalIonCurrent, 9.2746e+09
