Peptides, PeptideUnique, RateConstants, Correlations, RootMeanRSS, AbsoluteIsotopeError, Charge, m/z(Sequence), NEH, Aboundance, NDP, Rsquared,sigma
AAVIGLTK, Yes, 0.10453, 0.615530, 0.066848, 0.045717,  2,   386.75000,  12, 186211392.000000, 12.000000, -0.269173, 0.033214
VIATDINESK, Yes, 0.13203, 0.855691, 0.052496, 0.058851,  2,   545.29297,  17, 283152704.000000, 12.000000, 0.452913, 0.036444
VIVLTAAAQGIGR, Yes, 0.10524, 0.939664, 0.054193, 0.065896,  3,   423.59436,  27, 14926779.000000, 12.000000, -0.245341, 0.049642
VIVLTAAAQGIGR, Yes, 0.16012, 0.996698, 0.010420, 0.050232,  2,   634.88788,  27, 121187752.000000, 12.000000, 0.989121, 0.006760
SVAADFIQQGIR, Yes, 0.15232, 0.967982, 0.031727, 0.071702,  2,   652.85150,  28, 134292752.000000, 12.000000, 0.828483, 0.025413
IDVLFNVAGFVH, Yes, 0.10180, 0.895902, 0.031673, 0.050712,  2,   665.86133,  16, 4453663.500000, 12.000000, 0.547679, 0.018972
DWDFSMNLNVR, Yes, 0.17308, 0.986951, 0.016390, 0.075238,  2,   698.81934,  16, 13964175.000000, 12.000000, 0.960277, 0.016233
ASALAFAR, Yes, 0.05460, 0.850450, 0.061939, 0.076445,  2,   403.72958,  22, 143712624.000000, 12.000000, 0.434943, 0.009847


MeanRateConst/CorrCutOff, 0.161839, 0.900000


MedianRateConst/RMSSCutOff, 0.160118, 0.050000
StandDev/NumberPeptides, 0.010485, 3
TotalIonCurrent, 1.95132e+10
