Peptides, PeptideUnique, RateConstants, Correlations, RootMeanRSS, AbsoluteIsotopeError, Charge, m/z(Sequence), NEH, Aboundance, NDP, Rsquared,sigma
IGPITPLQFYK, Yes, 0.12156, 0.952541, 0.025915, 0.091158,  2,   638.86865,  15, 34517936.000000, 11.000000, 0.814525, 0.020618
VENSWGEDHGHK, Yes, 0.19548, 0.995619, 0.019539, 0.081179,  2,   697.80780,  25, 2276929.750000, 11.000000, 0.855558, 0.031605
LYTVDYLSNMVGGR, Yes, 0.13494, 0.973262, 0.021877, 0.067421,  3,   529.93268,  18, 7027001.500000, 11.000000, 0.925213, 0.016605
LYTVDYLSNMVGGR, Yes, 0.30106, 0.745620, 0.044101, 0.796450,  2,   794.39539,  18, 17076354.000000, 11.000000, -0.169154, 0.134193
DGEAVWFGcDVGK, Yes, 0.02528, 0.885271, 0.028306, 0.103969,  2,   720.31665,  21, 34011708.000000, 11.000000, 0.673882, 0.004110


MeanRateConst/CorrCutOff, 0.150658, 0.900000


MedianRateConst/RMSSCutOff, 0.134936, 0.050000
StandDev/NumberPeptides, 0.039387, 3
TotalIonCurrent, 2.8426e+09
