Peptides, PeptideUnique, RateConstants, Correlations, RootMeanRSS, AbsoluteIsotopeError, Charge, m/z(Sequence), NEH, Aboundance, NDP, Rsquared,sigma
VLVWDLR, Yes, 0.18838, 0.980575, 0.020432, 0.091517,  2,   450.76871,  7, 14655931.000000, 7.000000, 0.898884, 0.036377
VYTLSVSGDR, Yes, 0.27703, 0.956685, 0.028522, 0.056714,  2,   548.78528,  14, 8517823.000000, 7.000000, 0.864259, 0.050611
TPcNAGTFSQPEK, Yes, 0.23293, 0.981987, 0.022054, 0.085806,  2,   718.82739,  26, 4949495.500000, 7.000000, 0.928409, 0.026118
FSPNTSQFLLVSSWDTSVR, Yes, 0.21019, 0.983511, 0.032898, 0.214233,  2,  1086.04199,  30, 2548644.500000, 6.000000, 0.567637, 0.079248


MeanRateConst/CorrCutOff, 0.227131, 0.900000


MedianRateConst/RMSSCutOff, 0.232925, 0.050000
StandDev/NumberPeptides, 0.037914, 4
TotalIonCurrent, 4.26407e+08
