Peptides, PeptideUnique, RateConstants, Correlations, RootMeanRSS, AbsoluteIsotopeError, Charge, m/z(Sequence), NEH, Aboundance, NDP, Rsquared,sigma
FVLSSGK, Yes, 0.11348, 0.930841, 0.024166, 0.053906,  2,   369.21326,  9, 288405248.000000, 11.000000, 0.749362, 0.018435
FYALSAK, Yes, 0.15823, 0.976728, 0.020483, 0.066069,  2,   400.22107,  12, 267274816.000000, 11.000000, 0.934560, 0.016273
GQTLVVQFTVK, Yes, 0.23248, 0.994680, 0.012366, 0.077170,  2,   610.35590,  13, 171751840.000000, 11.000000, 0.971200, 0.019697
AVLGLDLWQVK, Yes, 0.25486, 0.980112, 0.023602, 0.070106,  2,   621.36627,  15, 18839180.000000, 11.000000, 0.931708, 0.036369
EQFLDGDAWTNR, Yes, 0.27973, 0.997427, 0.007409, 0.022934,  2,   726.33112,  24, 185102400.000000, 11.000000, 0.992472, 0.011506
HEQNIDcGGGYVK, Yes, 0.29183, 0.997462, 0.007444, 0.039027,  3,   492.88937,  24, 106587600.000000, 11.000000, 0.994684, 0.009966
IKDPDAAKPEDWDER, Yes, 0.30921, 0.994082, 0.017991, 0.067585,  3,   595.61981,  34, 18238090.000000, 11.000000, 0.864305, 0.051289
IKDPDAAKPEDWDER, Yes, 0.15301, 0.968710, 0.024093, 0.194107,  2,   892.92609,  34, 6820136.000000, 11.000000, 0.927296, 0.015409
IDNSQVESGSLEDDWDFLPPKK, Yes, 0.20372, 0.952831, 0.023065, 0.083585,  3,   840.40271,  40, 30704540.000000, 10.000000, 0.830023, 0.031525
DMHGDSEYNIMFGPDIcGPGTK, Yes, 0.13362, 0.793371, 0.041629, 0.401360,  2,  1221.01392,  37, 1442021.375000, 8.000000, 0.488402, 0.041775


MeanRateConst/CorrCutOff, 0.235385, 0.900000


MedianRateConst/RMSSCutOff, 0.232480, 0.050000
StandDev/NumberPeptides, 0.059440, 8
TotalIonCurrent, 3.02745e+10
