Peptides, PeptideUnique, RateConstants, Correlations, RootMeanRSS, AbsoluteIsotopeError, Charge, m/z(Sequence), NEH, Aboundance, NDP, Rsquared,sigma
FTVTPST, Yes, 8.47609, 0.520168, 0.226001, 0.382942,  2,   376.69489,  6, 26381836.000000, 10.000000, -1.263047, 6378.199219
TSVETALR, Yes, 0.14577, 0.972938, 0.026169, 0.140938,  2,   438.74289,  15, 32590084.000000, 10.000000, 0.910277, 0.015663
DIQDSLTVSNEVQTAK, Yes, 0.17941, 0.970957, 0.024766, 0.082284,  2,   874.43909,  30, 8385738.500000, 10.000000, 0.940087, 0.020081
FIIHAPPGEFNEVFNDVR, Yes, 0.15571, 0.993764, 0.009184, 0.052667,  3,   701.02155,  35, 35586912.000000, 10.000000, 0.981773, 0.008938
IVEAAENEYQTAISENYQTMSDTTFK, Yes, 0.11413, 0.966463, 0.013375, 0.108752,  3,   995.12195,  52, 4719404.500000, 9.000000, 0.921292, 0.012423
LLLNNDNLLR, Yes, 0.13110, 0.989916, 0.011042, 0.156106,  2,   599.35114,  13, 97549048.000000, 4.000000, 0.922189, 0.013927


MeanRateConst/CorrCutOff, 0.136680, 0.900000


MedianRateConst/RMSSCutOff, 0.145773, 0.050000
StandDev/NumberPeptides, 0.018116, 4
TotalIonCurrent, 4.36393e+09
