Peptides, PeptideUnique, RateConstants, Correlations, RootMeanRSS, AbsoluteIsotopeError, Charge, m/z(Sequence), NEH, Aboundance, NDP, Rsquared,sigma
FPVGAALLTGDGR, Yes, 0.23908, 0.996714, 0.014524, 0.031276,  2,   637.34857,  24, 165274896.000000, 8.000000, 0.983611, 0.015484
TVQELLPASFGPEDLQK, Yes, 0.27818, 0.958965, 0.030593, 0.159952,  3,   624.66315,  34, 36229752.000000, 8.000000, 0.808396, 0.045172
TVQELLPASFGPEDLQK, Yes, 0.18909, 0.936019, 0.034942, 0.150655,  2,   936.49109,  34, 48231232.000000, 8.000000, -0.989037, 0.066602
AIAISSDLQEEFISPcGAcR, Yes, 0.19466, 0.997427, 0.006628, 0.140517,  3,   742.01727,  48, 19070328.000000, 8.000000, 0.979854, 0.011644
AIAISSDLQEEFISPcGAcR, Yes, 0.16686, 0.989858, 0.012106, 0.132298,  2,  1112.52222,  48, 9483226.000000, 8.000000, 0.969869, 0.012019
IFSGcNIENAcYPLGVcAER, Yes, 0.14197, 0.969914, 0.023354, 0.062989,  2,  1165.52173,  41, 7553922.500000, 8.000000, 0.905006, 0.019186
IFSGcNIENAcYPLGVcAER, Yes, 0.14261, 0.984204, 0.016009, 0.062745,  3,   777.35028,  41, 21283528.000000, 8.000000, 0.906433, 0.017882
PScAVEPEHVQR, Yes, 0.20912, 0.990615, 0.015802, 0.019648,  3,   470.22610,  32, 11139071.000000, 8.000000, 0.975371, 0.013573


MeanRateConst/CorrCutOff, 0.183343, 0.900000


MedianRateConst/RMSSCutOff, 0.189093, 0.050000
StandDev/NumberPeptides, 0.035531, 7
TotalIonCurrent, 8.08106e+09
