Peptides, PeptideUnique, RateConstants, Correlations, RootMeanRSS, AbsoluteIsotopeError, Charge, m/z(Sequence), NEH, Aboundance, NDP, Rsquared,sigma
AWDADQTAANNR, Yes, 0.16225, 0.969426, 0.044066, 0.125377,  2,   666.79999,  31, 2089039.375000, 8.000000, 0.913169, 0.030694
VIAQDVDTAALLR, Yes, 0.18203, 0.986767, 0.019386, 0.127495,  2,   692.89337,  26, 4093622.000000, 8.000000, 0.964687, 0.017802
LASPLDFETVPFFK, Yes, 0.21632, 0.981397, 0.015794, 0.042521,  2,   805.92688,  21, 3901389.000000, 8.000000, 0.956694, 0.023309
ITISTSDGLNIR, Yes, 0.15968, 0.963005, 0.065980, 0.099836,  2,   645.35663,  18, 7216999.500000, 8.000000, 0.816832, 0.058768


MeanRateConst/CorrCutOff, 0.186867, 0.900000


MedianRateConst/RMSSCutOff, 0.182034, 0.050000
StandDev/NumberPeptides, 0.027354, 3
TotalIonCurrent, 4.41083e+08
