Peptides, PeptideUnique, RateConstants, Correlations, RootMeanRSS, AbsoluteIsotopeError, Charge, m/z(Sequence), NEH, Aboundance, NDP, Rsquared,sigma
AMVNLQIQK, Yes, 0.12013, 0.988898, 0.016553, 0.063599,  2,   522.79712,  17, 501448384.000000, 10.000000, 0.970497, 0.009309
AmVNLQIQK, Yes, 0.07262, 0.947273, 0.027019, 0.107734,  2,   530.79462,  17, 40137680.000000, 10.000000, 0.832014, 0.010030
VVHAFDMEDLGDK, Yes, 0.13324, 0.995961, 0.009448, 0.010658,  3,   492.56601,  22, 184836368.000000, 10.000000, 0.988887, 0.006479
VVHAFDMEDLGDK, Yes, 0.02967, 0.432409, 0.062575, 0.254907,  2,   738.34540,  22, 57723400.000000, 10.000000, -0.194821, 0.011501
HNEETGDNVGPLIIK, Yes, 0.07858, 0.981804, 0.016626, 0.057723,  2,   818.42047,  27, 61173996.000000, 10.000000, 0.958319, 0.005845
HNEETGDNVGPLIIK, Yes, 0.08811, 0.993154, 0.011099, 0.045438,  3,   545.94940,  27, 196598992.000000, 10.000000, 0.981524, 0.004657


MeanRateConst/CorrCutOff, 0.098535, 0.900000


MedianRateConst/RMSSCutOff, 0.088106, 0.050000
StandDev/NumberPeptides, 0.026689, 5
TotalIonCurrent, 1.9891e+10
