Peptides, PeptideUnique, RateConstants, Correlations, RootMeanRSS, AbsoluteIsotopeError, Charge, m/z(Sequence), NEH, Aboundance, NDP, Rsquared,sigma
EPFTFPVR, Yes, 0.13991, 0.991172, 0.012962, 0.015651,  2,   496.76364,  13, 270832800.000000, 12.000000, 0.963218, 0.009706
KVYDLNEIAK, Yes, 0.00001, -2.000000, 0.190935, 0.358876,  3,   398.22391,  15, 130956512.000000, 12.000000, -1.797516, 0.015238
TGELNFVScMR, Yes, 0.17119, 0.991075, 0.013274, 0.033400,  2,   657.30249,  18, 269604864.000000, 12.000000, 0.971452, 0.010969
APLVcLPVFVSK, Yes, 0.14061, 0.986905, 0.014169, 0.027077,  2,   665.38361,  17, 424764128.000000, 12.000000, 0.972237, 0.009051
HMPSLEELAEVLQK, Yes, 0.09011, 0.941673, 0.036950, 0.126644,  3,   541.95184,  31, 5915129.500000, 12.000000, 0.811085, 0.014075
IAEVGGVPYLLPLVNK, Yes, 0.21154, 0.995564, 0.008431, 0.041582,  3,   561.33441,  24, 38723268.000000, 12.000000, 0.986158, 0.011237
IAEVGGVPYLLPLVNK, Yes, 0.19118, 0.996795, 0.007434, 0.032839,  2,   841.49799,  24, 155032016.000000, 12.000000, 0.986540, 0.009306
GLTDNFADVQVSVVDcPDLTK, Yes, 0.24366, 0.983805, 0.011877, 0.054031,  2,  1147.05444,  30, 11425287.000000, 12.000000, 0.964390, 0.020010
GLTDNFADVQVSVVDcPDLTK, Yes, 0.20884, 0.957787, 0.021396, 0.019810,  3,   765.03876,  30, 19991578.000000, 12.000000, 0.508993, 0.055810
YHDFGcALLANLFASEGQPGK, Yes, 0.20429, 0.997135, 0.006033, 0.016102,  3,   765.70026,  42, 73509264.000000, 12.000000, 0.857629, 0.030910
QTLEEHYGDKPVGMGGTFIVQK, Yes, 0.26729, 0.997040, 0.005034, 0.041275,  4,   609.30725,  37, 113237112.000000, 12.000000, 0.992455, 0.010864
QTLEEHYGDKPVGMGGTFIVQK, Yes, 0.22183, 0.966457, 0.017406, 0.074720,  3,   812.07391,  37, 13319381.000000, 12.000000, 0.920037, 0.027461
VYDLNEIAK, Yes, 0.31327, 0.989414, 0.015076, 0.044225,  2,   532.78473,  14, 275269952.000000, 12.000000, 0.973587, 0.026062
NPADGAcLLEK, Yes, 0.20691, 0.996245, 0.011432, 0.012565,  2,   594.28986,  23, 188659152.000000, 12.000000, 0.536265, 0.064675
KVYDLNEIAK, Yes, 0.20978, 0.996221, 0.016392, 0.067153,  2,   596.83221,  15, 52223916.000000, 12.000000, 0.970615, 0.018308


MeanRateConst/CorrCutOff, 0.192856, 0.900000


MedianRateConst/RMSSCutOff, 0.206912, 0.050000
StandDev/NumberPeptides, 0.047208, 13
TotalIonCurrent, 6.33698e+10
