Peptides, PeptideUnique, RateConstants, Correlations, RootMeanRSS, AbsoluteIsotopeError, Charge, m/z(Sequence), NEH, Aboundance, NDP, Rsquared,sigma
IDSDISGTLK, Yes, 6.70324, 0.268394, 0.088212, 0.788573,  2,   524.77966,  14, 45845120.000000, 10.000000, -1.155269, 301.782837
NGESSELDLQGIR, Yes, 10.30887, -0.481448, 0.171931, 0.912489,  2,   709.34949,  30, 10130452.000000, 10.000000, -2.819047, 14089.689453
INPDGSQSVVEVPYAR, Yes, 0.22869, 0.988910, 0.017559, 0.115745,  2,   865.93903,  34, 16360048.000000, 10.000000, 0.966312, 0.021593
ALVDELEWEIAR, Yes, 0.43673, 0.980871, 0.038116, 0.257337,  2,   722.37750,  28, 24461676.000000, 10.000000, 0.714206, 0.088625


MeanRateConst/CorrCutOff, 0.332712, 0.900000


MedianRateConst/RMSSCutOff, 0.436729, 0.050000
StandDev/NumberPeptides, 0.147102, 2
TotalIonCurrent, 9.06737e+09
