Peptides, PeptideUnique, RateConstants, Correlations, RootMeanRSS, AbsoluteIsotopeError, Charge, m/z(Sequence), NEH, Aboundance, NDP, Rsquared,sigma
AVLFcLSEDKK, Yes, 1.00297, 0.923582, 0.064418, 0.763615,  3,   437.23221,  17, 125226032.000000, 10.000000, -0.741037, 0.782125
YALYDATYETK, No, 0.32462, 0.994084, 0.010994, 0.020510,  2,   669.31659,  16, 301563104.000000, 10.000000, 0.985694, 0.020040
LGGSAVISLEGKPL, Yes, 0.18105, 0.993856, 0.013269, 0.051049,  2,   670.89282,  25, 183292032.000000, 10.000000, 0.980073, 0.011093
HELQANcYEEVKDR, Yes, 0.20464, 0.995527, 0.009494, 0.075068,  3,   597.60907,  33, 35739152.000000, 10.000000, 0.989129, 0.009081
HELQANcYEEVKDR, Yes, 0.22438, 0.985106, 0.020431, 0.185504,  4,   448.45862,  33, 34206796.000000, 10.000000, 0.965353, 0.019756
HELQANcYEEVKDR, Yes, 0.15706, 0.956734, 0.030102, 0.224022,  2,   895.90991,  33, 6081753.500000, 10.000000, 0.909731, 0.020316
KEDLVFIFWAPENAPLK, Yes, 0.29369, 0.988811, 0.013148, 0.098826,  3,   673.03131,  29, 76356080.000000, 10.000000, 0.958559, 0.025462
KEDLVFIFWAPENAPLK, Yes, 0.09357, 0.859248, 0.036331, 0.166881,  2,  1009.04327,  29, 4170696.750000, 10.000000, 0.501749, 0.044046
NIILEEGKEILVGDVGQTVDDPYTTFVK, Yes, 0.20734, 0.993911, 0.005876, 0.059470,  3,  1031.53943,  40, 16249509.000000, 10.000000, 0.980184, 0.013045
MLPDKDcR, Yes, 0.11557, 0.975701, 0.020245, 0.077153,  2,   517.74152,  13, 31675802.000000, 10.000000, 0.951928, 0.010577
EILVGDVGQTVDDPYTTFVK, Yes, 0.11526, 0.972580, 0.015843, 0.081644,  2,  1098.55713,  26, 11459846.000000, 9.000000, 0.659914, 0.023424
cYEEVKDR, Yes, 0.15324, 0.965362, 0.029287, 0.030917,  3,   366.83432,  16, 6905285.500000, 10.000000, 0.858957, 0.023626


MeanRateConst/CorrCutOff, 0.169818, 0.900000


MedianRateConst/RMSSCutOff, 0.181045, 0.050000
StandDev/NumberPeptides, 0.041545, 8
TotalIonCurrent, 2.84549e+10
