Peptides, PeptideUnique, RateConstants, Correlations, RootMeanRSS, AbsoluteIsotopeError, Charge, m/z(Sequence), NEH, Aboundance, NDP, Rsquared,sigma
AVLFcLSDDKR, Yes, 0.09265, 0.913867, 0.038766, 0.083843,  3,   441.89569,  18, 31413092.000000, 10.000000, 0.675102, 0.021938
HEWQVNGLDDIKDR, Yes, 0.26048, 0.958226, 0.037483, 0.341529,  3,   575.61652,  26, 23581250.000000, 10.000000, 0.190951, 0.069803
QILVGDIGDTVEDPYTSFVK, Yes, 0.19582, 0.975323, 0.017253, 0.048909,  2,  1098.55713,  28, 7082672.000000, 10.000000, 0.937013, 0.023987
QILVGDIGDTVEDPYTSFVK, Yes, 0.23962, 0.422417, 0.079706, 0.162393,  3,   732.70721,  28, 4716906.000000, 9.000000, -0.631448, 0.172767


MeanRateConst/CorrCutOff, 0.182982, 0.900000


MedianRateConst/RMSSCutOff, 0.195821, 0.050000
StandDev/NumberPeptides, 0.084647, 3
TotalIonCurrent, 1.9155e+09
