Peptides, PeptideUnique, RateConstants, Correlations, RootMeanRSS, AbsoluteIsotopeError, Charge, m/z(Sequence), NEH, Aboundance, NDP, Rsquared,sigma
AVGLSGTFR, Yes, 0.07371, 0.957352, 0.025496, 0.057655,  2,   454.25345,  15, 62030928.000000, 12.000000, 0.869526, 0.008183
LQDLYSIVR, Yes, 0.08052, 0.967721, 0.022065, 0.046683,  2,   553.81384,  15, 61716548.000000, 12.000000, 0.896634, 0.007354
GADFQcFQQAR, Yes, 0.11088, 0.971798, 0.032522, 0.018438,  2,   664.29602,  29, 27616810.000000, 12.000000, 0.838011, 0.012735
IWATYQTMLDK, Yes, 0.04548, 0.960897, 0.015524, 0.104238,  2,   685.34467,  14, 45325876.000000, 12.000000, 0.905408, 0.004134
LMESYcETWR, Yes, 0.10384, 0.967646, 0.018801, 0.070527,  2,   687.79449,  17, 24340046.000000, 12.000000, 0.926209, 0.009726
LmESYcETWR, Yes, 0.03334, 0.302142, 0.078097, 0.400574,  2,   695.79193,  17, 2298975.000000, 11.000000, -0.222796, 0.013807
TETTGATGQASSLLSGR, Yes, 0.03203, 0.871829, 0.072230, 0.108039,  2,   818.91046,  35, 45311388.000000, 12.000000, 0.624954, 0.008339
DEVLSPSWDSLFSGSQGQLQPGAR, Yes, 0.24926, 0.945274, 0.030740, 0.050206,  3,   854.41376,  54, 8965116.000000, 12.000000, 0.587725, 0.055998
EVPEGWLIFVAER, Yes, 0.00878, -0.209471, 0.103297, 0.131864,  2,   772.90900,  27, 6321217.500000, 6.000000, -0.686290, 0.016153
ADFQcFQQAR, Yes, 0.08221, 1.000000, 0.026763, 0.506893,  2,   635.78528,  27, 5642439.500000, 2.000000, -11.237297, 0.014260


MeanRateConst/CorrCutOff, 0.090233, 0.900000


MedianRateConst/RMSSCutOff, 0.082212, 0.050000
StandDev/NumberPeptides, 0.016151, 5
TotalIonCurrent, 7.84572e+09
