Peptides, PeptideUnique, RateConstants, Correlations, RootMeanRSS, AbsoluteIsotopeError, Charge, m/z(Sequence), NEH, Aboundance, NDP, Rsquared,sigma
VFNYNTLER, Yes, 10.84268, 0.500362, 0.165662, 0.441331,  2,   578.29327,  13, 23624094.000000, 11.000000, -1.319634, 34712.960938
EAFVVEEWVK, Yes, 0.51292, 0.978051, 0.021058, 0.134200,  2,   618.31897,  18, 14685951.000000, 11.000000, 0.827053, 0.107289
FELALQLGELK, Yes, 0.07434, 0.616925, 0.075362, 0.077591,  2,   630.86353,  21, 5281279.000000, 11.000000, -0.291450, 0.025481
DNNQFASASLDR, Yes, 0.52432, 0.960951, 0.040295, 0.119969,  2,   669.30762,  29, 15200528.000000, 11.000000, 0.768025, 0.097799
QQALTVSTDPEHR, Yes, 0.26890, 0.995838, 0.010454, 0.035191,  3,   494.58295,  30, 5957883.000000, 11.000000, 0.990205, 0.012623
NNVAFMSYFLQGK, Yes, 0.03677, 0.526934, 0.070934, 0.089442,  2,   759.87408,  20, 4200523.500000, 10.000000, 0.109026, 0.017280
GSNNVALGYDEGSIIVK, Yes, 0.15297, 0.956961, 0.036355, 0.237093,  2,   868.44666,  29, 8419419.000000, 11.000000, 0.872759, 0.026225
VWQLGSSSPNFTLEGHEK, Yes, 0.28529, 0.966538, 0.023691, 0.131300,  3,   672.66559,  34, 10326114.000000, 11.000000, 0.807538, 0.052014
SFKPDFGAESIYGGFLLGVR, Yes, 0.15380, 0.976364, 0.017267, 0.072664,  3,   720.70898,  34, 12307396.000000, 11.000000, 0.941004, 0.016317
GVNcIDYYSGGDKPYLISGADDR, Yes, 0.17460, 0.937670, 0.022756, 0.082326,  3,   845.72009,  39, 3851529.500000, 10.000000, 0.719603, 0.030557


MeanRateConst/CorrCutOff, 0.296113, 0.900000


MedianRateConst/RMSSCutOff, 0.268903, 0.050000
StandDev/NumberPeptides, 0.160958, 7
TotalIonCurrent, 5.28491e+09
