Peptides, PeptideUnique, RateConstants, Correlations, RootMeanRSS, AbsoluteIsotopeError, Charge, m/z(Sequence), NEH, Aboundance, NDP, Rsquared,sigma
MIGAPDMAFPR, Yes, 0.07091, 0.990207, 0.012264, 0.032479,  2,   603.29388,  24, 357022688.000000, 7.000000, 0.978334, 0.005294
AYFTSATMIIAIPTGVK, Yes, 0.05718, 0.977646, 0.023123, 0.064094,  2,   892.48676,  25, 34660020.000000, 7.000000, 0.884361, 0.012068
SVSYASTNLEWLHGcPPPYHTFEEPTYVK, Yes, 0.07404, 0.988033, 0.006590, 0.049059,  4,   853.15131,  50, 53219724.000000, 7.000000, 0.974289, 0.006507
EVMSVSYASTNLEWLHGcPPPYHTFEEPTYVK, Yes, 0.06750, 0.988868, 0.006190, 0.010559,  4,   942.93921,  56, 77993856.000000, 7.000000, 0.974414, 0.005972
LGLSGMPR, Yes, 0.15464, 0.727223, 0.104300, 0.090566,  2,   415.73126,  15, 19872042.000000, 7.000000, -0.213839, 0.134914


MeanRateConst/CorrCutOff, 0.067408, 0.900000


MedianRateConst/RMSSCutOff, 0.070911, 0.050000
StandDev/NumberPeptides, 0.007326, 4
TotalIonCurrent, 1.57541e+10
