Peptides, PeptideUnique, RateConstants, Correlations, RootMeanRSS, AbsoluteIsotopeError, Charge, m/z(Sequence), NEH, Aboundance, NDP, Rsquared,sigma
LNQATVTSNR, Yes, 0.07881, 0.991612, 0.012834, 0.038276,  2,   552.29382,  19, 46918780.000000, 12.000000, 0.980536, 0.003589
VVLPMELPIR, Yes, 0.04233, 0.904253, 0.041408, 0.184612,  3,   389.57037,  17, 6991708.500000, 12.000000, 0.618840, 0.008749
VVLPMELPIR, Yes, 0.07673, 0.991910, 0.010271, 0.019776,  2,   583.85193,  17, 1271589248.000000, 12.000000, 0.977948, 0.003575
VVLPmELPIR, Yes, 0.06888, 0.990031, 0.015895, 0.101201,  2,   591.84937,  17, 44431320.000000, 12.000000, 0.962673, 0.004722
MIPTNDLKPGELR, Yes, 0.00005, -0.325466, 0.044569, 0.041992,  3,   495.26941,  22, 214006256.000000, 12.000000, -0.184515, 0.003524
MMDEINNPVLTVK, Yes, 0.16135, 0.980797, 0.014403, 0.028576,  2,   752.38092,  17, 46122436.000000, 12.000000, 0.961191, 0.013244
LNQATVTSNRPGLFYGQ, Yes, 0.05127, 0.964076, 0.026787, 0.114831,  2,   933.47888,  31, 3560186.750000, 12.000000, 0.750410, 0.010858
ILYMMDEINNPVLTVK, Yes, 0.17116, 0.956699, 0.018474, 0.018025,  3,   631.66687,  19, 36916940.000000, 12.000000, 0.878609, 0.021563
ILYMMDEINNPVLTVK, Yes, 0.09641, 0.996054, 0.007411, 0.033491,  2,   946.99664,  19, 102524968.000000, 12.000000, 0.979444, 0.005287
ILYmMDEINNPVLTVK, Yes, 0.06239, 0.947004, 0.028963, 0.222388,  2,   954.99408,  19, 7874317.500000, 12.000000, 0.727749, 0.015105
MLISSEDVLHSWAVPSLGLK, Yes, 0.07377, 0.991684, 0.010180, 0.069803,  2,  1091.58240,  34, 20811814.000000, 12.000000, 0.971351, 0.004339
MLISSEDVLHSWAVPSLGLK, Yes, 0.08227, 0.997817, 0.004398, 0.023948,  3,   728.05737,  34, 666529216.000000, 12.000000, 0.993196, 0.002251
mLISSEDVLHSWAVPSLGLK, Yes, 0.04694, 0.974093, 0.012219, 0.048020,  3,   733.38904,  34, 31913026.000000, 12.000000, 0.944992, 0.003112
MIPTNDLKPGELR, Yes, 0.04380, 0.982656, 0.031282, 0.174514,  2,   742.40051,  22, 22414442.000000, 12.000000, 0.633808, 0.010670
LNQATVTSNRPGLF, Yes, 0.05927, 0.939013, 0.044401, 0.146438,  2,   759.40717,  24, 9358705.000000, 12.000000, 0.334800, 0.021037


MeanRateConst/CorrCutOff, 0.062404, 0.900000


MedianRateConst/RMSSCutOff, 0.062391, 0.050000
StandDev/NumberPeptides, 0.014705, 11
TotalIonCurrent, 1.06838e+11
