Peptides, PeptideUnique, RateConstants, Correlations, RootMeanRSS, AbsoluteIsotopeError, Charge, m/z(Sequence), NEH, Aboundance, NDP, Rsquared,sigma
VHQLYETIQR, Yes, 0.06821, 0.857093, 0.060073, 0.197204,  2,   643.84619,  20, 3627342.500000, 11.000000, 0.605881, 0.019342
WSPVASTLPELVQR, Yes, 0.58343, 0.963449, 0.029040, 0.127506,  2,   791.93304,  28, 11408096.000000, 11.000000, 0.908837, 0.104027
DNTALLTQVQTTMR, Yes, 0.11749, 0.925749, 0.038246, 0.074642,  2,   796.40906,  22, 14421088.000000, 11.000000, 0.600579, 0.024157
VSALDLAVLDQVEAR, Yes, 0.17509, 0.896638, 0.061362, 0.119246,  3,   533.62976,  33, 3717258.500000, 11.000000, 0.467994, 0.062913
ENLATVEGNFASIDAR, Yes, 0.07052, 0.921268, 0.033881, 0.071646,  2,   853.92084,  36, 16784690.000000, 11.000000, 0.652182, 0.011775
TGYESGDYEMLGEGLGVK, Yes, 0.03885, 0.470640, 0.055132, 0.062599,  2,   952.93274,  31, 16806742.000000, 11.000000, -2.034246, 0.013366


MeanRateConst/CorrCutOff, 0.257150, 0.900000


MedianRateConst/RMSSCutOff, 0.117494, 0.050000
StandDev/NumberPeptides, 0.283542, 3
TotalIonCurrent, 2.05628e+09
