Peptides, PeptideUnique, RateConstants, Correlations, RootMeanRSS, AbsoluteIsotopeError, Charge, m/z(Sequence), NEH, Aboundance, NDP, Rsquared,sigma
ADVDAATLAR, Yes, 0.05335, 0.896795, 0.043939, 0.025301,  2,   501.76434,  24, 143225168.000000, 12.000000, 0.514907, 0.007659
KLLEGEESR, No, 0.10510, 0.974588, 0.031415, 0.088573,  2,   530.78528,  21, 10179749.000000, 12.000000, 0.939227, 0.010718
VELQELNDR, No, 0.11632, 0.977192, 0.029336, 0.182932,  2,   558.28821,  20, 82829616.000000, 12.000000, 0.901401, 0.011397
EEAENNLAAFR, Yes, 0.12134, 0.986759, 0.020526, 0.082753,  2,   632.30182,  31, 10978525.000000, 12.000000, 0.970762, 0.007611
FASEANGYQDNIAR, Yes, 0.01279, 0.501794, 0.070608, 0.153766,  2,   778.36041,  35, 9044483.000000, 10.000000, -0.111994, 0.007890
TNEKVELQELNDR, No, 0.03127, 0.594723, 0.072676, 0.157598,  3,   529.93726,  27, 12239583.000000, 12.000000, 0.175868, 0.010039
TFGGAPGFSLGSPLSSPVFPR, Yes, 0.02635, 0.838818, 0.048606, 0.221245,  2,  1039.53894,  39, 4031177.750000, 12.000000, 0.372453, 0.007862
APSYGAGELLDFSLADAVNQEFLATR, Yes, 0.06025, 0.962655, 0.036640, 0.223396,  3,   919.12396,  57, 2264269.500000, 11.000000, 0.758614, 0.013859
FLEQQNAALAAEVNR, Yes, 0.02827, 0.934292, 0.049408, 0.174359,  2,   837.43390,  41, 5996830.500000, 11.000000, 0.701440, 0.006740
NISEAEEWYK, Yes, 0.08051, 0.986104, 0.030528, 0.103500,  2,   634.79327,  22, 12157004.000000, 12.000000, 0.926585, 0.009036


MeanRateConst/CorrCutOff, 0.105819, 0.900000


MedianRateConst/RMSSCutOff, 0.105102, 0.050000
StandDev/NumberPeptides, 0.018187, 4
TotalIonCurrent, 6.49084e+09
