Peptides, PeptideUnique, RateConstants, Correlations, RootMeanRSS, AbsoluteIsotopeError, Charge, m/z(Sequence), NEH, Aboundance, NDP, Rsquared,sigma
GGPSVDPEELFR, Yes, 0.14120, 0.948346, 0.029333, 0.055532,  2,   651.81989,  26, 40589728.000000, 7.000000, 0.388990, 0.036185
VTIPVPAGVEDGQTVR, Yes, 0.18173, 0.950446, 0.031250, 0.167843,  2,   819.44653,  30, 10133717.000000, 7.000000, 0.862716, 0.029388
QYDAYGSAGFDPGTSSSGQGYWR, Yes, 0.13311, 0.990640, 0.018463, 0.159379,  3,   819.68414,  48, 3880299.250000, 5.000000, 0.759752, 0.034150


MeanRateConst/CorrCutOff, 0.152014, 0.900000


MedianRateConst/RMSSCutOff, 0.141200, 0.050000
StandDev/NumberPeptides, 0.026049, 3
TotalIonCurrent, 1.0494e+09
