Peptides, PeptideUnique, RateConstants, Correlations, RootMeanRSS, AbsoluteIsotopeError, Charge, m/z(Sequence), NEH, Aboundance, NDP, Rsquared,sigma
GLAITFVSDENDAK, Yes, 0.16328, 0.986284, 0.018500, 0.057590,  2,   740.36993,  25, 25230162.000000, 12.000000, 0.956975, 0.013266
ILNDVQDR, Yes, 0.18081, 0.980464, 0.011625, 0.372908,  2,   486.75906,  15, 27668752.000000, 5.000000, -1.087047, 0.056576
ILVATNLFGR, Yes, 0.10239, 0.955125, 0.013113, 0.250240,  2,   552.33221,  14, 58179660.000000, 7.000000, 0.871603, 0.007126
DFLLKPELLR, Yes, 0.13964, 0.976462, 0.007882, 0.277153,  3,   415.25180,  15, 43735920.000000, 5.000000, 0.938359, 0.007671
LTLHGLQQYYVK, Yes, 0.35305, 1.000000, 0.006609, 0.538045,  3,   488.27328,  16, 43351192.000000, 2.000000, 0.801662, 0.037377
GSYVSIHSSGFR, Yes, 0.05407, 0.981973, 0.021575, 0.281018,  2,   648.82019,  23, 10793180.000000, 4.000000, 0.291806, 0.005667


MeanRateConst/CorrCutOff, 0.146530, 0.900000


MedianRateConst/RMSSCutOff, 0.139635, 0.050000
StandDev/NumberPeptides, 0.033921, 4
TotalIonCurrent, 3.75942e+09
