Peptides, PeptideUnique, RateConstants, Correlations, RootMeanRSS, AbsoluteIsotopeError, Charge, m/z(Sequence), NEH, Aboundance, NDP, Rsquared,sigma
EQHPDMSVTK, No, 0.09710, 0.987292, 0.017374, 0.046547,  3,   391.18524,  20, 14178372.000000, 12.000000, 0.966068, 0.006566
HQTNISELKR, Yes, 0.09766, 0.936066, 0.039908, 0.077492,  3,   409.22644,  21, 10111067.000000, 12.000000, 0.739862, 0.017874
VLQETILVEER, Yes, 0.19946, 0.907886, 0.051929, 0.120559,  2,   664.87463,  22, 11686524.000000, 12.000000, 0.591776, 0.049392
VESTSVGSISPGGAK, Yes, 0.12791, 0.761558, 0.072912, 0.459435,  2,   688.35681,  30, 27594942.000000, 12.000000, -0.042434, 0.037087
IRPGEFEQFESTIGFK, Yes, 0.16130, 0.917344, 0.038108, 0.037238,  3,   628.98785,  32, 15112845.000000, 12.000000, 0.296328, 0.056219
GISQTNLITTVTPEK, Yes, 0.04236, 0.833228, 0.041157, 0.317988,  2,   801.44086,  21, 3889604.750000, 11.000000, 0.627254, 0.008154
DEVDAAESTPTDR, Yes, 0.03547, 0.887099, 0.090465, 0.402620,  2,   703.30750,  31, 1156562.000000, 11.000000, 0.514804, 0.012422
DSVSAAEVGTGQYATTK, Yes, 0.10976, 0.979800, 0.025364, 0.121138,  2,   842.90485,  33, 6535476.000000, 12.000000, 0.947783, 0.010456
EVPVVHTETK, Yes, 0.10577, 0.968422, 0.024743, 0.063251,  2,   569.80878,  15, 8513171.000000, 12.000000, 0.922253, 0.011757


MeanRateConst/CorrCutOff, 0.102573, 0.900000


MedianRateConst/RMSSCutOff, 0.105775, 0.050000
StandDev/NumberPeptides, 0.006217, 4
TotalIonCurrent, 2.77335e+09
