Peptides, PeptideUnique, RateConstants, Correlations, RootMeanRSS, AbsoluteIsotopeError, Charge, m/z(Sequence), NEH, Aboundance, NDP, Rsquared,sigma
EFVNcFIDFPK, Yes, 0.13780, 0.936246, 0.029335, 0.066318,  2,   708.33685,  15, 13378129.000000, 12.000000, 0.623764, 0.035792
TGTGDYYSSGNDLK, Yes, 0.10545, 0.985681, 0.027986, 0.122934,  2,   739.32568,  19, 8682136.000000, 12.000000, 0.922864, 0.013369
NLINDAGEIQDVVATSTK, Yes, 0.06972, 0.992852, 0.014569, 0.102220,  2,   944.48651,  32, 24590142.000000, 12.000000, 0.853447, 0.008398
NAISFQMYLDIMHALK, Yes, 0.13443, 0.873208, 0.038452, 0.102976,  3,   632.32330,  27, 4260389.500000, 12.000000, -0.192687, 0.077799
NASTDNSVITVFTGTGDYYSSGNDLK, Yes, 0.11742, 0.961295, 0.016610, 0.064679,  3,   909.41913,  37, 8772099.000000, 12.000000, 0.905903, 0.012794
NASTDNSVITVFTGTGDYYSSGNDLK, Yes, 0.08059, 0.964518, 0.016598, 0.153471,  2,  1363.62500,  37, 2591845.250000, 12.000000, 0.920231, 0.008429
ATFHTPFSQLSQIPEAcSTYMFPK, Yes, 0.06138, 0.978643, 0.009984, 0.051696,  3,   930.10852,  45, 14345336.000000, 12.000000, 0.957300, 0.003975
LYTVNAEEcAAALER, Yes, 0.26757, 0.968827, 0.026124, 0.016102,  2,   855.41174,  37, 27275688.000000, 12.000000, 0.915988, 0.031846
NLINDAGEIQDVVATSTK, Yes, 0.17747, 0.968613, 0.035273, 0.272552,  3,   629.99347,  32, 23148634.000000, 12.000000, 0.434355, 0.036405


MeanRateConst/CorrCutOff, 0.086911, 0.900000


MedianRateConst/RMSSCutOff, 0.080587, 0.050000
StandDev/NumberPeptides, 0.023781, 5
TotalIonCurrent, 4.1492e+09
