Peptides, PeptideUnique, RateConstants, Correlations, RootMeanRSS, AbsoluteIsotopeError, Charge, m/z(Sequence), NEH, Aboundance, NDP, Rsquared,sigma
YDDAIQLYDR, Yes, 0.13678, 0.951382, 0.042520, 0.310942,  2,   636.29877,  19, 25886640.000000, 7.000000, 0.413201, 0.031650
YASWAANQINR, Yes, 0.12624, 0.980570, 0.090162, 0.100047,  2,   647.32037,  27, 11495550.000000, 7.000000, -0.684210, 0.072859
ILQEDPTNTAAR, Yes, 0.15216, 0.997181, 0.040247, 0.084753,  2,   664.84387,  27, 12401998.000000, 7.000000, -0.248386, 0.071257
DDLALFcLQELR, Yes, 0.09653, 0.831132, 0.043734, 0.224556,  2,   746.87683,  23, 12101817.000000, 7.000000, 0.167934, 0.031722


MeanRateConst/CorrCutOff, 0.144470, 0.900000


MedianRateConst/RMSSCutOff, 0.152157, 0.050000
StandDev/NumberPeptides, 0.010871, 2
TotalIonCurrent, 8.52342e+08
