Peptides, PeptideUnique, RateConstants, Correlations, RootMeanRSS, AbsoluteIsotopeError, Charge, m/z(Sequence), NEH, Aboundance, NDP, Rsquared,sigma
WIQVSHVFR, Yes, 0.05636, 0.968404, 0.018212, 0.059852,  3,   391.21722,  15, 28156960.000000, 9.000000, 0.871530, 0.007170
ISWQLLFLER, Yes, 0.11091, 0.974853, 0.016278, 0.026703,  2,   652.87170,  17, 16115481.000000, 9.000000, 0.938401, 0.009832
VTDSSVSVQLRE, Yes, 0.70688, 0.768784, 0.105181, 0.367235,  2,   660.34369,  23, 26728072.000000, 9.000000, 0.246810, 0.454017
QLLVEEWGPLSGK, Yes, 0.12612, 0.995138, 0.010729, 0.066159,  2,   728.39575,  24, 36344404.000000, 9.000000, 0.982499, 0.006693
GWYITTQNLQGPLSWTVK, Yes, 0.02544, 0.850534, 0.017092, 0.195411,  2,  1046.54675,  23, 6699800.000000, 7.000000, 0.195735, 0.006010
NLLSSPNPEGINIYQPAPPTGPTR, Yes, 0.06322, 0.969184, 0.021237, 0.238635,  2,  1267.15588,  49, 3509864.250000, 6.000000, 0.765952, 0.014370
MEPGGLR, Yes, 11.04778, 0.650426, 0.230299, 1.260650,  2,   380.19452,  15, 25185596.000000, 9.000000, -35.908699, 43002.808594


MeanRateConst/CorrCutOff, 0.089153, 0.900000


MedianRateConst/RMSSCutOff, 0.110911, 0.050000
StandDev/NumberPeptides, 0.034581, 4
TotalIonCurrent, 3.94918e+09
