Peptides, PeptideUnique, RateConstants, Correlations, RootMeanRSS, AbsoluteIsotopeError, Charge, m/z(Sequence), NEH, Aboundance, NDP, Rsquared,sigma
QVIGTGSFFPK, Yes, 0.33026, 0.960426, 0.035289, 0.066376,  2,   590.82172,  16, 61466588.000000, 9.000000, 0.879284, 0.067852
DcFTcSNcK, Yes, 0.06167, 0.943982, 0.036668, 0.118296,  2,   596.21503,  12, 9092472.000000, 9.000000, 0.227448, 0.021476
FcANTcVDcR, Yes, 0.13364, 0.960014, 0.023848, 0.103861,  2,   651.75482,  17, 13786753.000000, 9.000000, 0.575463, 0.031797
AIVAGDQNVEYK, Yes, 0.36489, 0.996961, 0.009730, 0.053581,  2,   653.83551,  24, 47765560.000000, 9.000000, 0.990781, 0.018523
GEDFYcVTcHETK, Yes, 0.19620, 0.981486, 0.042694, 0.149298,  2,   823.33472,  20, 5374977.500000, 9.000000, 0.784098, 0.051690
FTAVEDQYYcVDcYK, Yes, 0.27101, 0.993624, 0.019594, 0.084105,  2,   980.90820,  22, 21593510.000000, 9.000000, 0.953057, 0.032513
cLHPLASETFVSK, Yes, 0.04527, 0.556942, 0.072078, 0.094113,  3,   496.92203,  23, 37147476.000000, 9.000000, -0.090312, 0.023526


MeanRateConst/CorrCutOff, 0.290591, 0.900000


MedianRateConst/RMSSCutOff, 0.271013, 0.050000
StandDev/NumberPeptides, 0.073909, 4
TotalIonCurrent, 4.94567e+09
