Peptides, PeptideUnique, RateConstants, Correlations, RootMeanRSS, AbsoluteIsotopeError, Charge, m/z(Sequence), NEH, Aboundance, NDP, Rsquared,sigma
AWDIAVATMK, Yes, 0.44023, 0.994406, 0.025276, 0.151424,  2,   553.28912,  17, 27566742.000000, 10.000000, 0.845623, 0.065381
EGTGTETPMIGDR, Yes, 0.26627, 0.962388, 0.031849, 0.132208,  2,   682.31152,  24, 12327329.000000, 10.000000, 0.913815, 0.039454
VFVHYTGWLLDGTK, Yes, 0.62009, 0.964431, 0.020034, 0.090627,  3,   545.95587,  12, 26159148.000000, 10.000000, 0.895208, 0.116051
GEHSIVYLKPSYAFGSVGK, Yes, 0.34882, 0.956639, 0.027094, 0.113301,  4,   510.52036,  32, 10035658.000000, 10.000000, 0.823244, 0.064317
DKFSFDLGK, Yes, 0.47881, 0.977028, 0.020438, 0.077905,  2,   528.77167,  10, 36960904.000000, 10.000000, 0.921966, 0.083692


MeanRateConst/CorrCutOff, 0.383533, 0.900000


MedianRateConst/RMSSCutOff, 0.440233, 0.050000
StandDev/NumberPeptides, 0.095303, 4
TotalIonCurrent, 3.29779e+09
