Peptides, PeptideUnique, RateConstants, Correlations, RootMeanRSS, AbsoluteIsotopeError, Charge, m/z(Sequence), NEH, Aboundance, NDP, Rsquared,sigma
LWAFQALR, Yes, 0.18761, 0.950463, 0.030953, 0.068445,  2,   502.78745,  16, 10974119.000000, 10.000000, 0.810325, 0.036159
QAVAQILPFR, Yes, 0.06701, 0.915926, 0.046791, 0.072091,  2,   571.83765,  24, 67509872.000000, 10.000000, 0.636645, 0.012083
ASFYEEYGVIR, Yes, 1.11132, 0.965511, 0.042141, 0.258219,  2,   667.32477,  22, 16622835.000000, 10.000000, 0.527956, 0.368249
SSAILGQYQAYSGQVR, Yes, 0.06141, 0.794749, 0.054350, 0.163110,  2,   864.43921,  38, 12074660.000000, 10.000000, 0.241913, 0.016118
TVEDYQTLNK, Yes, 0.61649, 0.967462, 0.023859, 0.223982,  2,   605.80115,  14, 20170008.000000, 10.000000, 0.827278, 0.133243


MeanRateConst/CorrCutOff, 0.495607, 0.900000


MedianRateConst/RMSSCutOff, 0.616490, 0.050000
StandDev/NumberPeptides, 0.473381, 4
TotalIonCurrent, 2.36817e+09
