Peptides, PeptideUnique, RateConstants, Correlations, RootMeanRSS, AbsoluteIsotopeError, Charge, m/z(Sequence), NEH, Aboundance, NDP, Rsquared,sigma
KGGVASGFK, Yes, 0.11582, 0.972841, 0.023193, 0.065602,  2,   425.74271,  14, 5362384.500000, 12.000000, 0.927619, 0.010986
TGAQELLK, Yes, 0.01799, 0.125473, 0.059217, 0.076119,  2,   430.24780,  15, 556984768.000000, 12.000000, -1.425494, 0.006039
TASDFISK, Yes, 10.87921, -0.284549, 0.174540, 1.295397,  2,   434.72418,  13, 35857028.000000, 12.000000, -1.320539, 31954.994141
EPGLQIWR, Yes, 0.09857, 0.966284, 0.028071, 0.028807,  2,   499.77454,  17, 141852560.000000, 12.000000, 0.875404, 0.010325
PALPEGTEDTAK, Yes, 106.21766, 0.387796, 0.102650, 0.452659,  2,   614.80640,  26, 10913290.000000, 12.000000, -3.976162, 0.000000
HVVPNEVVVQR, Yes, 0.05808, 0.948127, 0.030092, 0.139744,  2,   638.36206,  21, 6905948.500000, 12.000000, 0.868679, 0.007047
SEDcFILDHGR, Yes, 0.11876, 0.970155, 0.024141, 0.051589,  3,   450.20319,  22, 39242820.000000, 12.000000, 0.917147, 0.011437
SEDcFILDHGR, Yes, 0.07622, 0.960535, 0.028261, 0.158242,  2,   674.80115,  22, 5357807.500000, 12.000000, 0.879964, 0.008824
EVQGFESSTFSGYFK, Yes, 0.22002, 0.975305, 0.028489, 0.147504,  2,   856.89374,  26, 36811676.000000, 12.000000, 0.790635, 0.032347
TPSAAYLWVGAGASEAEK, Yes, 0.03201, -0.139511, 0.115538, 0.063262,  2,   904.44666,  42, 20606658.000000, 12.000000, -0.851942, 0.015264
QTQVSVLPEGGETPLFK, Yes, 0.15463, 0.992320, 0.012861, 0.054340,  2,   915.48584,  31, 18350928.000000, 12.000000, 0.973663, 0.009455
SQHVQVEEGSEPDAFWEALGGK, Yes, 0.16075, 0.982336, 0.014690, 0.106965,  3,   800.70825,  53, 10642894.000000, 9.000000, 0.954437, 0.013294
VPVDPATYGQFYGGDSYIILYNYR, Yes, 0.04302, 0.961063, 0.010608, 0.048522,  3,   924.44989,  37, 16138659.000000, 12.000000, 0.920584, 0.003403
SGALNSNDAFVLK, Yes, 0.08087, 0.957481, 0.032892, 0.186992,  2,   668.34875,  23, 109761088.000000, 12.000000, 0.897686, 0.009702


MeanRateConst/CorrCutOff, 0.100747, 0.900000


MedianRateConst/RMSSCutOff, 0.098568, 0.050000
StandDev/NumberPeptides, 0.040635, 9
TotalIonCurrent, 1.99209e+10
