Peptides, PeptideUnique, RateConstants, Correlations, RootMeanRSS, AbsoluteIsotopeError, Charge, m/z(Sequence), NEH, Aboundance, NDP, Rsquared,sigma
NLTVQQDIMK, Yes, 0.18633, 0.213548, 0.087934, 0.238108,  2,   595.31592,  15, 31317416.000000, 11.000000, -2.036298, 0.098475
HVEPGNAAIQEK, Yes, 0.13655, 0.981387, 0.034424, 0.190186,  3,   431.55795,  31, 17570030.000000, 11.000000, 0.871694, 0.015135
FYEGTADEMYK, Yes, 0.18073, 0.993210, 0.012998, 0.081932,  2,   677.28699,  18, 43537056.000000, 11.000000, 0.977389, 0.012634
VTHLSTLQVGSLSVK, Yes, 0.13113, 0.980053, 0.017257, 0.042134,  3,   523.63843,  21, 70927224.000000, 11.000000, 0.946442, 0.011402
VTHLSTLQVGSLSVK, Yes, 0.05929, 0.893815, 0.038641, 0.189796,  2,   784.95398,  21, 7776908.500000, 11.000000, 0.660801, 0.012237
VYcGHEYTVNNLK, Yes, 0.12726, 0.958164, 0.020881, 0.118005,  2,   798.87738,  17, 11212794.000000, 11.000000, 0.914852, 0.014314
TVQQHAGETDPVTTMR, Yes, 0.14884, 0.994354, 0.009980, 0.059521,  3,   590.95282,  31, 37953976.000000, 11.000000, 0.986728, 0.006969
VYcGHEYTVNNLK, Yes, 0.13845, 0.995775, 0.007218, 0.024207,  3,   532.92065,  17, 49637872.000000, 11.000000, 0.989268, 0.005787
PGSSEPSAVFTGDTLFVAGcGK, Yes, 0.03966, 0.907099, 0.048152, 0.241973,  2,  1092.51758,  40, 3032025.750000, 11.000000, 0.675241, 0.010114


MeanRateConst/CorrCutOff, 0.136446, 0.900000


MedianRateConst/RMSSCutOff, 0.136552, 0.050000
StandDev/NumberPeptides, 0.008218, 5
TotalIonCurrent, 6.51616e+09
