Peptides, PeptideUnique, RateConstants, Correlations, RootMeanRSS, AbsoluteIsotopeError, Charge, m/z(Sequence), NEH, Aboundance, NDP, Rsquared,sigma
TQEILSQLPFK, Yes, 0.14056, 0.998142, 0.004374, 0.037064,  2,   652.36646,  20, 44694472.000000, 7.000000, 0.993172, 0.003932
DcIGGcSDLISMQQTGELMTR, Yes, 0.16654, 0.967875, 0.015677, 0.113042,  3,   791.34985,  39, 4355025.000000, 7.000000, 0.920768, 0.017520
QGLLEFVDITATNNTSAIQDYLQQLTGAR, Yes, 0.16356, 0.967231, 0.016907, 0.069597,  3,  1060.87720,  55, 3326943.250000, 7.000000, 0.681658, 0.035592


MeanRateConst/CorrCutOff, 0.156889, 0.900000


MedianRateConst/RMSSCutOff, 0.163563, 0.050000
StandDev/NumberPeptides, 0.014219, 3
TotalIonCurrent, 1.03753e+09
