Peptides, PeptideUnique, RateConstants, Correlations, RootMeanRSS, AbsoluteIsotopeError, Charge, m/z(Sequence), NEH, Aboundance, NDP, Rsquared,sigma
LISEVIGER, Yes, 0.11784, 0.976181, 0.028668, 0.052164,  2,   508.29276,  19, 249775040.000000, 12.000000, 0.895330, 0.011900
ANTIGISLIK, Yes, 0.12652, 0.983260, 0.017207, 0.072320,  2,   515.31879,  14, 205430336.000000, 12.000000, 0.949127, 0.010665
FPLFTAVYK, Yes, 0.10024, 0.981701, 0.018138, 0.068101,  2,   543.30511,  9, 107905528.000000, 12.000000, 0.910943, 0.012984
VcIVGSGNWGSAIAK, Yes, 0.15712, 0.992501, 0.013321, 0.020098,  2,   759.89032,  26, 83826520.000000, 12.000000, 0.975341, 0.009193
VTMWVFEEDIGGR, Yes, 0.20038, 0.996026, 0.010829, 0.060674,  2,   769.86902,  21, 104928512.000000, 12.000000, 0.983778, 0.012063
LTEIINTQHENVK, Yes, 0.18360, 0.989468, 0.014088, 0.052999,  3,   513.61060,  22, 35858800.000000, 12.000000, 0.970760, 0.013423
LTEIINTQHENVK, Yes, 0.15623, 0.984537, 0.020467, 0.084749,  2,   769.91229,  22, 7935876.000000, 12.000000, 0.952931, 0.015383
VcYEGQPVGEFIR, Yes, 0.16019, 0.989548, 0.014974, 0.022766,  2,   777.37451,  26, 80253584.000000, 12.000000, 0.970647, 0.010401
GLVDKFPLFTAVYK, Yes, 0.14432, 0.977487, 0.013875, 0.059763,  3,   533.30444,  15, 69447416.000000, 12.000000, 0.931788, 0.014602
ITVVQEVDTVEIcGALK, Yes, 0.01204, 0.759263, 0.025463, 0.139228,  2,   937.50061,  27, 36873464.000000, 12.000000, 0.522193, 0.002716
NIVAVGAGFcDGLGFGDNTK, Yes, 0.00002, 0.740940, 0.073677, 0.053397,  2,  1006.48077,  31, 48307904.000000, 12.000000, -3.965214, 0.005432
LGIPMSVLMGANIASEVAEEK, Yes, 0.12433, 0.964468, 0.022227, 0.081834,  2,  1080.05798,  44, 13409219.000000, 12.000000, 0.902121, 0.013944
LFcSGTVSSATFLEScGVADLITTcYGGR, Yes, 0.05366, 0.854229, 0.022032, 0.083631,  3,  1043.81567,  46, 4603580.500000, 12.000000, 0.518856, 0.010554
KVAEAFAR, Yes, 0.16041, 0.959649, 0.037052, 0.041178,  2,   446.25595,  20, 22192302.000000, 12.000000, 0.716564, 0.035065
KLTEIINTQHENVK, Yes, 0.24565, 0.967644, 0.023436, 0.071096,  3,   556.30890,  23, 38433652.000000, 12.000000, 0.892536, 0.031600


MeanRateConst/CorrCutOff, 0.148288, 0.900000


MedianRateConst/RMSSCutOff, 0.156226, 0.050000
StandDev/NumberPeptides, 0.029481, 11
TotalIonCurrent, 3.32819e+10
