Peptides, PeptideUnique, RateConstants, Correlations, RootMeanRSS, AbsoluteIsotopeError, Charge, m/z(Sequence), NEH, Aboundance, NDP, Rsquared,sigma
DWSPTLYIR, Yes, 0.12720, 0.962585, 0.032501, 0.098682,  2,   575.79822,  12, 8791916.000000, 9.000000, 0.613200, 0.068521
FLYYEMGYK, Yes, 0.08045, 0.955975, 0.026351, 0.145105,  2,   607.28351,  9, 23584800.000000, 12.000000, 0.832101, 0.015352
AIMNLDVEQYR, Yes, 0.04145, 0.980895, 0.013820, 0.019347,  2,   676.33734,  22, 101124256.000000, 12.000000, 0.953354, 0.002209
MYDLVAGSQcLK, Yes, 0.13533, 0.694663, 0.084471, 0.054952,  2,   692.83362,  19, 10700235.000000, 12.000000, -0.441002, 0.057172
EYAcTAVDMISR, Yes, 0.12156, 0.965132, 0.029862, 0.113398,  2,   708.31830,  24, 28984784.000000, 12.000000, 0.927539, 0.013710
LVSEFPYIEAEVK, Yes, 0.03998, 0.803882, 0.080150, 0.353234,  2,   762.40320,  25, 19628136.000000, 12.000000, 0.400388, 0.013905
LAFLNVQAAEEALPR, Yes, 0.13319, 0.939717, 0.055280, 0.054472,  2,   821.45154,  38, 9667457.000000, 12.000000, 0.748532, 0.032040
YGAATANYMEVVSLLK, Yes, 0.07982, 0.978355, 0.019919, 0.091389,  2,   865.44507,  27, 17008360.000000, 12.000000, 0.625888, 0.014373
LVQDYGLESEVAQHLAK, Yes, 0.09366, 0.955328, 0.026401, 0.062745,  3,   633.99854,  37, 22723478.000000, 12.000000, 0.886888, 0.009947
NYLSSDVEVR, Yes, 0.22643, 0.969611, 0.037895, 0.111872,  2,   591.29346,  18, 34361084.000000, 12.000000, 0.907729, 0.038189
cVINASGPFTDSVR, Yes, 0.14221, 0.458391, 0.084852, 0.054711,  2,   761.86957,  25, 7073480.500000, 12.000000, -1.780476, 0.054906


MeanRateConst/CorrCutOff, 0.100536, 0.900000


MedianRateConst/RMSSCutOff, 0.093655, 0.050000
StandDev/NumberPeptides, 0.022546, 5
TotalIonCurrent, 7.84432e+09
