Peptides, PeptideUnique, RateConstants, Correlations, RootMeanRSS, AbsoluteIsotopeError, Charge, m/z(Sequence), NEH, Aboundance, NDP, Rsquared,sigma
AHPLFTFLR, Yes, 0.07899, 0.983722, 0.015097, 0.064078,  3,   367.87830,  14, 253972848.000000, 12.000000, 0.953360, 0.005919
AHPLFTFLR, Yes, 0.10399, 0.990579, 0.011902, 0.049017,  2,   551.31384,  14, 92229192.000000, 12.000000, 0.975547, 0.006189
FLVGPDGVPVR, Yes, 0.25078, 0.977319, 0.025271, 0.082009,  2,   578.32971,  17, 553909888.000000, 12.000000, 0.885413, 0.030866
YIIWSPVcR, Yes, 0.07001, 0.979611, 0.012642, 0.031158,  2,   597.31042,  13, 543025856.000000, 12.000000, 0.948589, 0.004758
DYTEMNDLQK, Yes, 0.52679, 0.937801, 0.044341, 0.268579,  2,   628.77679,  16, 279516896.000000, 12.000000, 0.751123, 0.138438
PGGGFEPNFTLFEK, Yes, 0.16268, 0.952580, 0.026884, 0.042904,  2,   770.37756,  23, 59442820.000000, 12.000000, 0.654272, 0.031867
LSAAAQSTVYAFSAR, Yes, 0.02567, 0.775427, 0.043692, 0.045601,  2,   771.89917,  37, 306405216.000000, 12.000000, 0.283913, 0.005335
NALPTPSDDPTALMTDPK, Yes, 0.11711, 0.993483, 0.010365, 0.031981,  2,   942.45642,  31, 137399664.000000, 12.000000, 0.980548, 0.005972
YVRPGGGFEPNFTLFEK, Yes, 0.12001, 0.993866, 0.008659, 0.029127,  3,   653.33173,  27, 364301664.000000, 12.000000, 0.980094, 0.006367
YVRPGGGFEPNFTLFEK, Yes, 0.09733, 0.974932, 0.015897, 0.102911,  2,   979.49396,  27, 19253828.000000, 12.000000, 0.939708, 0.008242
GLVVLGFPcNQFGHQENGKNEEILNSLK, Yes, 0.08778, 0.990297, 0.006366, 0.056531,  4,   786.15009,  51, 35805604.000000, 12.000000, 0.975448, 0.004415


MeanRateConst/CorrCutOff, 0.096459, 0.900000


MedianRateConst/RMSSCutOff, 0.097332, 0.050000
StandDev/NumberPeptides, 0.018793, 7
TotalIonCurrent, 9.95356e+10
