Peptides, PeptideUnique, RateConstants, Correlations, RootMeanRSS, AbsoluteIsotopeError, Charge, m/z(Sequence), NEH, Aboundance, NDP, Rsquared,sigma
LIENTDAAcK, Yes, 0.07090, 0.989909, 0.035049, 0.059389,  2,   567.77661,  19, 73977688.000000, 11.000000, 0.630085, 0.015196
DSGNQPPAMVPR, Yes, 0.06663, 0.977433, 0.031221, 0.057850,  2,   634.80621,  29, 27703096.000000, 11.000000, 0.666800, 0.012241
LQLRPTLIAGIMK, Yes, 0.06872, 0.978460, 0.017088, 0.053060,  3,   485.30228,  21, 12058095.000000, 11.000000, 0.947036, 0.005575
AGMSTAQAQHFLEK, Yes, 0.09474, 0.954627, 0.028864, 0.432835,  2,   759.87207,  34, 30216734.000000, 11.000000, 0.662428, 0.014745
AGMSTAQAQHFLEK, Yes, 0.09776, 0.984586, 0.017749, 0.026777,  3,   506.91714,  34, 109268048.000000, 11.000000, 0.965816, 0.006284
YGAFGLPTTVAHVDGK, Yes, 0.12905, 0.970441, 0.024243, 0.221942,  3,   544.95087,  24, 48579012.000000, 11.000000, 0.886644, 0.015739
LELLAYLLGEK, Yes, 0.11941, 0.994010, 0.010235, 0.032044,  2,   631.37372,  17, 32501498.000000, 11.000000, 0.982792, 0.006202


MeanRateConst/CorrCutOff, 0.086360, 0.900000


MedianRateConst/RMSSCutOff, 0.094741, 0.050000
StandDev/NumberPeptides, 0.021127, 6
TotalIonCurrent, 9.12569e+09
