Peptides, PeptideUnique, RateConstants, Correlations, RootMeanRSS, AbsoluteIsotopeError, Charge, m/z(Sequence), NEH, Aboundance, NDP, Rsquared,sigma
IAAFLQSDR, Yes, 0.17435, 0.992018, 0.015342, 0.032642,  2,   510.77725,  21, 89312704.000000, 12.000000, 0.980298, 0.010249
SMVLGYWDIR, Yes, 0.18402, 0.982407, 0.013537, 0.037444,  2,   620.31317,  13, 74611520.000000, 12.000000, 0.957441, 0.016354
MLLEFTDTSYEEK, Yes, 0.22385, 0.994326, 0.015218, 0.085536,  2,   803.37128,  20, 21907940.000000, 12.000000, 0.970846, 0.019565
LDLDFPNLPYLMDGK, Yes, 0.29035, 0.991486, 0.010881, 0.011071,  2,   875.93964,  19, 10608154.000000, 12.000000, 0.980386, 0.019629
MLLEFTDTSYEEKR, Yes, 0.00628, -0.226030, 0.067914, 0.203965,  3,   587.95032,  23, 19198178.000000, 12.000000, -0.329880, 0.007373
LTFVDFLTYDVLDQNR, Yes, 0.23247, 0.994993, 0.015597, 0.031667,  3,   653.66681,  19, 27781490.000000, 12.000000, 0.960403, 0.024861
LTFVDFLTYDVLDQNR, Yes, 0.24710, 0.992392, 0.014179, 0.041891,  2,   979.99658,  19, 10441101.000000, 12.000000, 0.965625, 0.023978
FKLDLDFPNLPYLMDGK, Yes, 0.19635, 0.985033, 0.010968, 0.025389,  3,   676.01666,  20, 24703152.000000, 12.000000, 0.964090, 0.017101
YIcGEAPDYDR, Yes, 0.20399, 0.993823, 0.011647, 0.083821,  2,   679.78772,  23, 27294470.000000, 12.000000, 0.981344, 0.011947
FTWFAGEK, Yes, 0.36922, 0.950456, 0.024209, 0.109691,  2,   493.24252,  11, 38566984.000000, 12.000000, 0.873224, 0.058454


MeanRateConst/CorrCutOff, 0.219059, 0.900000


MedianRateConst/RMSSCutOff, 0.223849, 0.050000
StandDev/NumberPeptides, 0.037874, 8
TotalIonCurrent, 1.08623e+10
