Peptides, PeptideUnique, RateConstants, Correlations, RootMeanRSS, AbsoluteIsotopeError, Charge, m/z(Sequence), NEH, Aboundance, NDP, Rsquared,sigma
TIVYFPVR, Yes, 0.04724, 0.968533, 0.015966, 0.054394,  2,   497.78964,  9, 143545072.000000, 12.000000, 0.847611, 0.005756
PTcLYGQLPK, Yes, 0.14882, 0.992195, 0.011296, 0.049593,  2,   588.80774,  15, 86440944.000000, 12.000000, 0.980706, 0.008479
PPYTIVYFPVR, Yes, 0.07791, 0.985129, 0.010900, 0.029252,  2,   676.37408,  14, 170688496.000000, 12.000000, 0.956882, 0.005034
YVTLIYTNYENGK, Yes, 0.12609, 0.991590, 0.009811, 0.035498,  2,   789.39594,  14, 167053840.000000, 12.000000, 0.970293, 0.008923
EEVVTIDTWMQGLLK, Yes, 0.15699, 0.977484, 0.026484, 0.055559,  2,   881.45819,  21, 14753913.000000, 12.000000, 0.913023, 0.024120
EAAQMDMVNDGVEDLR, Yes, 0.16145, 0.998088, 0.008925, 0.015999,  2,   896.89563,  36, 57065180.000000, 12.000000, 0.990972, 0.006752
EAAQMDMVNDGVEDLR, Yes, 0.09074, 0.936934, 0.037752, 0.127291,  3,   598.26617,  36, 8176005.000000, 11.000000, 0.757436, 0.017200
FEDGDLTLYQSNAILR, Yes, 0.23346, 0.948686, 0.028519, 0.166145,  3,   618.97925,  29, 40376372.000000, 12.000000, 0.320296, 0.065687
FEDGDLTLYQSNAILR, Yes, 0.16723, 0.997025, 0.007069, 0.029878,  2,   927.96521,  29, 171262976.000000, 12.000000, 0.992437, 0.006207
MLLADQGQSWK, Yes, 0.21534, 0.993839, 0.010747, 0.040837,  2,   638.82135,  21, 247319744.000000, 12.000000, 0.987378, 0.010542


MeanRateConst/CorrCutOff, 0.132746, 0.900000


MedianRateConst/RMSSCutOff, 0.148818, 0.050000
StandDev/NumberPeptides, 0.035766, 7
TotalIonCurrent, 3.52395e+10
