Peptides, PeptideUnique, RateConstants, Correlations, RootMeanRSS, AbsoluteIsotopeError, Charge, m/z(Sequence), NEH, Aboundance, NDP, Rsquared,sigma
LSVQcLLH, Yes, 0.86899, 0.740335, 0.080641, 0.504657,  2,   485.26294,  13, 32769962.000000, 12.000000, 0.147071, 0.589488
GQQYTDSFAQVNPLR, Yes, 0.13810, 0.997228, 0.008501, 0.074595,  2,   862.42352,  32, 23524896.000000, 12.000000, 0.990006, 0.005637
GQQYTDSFAQVNPLR, Yes, 0.75903, 0.924955, 0.039848, 0.125203,  3,   575.28479,  32, 5578127.500000, 12.000000, 0.011502, 0.558575
VDEYLAWQHTALR, Yes, 0.12234, 0.847825, 0.045669, 0.253443,  3,   534.60718,  26, 34990628.000000, 12.000000, 0.025249, 0.036549


MeanRateConst/CorrCutOff, 0.448566, 0.900000


MedianRateConst/RMSSCutOff, 0.759027, 0.050000
StandDev/NumberPeptides, 0.439058, 2
TotalIonCurrent, 2.70228e+09
