Peptides, PeptideUnique, RateConstants, Correlations, RootMeanRSS, AbsoluteIsotopeError, Charge, m/z(Sequence), NEH, Aboundance, NDP, Rsquared,sigma
FGLFTPGSR, Yes, 0.16161, 0.983023, 0.017704, 0.073923,  2,   491.26126,  14, 43640524.000000, 12.000000, 0.951114, 0.014382
YVEFNLLYDR, Yes, 0.20520, 0.995139, 0.014145, 0.067858,  2,   666.33514,  14, 31089664.000000, 12.000000, 0.965386, 0.019148
IESILMSLPLTAR, Yes, 0.09572, 0.961854, 0.029615, 0.075357,  2,   722.41559,  24, 26837120.000000, 12.000000, 0.844390, 0.011763
IESILMSLPLTAR, Yes, 0.11927, 0.934735, 0.039860, 0.077057,  3,   481.94617,  24, 5482597.500000, 12.000000, 0.638738, 0.023257
NPYAPTMHFNYR, Yes, 0.09996, 0.965566, 0.021101, 0.071941,  3,   504.23471,  21, 28239258.000000, 12.000000, 0.907823, 0.009867
WcDDYFFIVHR, Yes, 0.12918, 0.955588, 0.026758, 0.079545,  3,   519.90295,  14, 15620423.000000, 12.000000, 0.702468, 0.045827
TcAEAVVPSYVPIVK, Yes, 0.16538, 0.985459, 0.016213, 0.056735,  2,   816.93689,  25, 13065863.000000, 12.000000, 0.968036, 0.012000
AGVSISVVHGNLSEEAANQMR, Yes, 0.19726, 0.990089, 0.014482, 0.144817,  3,   723.69543,  50, 9865393.000000, 12.000000, 0.970723, 0.014985
EGGGGITcVLQDGR, Yes, 0.07196, 0.951096, 0.048085, 0.208367,  2,   709.83826,  27, 25484368.000000, 12.000000, 0.858992, 0.010684


MeanRateConst/CorrCutOff, 0.138393, 0.900000


MedianRateConst/RMSSCutOff, 0.129182, 0.050000
StandDev/NumberPeptides, 0.046580, 9
TotalIonCurrent, 6.15654e+09
