Peptides, PeptideUnique, RateConstants, Correlations, RootMeanRSS, AbsoluteIsotopeError, Charge, m/z(Sequence), NEH, Aboundance, NDP, Rsquared,sigma
YHNVGLSK, Yes, 0.08725, 0.962121, 0.024453, 0.025258,  2,   459.24561,  11, 14832094.000000, 10.000000, 0.725333, 0.014694
IFVGGLSPDTPEEK, Yes, 0.63556, 0.950408, 0.042441, 0.466851,  2,   744.88269,  24, 73494608.000000, 10.000000, 0.392635, 0.162639
EYFGGFGEVESIELPMDNK, Yes, 0.01845, 0.672609, 0.044248, 0.091670,  2,  1080.99329,  35, 8108338.500000, 10.000000, 0.318247, 0.008688
EYFGGFGEVESIELPMDNK, Yes, 0.09346, 0.981705, 0.012633, 0.069020,  3,   720.99799,  35, 6520752.000000, 10.000000, 0.959949, 0.006554


MeanRateConst/CorrCutOff, 0.272092, 0.900000


MedianRateConst/RMSSCutOff, 0.093463, 0.050000
StandDev/NumberPeptides, 0.314788, 3
TotalIonCurrent, 2.59012e+09
