Peptides, PeptideUnique, RateConstants, Correlations, RootMeanRSS, AbsoluteIsotopeError, Charge, m/z(Sequence), NEH, Aboundance, NDP, Rsquared,sigma
TAWVFDDK, Yes, 0.24496, 0.932189, 0.025760, 0.117516,  2,   491.23746,  9, 5564721.000000, 11.000000, 0.686424, 0.073669
YVMTTTTLER, Yes, 0.32965, 0.950751, 0.028388, 0.098848,  2,   607.80792,  10, 21841772.000000, 12.000000, 0.861941, 0.069461
VVTDTDETELAR, Yes, 0.16577, 0.974838, 0.023749, 0.063458,  2,   674.83319,  21, 42006556.000000, 12.000000, 0.942432, 0.016821
AGLNcSTETMPIK, Yes, 0.12668, 0.936897, 0.035138, 0.048996,  2,   711.34180,  22, 15401937.000000, 12.000000, 0.657987, 0.021578
TEGLSVLNQAMAVIK, Yes, 0.07909, 0.884134, 0.046183, 0.097392,  2,   787.43451,  27, 15790516.000000, 12.000000, 0.509678, 0.014970


MeanRateConst/CorrCutOff, 0.216765, 0.900000


MedianRateConst/RMSSCutOff, 0.244956, 0.050000
StandDev/NumberPeptides, 0.089914, 4
TotalIonCurrent, 2.75075e+09
