Peptides, PeptideUnique, RateConstants, Correlations, RootMeanRSS, AbsoluteIsotopeError, Charge, m/z(Sequence), NEH, Aboundance, NDP, Rsquared,sigma
VLANPGNSQVAR, Yes, 0.15922, 0.957794, 0.042357, 0.070039,  2,   613.33600,  28, 28781880.000000, 8.000000, 0.864350, 0.028831
SDFDMVDYLNELR, Yes, 0.24943, 0.979160, 0.017867, 0.071962,  2,   808.86670,  21, 8012665.000000, 8.000000, 0.955512, 0.029582
AAVENLPTFLVELSR, Yes, 0.24829, 0.989840, 0.018589, 0.066806,  2,   829.95923,  29, 7873129.500000, 7.000000, 0.961649, 0.027768
GDQENVHPDVMLVQPR, Yes, 0.17163, 0.978819, 0.031082, 0.244990,  3,   611.96857,  34, 6788724.500000, 8.000000, 0.814921, 0.036628
VQHQDALQISDVVMASLLR, Yes, 0.11167, 0.961628, 0.032209, 0.122410,  3,   708.38074,  40, 5011982.500000, 8.000000, 0.808462, 0.026153
SSAYESLMEIVK, Yes, 0.01974, -0.379337, 0.124840, 0.128241,  2,   678.83942,  23, 35106872.000000, 8.000000, -1.075015, 0.017705


MeanRateConst/CorrCutOff, 0.188049, 0.900000


MedianRateConst/RMSSCutOff, 0.171630, 0.050000
StandDev/NumberPeptides, 0.059856, 5
TotalIonCurrent, 1.63729e+09
