Peptides, PeptideUnique, RateConstants, Correlations, RootMeanRSS, AbsoluteIsotopeError, Charge, m/z(Sequence), NEH, Aboundance, NDP, Rsquared,sigma
GELVPLDTVLDMLR, Yes, 0.09716, 0.997055, 0.017096, 0.067003,  2,   785.92908,  20, 17520956.000000, 9.000000, 0.945672, 0.009977
LETYYNATEPVISFYDK, Yes, 0.06618, 0.931753, 0.017135, 0.335414,  2,  1026.99365,  25, 20066032.000000, 9.000000, 0.552772, 0.025081
LETYYNATEPVISFYDKR, Yes, 0.12085, 0.975978, 0.015900, 0.100266,  3,   737.03192,  28, 10076252.000000, 9.000000, 0.858602, 0.017905
VDSSNGFLIDGYPR, Yes, 0.08892, 0.991009, 0.020608, 0.031035,  2,   770.37555,  23, 121543592.000000, 9.000000, 0.639069, 0.022408


MeanRateConst/CorrCutOff, 0.093275, 0.900000


MedianRateConst/RMSSCutOff, 0.097156, 0.050000
StandDev/NumberPeptides, 0.022573, 4
TotalIonCurrent, 3.43622e+09
