Peptides, PeptideUnique, RateConstants, Correlations, RootMeanRSS, AbsoluteIsotopeError, Charge, m/z(Sequence), NEH, Aboundance, NDP, Rsquared,sigma
HLDMADLEAK, Yes, 0.14485, 0.969442, 0.025032, 0.085757,  2,   571.77911,  21, 27911832.000000, 9.000000, 0.591471, 0.037325
LSSQMADDMLK, Yes, 0.36668, 0.957520, 0.041243, 0.216743,  2,   619.79138,  20, 21132832.000000, 9.000000, 0.625426, 0.080133
cILDSELEGIR, Yes, 0.16212, 0.789581, 0.071919, 0.171693,  2,   652.82935,  22, 31082350.000000, 9.000000, -2.089822, 0.064975
ALGGASGGYTTGPEPLVSLLR, Yes, 0.04850, 0.953194, 0.029270, 0.131440,  2,  1008.54163,  39, 18143410.000000, 9.000000, 0.825363, 0.009126
GTDELLGVMDQVTIINSTLGK, Yes, 0.01646, 0.558697, 0.060405, 0.066442,  3,   735.38745,  29, 11153581.000000, 9.000000, 0.053499, 0.015728
LVATDGAFSMDGDIAPLQDIcR, Yes, 0.12447, 0.976253, 0.014086, 0.196635,  2,  1183.06177,  43, 1445896.250000, 8.000000, 0.952833, 0.010946
MEAAGFTVSGADHPIcPVMLGDAR, Yes, 0.06610, 0.960027, 0.022807, 0.133113,  3,   834.72400,  51, 7048540.500000, 9.000000, 0.864913, 0.011337
LAAQYGALVFVDEcHATGFLGPTGR, Yes, 0.07952, 0.975713, 0.013930, 0.085229,  3,   884.10760,  48, 9644844.000000, 9.000000, 0.439522, 0.022823


MeanRateConst/CorrCutOff, 0.092688, 0.900000


MedianRateConst/RMSSCutOff, 0.079521, 0.050000
StandDev/NumberPeptides, 0.040510, 5
TotalIonCurrent, 3.08923e+09
