Peptides, PeptideUnique, RateConstants, Correlations, RootMeanRSS, AbsoluteIsotopeError, Charge, m/z(Sequence), NEH, Aboundance, NDP, Rsquared,sigma
SGYFDER, Yes, 0.05904, 0.973409, 0.026334, 0.057462,  2,   437.19049,  14, 50235204.000000, 12.000000, 0.921210, 0.005885
LYPPSAEYPDLR, Yes, 0.01211, 0.823932, 0.039734, 0.138563,  2,   710.85895,  25, 362802944.000000, 12.000000, -0.121670, 0.005567
SFLIWVNEEDHTR, Yes, 0.18163, 0.961476, 0.032625, 0.313464,  3,   549.27051,  23, 50480428.000000, 12.000000, 0.702650, 0.029114
HNNcMASHLTPAVYAR, Yes, 0.04043, 0.956854, 0.028071, 0.188737,  3,   614.62262,  34, 10645721.000000, 12.000000, 0.884695, 0.004538
GTGGVDTAATGSVFDISNLDR, Yes, 0.06438, 0.979603, 0.016146, 0.084792,  2,  1026.99524,  36, 16554141.000000, 12.000000, 0.949845, 0.004085
VVVDALSGLK, Yes, 0.07584, 0.853586, 0.037243, 0.303396,  2,   500.80551,  13, 88111368.000000, 12.000000, 0.232430, 0.017792
ILTcPSNLGTGLR, Yes, 0.46346, -2.000000, 0.012154, 0.586168,  2,   701.37958,  19, 20498704.000000, 2.000000, -5001.822754, 42.521889
LGYILTcPSNLGTGLR, Yes, 0.04528, -2.000000, 0.000038, 0.354861,  2,   867.96399,  22, 16027306.000000, 1.000000, 0.000000, 0.001525


MeanRateConst/CorrCutOff, 0.086367, 0.900000


MedianRateConst/RMSSCutOff, 0.064377, 0.050000
StandDev/NumberPeptides, 0.064332, 4
TotalIonCurrent, 1.71406e+10
