Peptides, PeptideUnique, RateConstants, Correlations, RootMeanRSS, AbsoluteIsotopeError, Charge, m/z(Sequence), NEH, Aboundance, NDP, Rsquared,sigma
LYLVDLAGSEK, Yes, 0.79654, 0.968222, 0.021838, 0.041523,  2,   604.33209,  17, 46505624.000000, 9.000000, 0.929926, 0.119259
ILQDSLGGNcR, Yes, 0.24994, 0.995461, 0.014860, 0.014776,  2,   616.80621,  21, 12161684.000000, 9.000000, 0.983632, 0.017346
EYELLSDELNQK, Yes, 0.02732, 0.781098, 0.065780, 0.643749,  2,   740.86188,  24, 11229914.000000, 9.000000, 0.298727, 0.012687
HVAVTNMNEHSSR, Yes, 0.17338, 0.900880, 0.046817, 0.317152,  3,   494.56863,  28, 11453168.000000, 9.000000, 0.332712, 0.053562
TQMLDQEELLASTR, Yes, 2.17928, 0.915448, 0.064809, 0.656393,  2,   817.90631,  31, 5050181.500000, 9.000000, -1.029990, 1.889124
SLSALGNVISALAEGSTYVPYR, Yes, 0.24568, 0.997607, 0.014696, 0.213270,  3,   756.73383,  43, 4680161.000000, 9.000000, 0.956095, 0.021991


MeanRateConst/CorrCutOff, 0.366386, 0.900000


MedianRateConst/RMSSCutOff, 0.249943, 0.050000
StandDev/NumberPeptides, 0.288913, 4
TotalIonCurrent, 1.89828e+09
