Peptides, PeptideUnique, RateConstants, Correlations, RootMeanRSS, AbsoluteIsotopeError, Charge, m/z(Sequence), NEH, Aboundance, NDP, Rsquared,sigma
SINLALSYR, Yes, 0.19712, 0.952508, 0.036952, 0.136905,  2,   518.79291,  17, 68865488.000000, 12.000000, 0.758786, 0.031695
AIGLEDQIVSK, Yes, 0.01932, 0.630747, 0.043466, 0.071231,  2,   586.82971,  22, 74751832.000000, 12.000000, -0.468958, 0.006153
NFQVDVYEAR, Yes, 0.23233, 0.971198, 0.024941, 0.089526,  2,   620.80145,  20, 34579324.000000, 12.000000, 0.942010, 0.025481
DLLTAVESYANAK, Yes, 0.10075, 0.980043, 0.028040, 0.105318,  3,   465.57690,  25, 7569219.500000, 12.000000, 0.937639, 0.010535
DLLTAVESYANAK, Yes, 0.09044, 0.981501, 0.019066, 0.053378,  2,   697.86169,  25, 50479584.000000, 12.000000, 0.956268, 0.006293
FNNNLSMcLPEFSR, Yes, 0.06185, 0.938133, 0.026613, 0.165980,  2,   864.89526,  25, 15724693.000000, 12.000000, 0.823164, 0.008134
SFTcTLFMPFEEFER, Yes, 0.11251, 0.996833, 0.007299, 0.057482,  2,   970.93152,  25, 12423388.000000, 12.000000, 0.991334, 0.004060
NGEYAMEPNcLHIWPR, Yes, 0.10488, 0.967005, 0.019821, 0.092203,  3,   662.96979,  34, 19906542.000000, 11.000000, 0.887617, 0.010714
DVTcDLVVGcDGAYSTVR, Yes, 0.06043, 0.786788, 0.030710, 0.286132,  2,   993.94843,  26, 3211806.000000, 7.000000, 0.275238, 0.018555
VTcDLVVGcDGAYSTVR, Yes, 0.02098, 0.866346, 0.097062, 0.415194,  2,   936.43494,  24, 5194632.000000, 12.000000, 0.392865, 0.011279


MeanRateConst/CorrCutOff, 0.102142, 0.900000


MedianRateConst/RMSSCutOff, 0.100746, 0.050000
StandDev/NumberPeptides, 0.009197, 4
TotalIonCurrent, 7.3822e+09
