Peptides, PeptideUnique, RateConstants, Correlations, RootMeanRSS, AbsoluteIsotopeError, Charge, m/z(Sequence), NEH, Aboundance, NDP, Rsquared,sigma
STLQTLPEIVAK, Yes, 0.12908, 0.986984, 0.023913, 0.082645,  2,   650.37958,  20, 51858700.000000, 11.000000, 0.949856, 0.012987
LISEEGVDSLTVK, Yes, 0.10823, 0.986922, 0.015293, 0.057641,  2,   695.37720,  21, 20791902.000000, 11.000000, 0.966693, 0.007186
FLQDTIEEMALK, Yes, 0.16423, 0.992240, 0.011965, 0.107486,  2,   719.36835,  22, 28648168.000000, 11.000000, 0.983776, 0.008824
ETGERPSNEEIMR, Yes, 0.12036, 0.987687, 0.017981, 0.044886,  3,   516.57544,  34, 16648112.000000, 11.000000, 0.970057, 0.007925
LLELQSIGTNNFLR, Yes, 0.18104, 0.711188, 0.077439, 0.130464,  3,   539.97015,  23, 2031913.625000, 11.000000, 0.245227, 0.081737
LLELQSIGTNNFLR, Yes, 0.14257, 0.955209, 0.027498, 0.175078,  2,   809.45154,  23, 18238168.000000, 11.000000, 0.847852, 0.017922
LEEGGPVYSPPAQVVVR, Yes, 0.01488, 0.742976, 0.045085, 0.193497,  2,   898.98071,  37, 10823903.000000, 11.000000, 0.294345, 0.005741
VQQMIGQIDGLITQLETTQQDGK, Yes, 0.14181, 0.989885, 0.009535, 0.096830,  3,   848.77063,  44, 5505764.500000, 11.000000, 0.977963, 0.008329
VAEVEGEKVDNK, Yes, 0.09459, 0.927365, 0.035350, 0.058090,  3,   439.56125,  24, 8955933.000000, 11.000000, 0.645439, 0.016975


MeanRateConst/CorrCutOff, 0.122775, 0.900000


MedianRateConst/RMSSCutOff, 0.129084, 0.050000
StandDev/NumberPeptides, 0.019005, 6
TotalIonCurrent, 4.85275e+09
