Peptides, PeptideUnique, RateConstants, Correlations, RootMeanRSS, AbsoluteIsotopeError, Charge, m/z(Sequence), NEH, Aboundance, NDP, Rsquared,sigma
AIELLEK, Yes, 0.08941, 0.961847, 0.027594, 0.085537,  2,   408.24725,  14, 40848028.000000, 10.000000, 0.855677, 0.011113
EQNSPIYISR, Yes, 0.08141, 0.940116, 0.038810, 0.084342,  2,   603.80927,  23, 38224620.000000, 10.000000, 0.778480, 0.012102
TEEGLGFNIMGGK, Yes, 0.16668, 0.963177, 0.033734, 0.128732,  2,   676.82935,  21, 9282025.000000, 10.000000, 0.895173, 0.027210
ATVAAFAASEGHSHPR, Yes, 0.14744, 0.968166, 0.033264, 0.148360,  3,   536.93408,  44, 8054834.500000, 10.000000, 0.886318, 0.017703
EVYEHVYETVDISSSPEVR, Yes, 0.07085, 0.931871, 0.033286, 0.229020,  3,   746.69019,  38, 4185632.500000, 9.000000, 0.626127, 0.017921


MeanRateConst/CorrCutOff, 0.111160, 0.900000


MedianRateConst/RMSSCutOff, 0.089411, 0.050000
StandDev/NumberPeptides, 0.042960, 5
TotalIonCurrent, 2.18108e+09
