Peptides, PeptideUnique, RateConstants, Correlations, RootMeanRSS, AbsoluteIsotopeError, Charge, m/z(Sequence), NEH, Aboundance, NDP, Rsquared,sigma
YTLGESQGYK, Yes, 0.18160, 0.956307, 0.030775, 0.199721,  2,   573.27728,  16, 38117644.000000, 12.000000, 0.820537, 0.025649
LTYTAEVSVPK, Yes, 0.06727, 0.959431, 0.021686, 0.128363,  2,   604.33209,  16, 29695782.000000, 12.000000, 0.738869, 0.008622
AILPcQDTPSVK, Yes, 0.11050, 0.974498, 0.022251, 0.032182,  2,   664.84760,  22, 17880262.000000, 12.000000, 0.787600, 0.016126
FSYQSVTTDDWK, Yes, 1.09494, 0.704070, 0.043837, 0.223254,  2,   738.83569,  15, 6932262.500000, 12.000000, -0.214423, 0.530774
SHDQAVHTYQEHK, Yes, 0.10837, 0.989854, 0.016710, 0.044037,  4,   395.68665,  30, 9299518.000000, 12.000000, 0.972252, 0.007054
SSALQWLTPEQTSGK, Yes, 0.08353, 0.985848, 0.016122, 0.089346,  2,   816.91504,  30, 24335098.000000, 12.000000, 0.965425, 0.005257
TLTGTAALTVQSQEENLR, Yes, 0.10952, 0.960725, 0.033360, 0.183919,  3,   644.67261,  36, 8012285.500000, 12.000000, 0.769772, 0.014293
MQEVYNFNAINNSEIR, Yes, 0.06849, 0.941611, 0.031218, 0.278231,  2,   971.45978,  33, 3751249.000000, 12.000000, 0.840125, 0.009850
DLSSHQLNEFLAQVLQK, Yes, 0.06636, 0.978259, 0.034674, 0.192046,  3,   657.34955,  35, 12524442.000000, 11.000000, 0.864467, 0.010089
ASMHPVTAMLVGR, Yes, 0.00003, 0.684385, 0.117762, 0.280582,  3,   457.24081,  25, 27313222.000000, 12.000000, -1.493401, 0.008579


MeanRateConst/CorrCutOff, 0.087719, 0.900000


MedianRateConst/RMSSCutOff, 0.083533, 0.050000
StandDev/NumberPeptides, 0.021144, 7
TotalIonCurrent, 4.79567e+09
