Peptides, PeptideUnique, RateConstants, Correlations, RootMeanRSS, AbsoluteIsotopeError, Charge, m/z(Sequence), NEH, Aboundance, NDP, Rsquared,sigma
LLPQDPQKR, Yes, 0.15085, 0.993517, 0.012326, 0.038790,  2,   547.81946,  20, 21074044.000000, 11.000000, 0.985002, 0.007417
VITSGFNALEK, Yes, 0.14738, 0.997888, 0.006629, 0.050056,  2,   589.82440,  17, 192962256.000000, 11.000000, 0.991542, 0.005579
RQPDTPAELR, Yes, 0.02215, 0.709180, 0.046330, 0.026155,  2,   591.81488,  26, 147934336.000000, 11.000000, -0.963206, 0.005187
GIDYEIVPINLIK, Yes, 0.15154, 0.998547, 0.006554, 0.029520,  2,   743.92938,  18, 57977704.000000, 11.000000, 0.989906, 0.006576
QVGQENQMQWAQK, Yes, 0.18014, 0.995141, 0.017299, 0.046235,  2,   787.87262,  33, 88058312.000000, 11.000000, 0.976318, 0.013289
VDLSPYPTISHINK, Yes, 0.02887, 0.919190, 0.063416, 0.172143,  2,   792.42505,  21, 293312224.000000, 11.000000, 0.521325, 0.010365
ELLALEVFQVSHPR, Yes, 0.16182, 0.995730, 0.009751, 0.019846,  3,   546.63849,  30, 125684352.000000, 11.000000, 0.987620, 0.007703
ELLALEVFQVSHPR, Yes, 0.05829, 0.951429, 0.071788, 0.143701,  2,   819.45410,  30, 105658624.000000, 11.000000, 0.609018, 0.018500
DGGQQFTEEFQTLNPMK, Yes, 0.17975, 0.997823, 0.010082, 0.057838,  2,   985.45166,  33, 45598340.000000, 11.000000, 0.984615, 0.010419
MISDLIASGIQPLQNLSVLK, Yes, 0.16155, 0.998044, 0.005202, 0.036874,  3,   714.07306,  35, 49053248.000000, 11.000000, 0.992189, 0.005936
MISDLIASGIQPLQNLSVLK, Yes, 0.14839, 0.997010, 0.007651, 0.049045,  2,  1070.60596,  35, 24106812.000000, 11.000000, 0.985777, 0.007546
YcVGDEVSMADVcLVPQVANAER, Yes, 0.00002, -0.733060, 0.065282, 0.032294,  3,   861.39429,  48, 26717698.000000, 11.000000, -0.034284, 0.006336
YcVGDEVSMADVcLVPQVANAER, Yes, 0.07924, 0.734154, 0.055243, 0.122332,  2,  1291.58777,  48, 2972966.500000, 10.000000, -0.179497, 0.056197


MeanRateConst/CorrCutOff, 0.157325, 0.900000


MedianRateConst/RMSSCutOff, 0.151542, 0.050000
StandDev/NumberPeptides, 0.011511, 7
TotalIonCurrent, 2.75657e+10
