Peptides, PeptideUnique, RateConstants, Correlations, RootMeanRSS, AbsoluteIsotopeError, Charge, m/z(Sequence), NEH, Aboundance, NDP, Rsquared,sigma
HVLVTLGEK, Yes, 0.23590, 0.986763, 0.013119, 0.057345,  2,   498.29785,  11, 261031168.000000, 11.000000, 0.968810, 0.019796
EAFQLFDR, Yes, 0.30126, 0.993779, 0.013044, 0.039893,  2,   513.25616,  18, 200102768.000000, 11.000000, 0.983667, 0.017315
ILYSQcGDVMR, Yes, 0.17817, 0.993786, 0.010925, 0.020615,  2,   671.31812,  19, 202780864.000000, 11.000000, 0.978679, 0.010351
ALGQNPTNAEVLK, Yes, 0.18477, 0.989130, 0.021316, 0.034831,  2,   677.86987,  26, 192169600.000000, 11.000000, 0.949061, 0.016127
ILYSQcGDVmR, Yes, 0.12961, 0.834295, 0.057441, 0.132558,  2,   679.31555,  19, 3637994.250000, 11.000000, 0.219788, 0.057360
VFDKEGNGTVMGAEIR, Yes, 0.07680, 0.891939, 0.044364, 0.124482,  2,   861.92761,  29, 3460852.000000, 10.000000, 0.694604, 0.018307
VFDKEGNGTVMGAEIR, Yes, 0.00759, -0.214105, 0.175715, 0.203446,  3,   574.95416,  29, 20690958.000000, 9.000000, -0.093242, 0.015830
NKDQGTYEDYVEGLR, Yes, 0.18715, 0.975467, 0.021969, 0.062349,  3,   596.27960,  27, 70022392.000000, 11.000000, 0.920131, 0.020994
NKDQGTYEDYVEGLR, Yes, 0.26003, 0.989021, 0.013491, 0.106423,  2,   893.91577,  27, 12626924.000000, 11.000000, 0.973360, 0.018755
VLDFEHFLPMLQTVAK, Yes, 0.22145, 0.992628, 0.009246, 0.057757,  3,   630.00610,  24, 131605048.000000, 11.000000, 0.979744, 0.014793
EGNGTVMGAEIR, Yes, 0.32155, 0.952860, 0.054880, 0.077263,  2,   617.29822,  26, 68199576.000000, 11.000000, 0.539340, 0.088714
DQGTYEDYVEGLR, Yes, 0.22099, 0.972817, 0.037859, 0.142450,  2,   772.84680,  25, 28570578.000000, 11.000000, 0.906379, 0.039130


MeanRateConst/CorrCutOff, 0.212638, 0.900000


MedianRateConst/RMSSCutOff, 0.220990, 0.050000
StandDev/NumberPeptides, 0.030413, 7
TotalIonCurrent, 3.62728e+10
