Peptides, PeptideUnique, RateConstants, Correlations, RootMeanRSS, AbsoluteIsotopeError, Charge, m/z(Sequence), NEH, Aboundance, NDP, Rsquared,sigma
EIFNVDSSQTK, Yes, 0.08298, 0.821784, 0.058470, 0.082931,  2,   634.31189,  19, 8864247.000000, 7.000000, 0.110239, 0.039602
SIYDTVTDTAMVEK, Yes, 0.10915, 0.986168, 0.020225, 0.085461,  2,   786.87671,  19, 35582904.000000, 7.000000, -0.064815, 0.050254
DVLSTDILILIHSSK, Yes, 0.16794, 0.921360, 0.030822, 0.136150,  3,   551.98560,  20, 4054407.500000, 7.000000, 0.704721, 0.056101
SSQVASQLNFGEEAFK, Yes, 0.03526, 0.903632, 0.028196, 0.106819,  2,   871.42322,  37, 33809612.000000, 7.000000, -0.209425, 0.010863


MeanRateConst/CorrCutOff, 0.104116, 0.900000


MedianRateConst/RMSSCutOff, 0.109155, 0.050000
StandDev/NumberPeptides, 0.066482, 3
TotalIonCurrent, 1.35232e+09
