Peptides, PeptideUnique, RateConstants, Correlations, RootMeanRSS, AbsoluteIsotopeError, Charge, m/z(Sequence), NEH, Aboundance, NDP, Rsquared,sigma
IGDTIEFR, Yes, 0.17000, 0.994973, 0.011625, 0.046663,  2,   475.75073,  13, 115487896.000000, 10.000000, 0.982862, 0.011599
STPAITLENPDIK, Yes, 0.13821, 0.996842, 0.009778, 0.033082,  2,   699.87738,  23, 64127288.000000, 10.000000, 0.989510, 0.006448
SVGMIAGGTGITPMLQVIR, Yes, 0.04244, 0.959700, 0.015718, 0.051804,  3,   634.34973,  32, 13800145.000000, 9.000000, 0.915425, 0.004158
PYTPVSSDDDKGFVDLVVK, Yes, 0.15028, 0.976777, 0.016746, 0.081566,  3,   694.35278,  24, 11978442.000000, 10.000000, 0.922596, 0.018692
APDAWDYSQGFVNEEMIR, Yes, 0.14900, 0.983544, 0.017612, 0.070316,  3,   709.98621,  39, 10914030.000000, 10.000000, 0.951953, 0.016480
APDAWDYSQGFVNEEMIR, Yes, 0.16718, 0.992436, 0.010736, 0.043495,  2,  1064.47559,  39, 16959560.000000, 10.000000, 0.980574, 0.011074
FALPSPQHILGLPIGQHIYLSTR, Yes, 0.11461, 0.863378, 0.044090, 0.051989,  4,   640.36151,  44, 9848098.000000, 10.000000, -0.374543, 0.067605
MSQYLENMK, Yes, 0.03031, 0.977355, 0.024427, 0.093261,  2,   572.26227,  16, 116697920.000000, 10.000000, 0.865632, 0.004345
GPNGLLVYQGK, Yes, 0.09381, 0.847634, 0.052262, 0.086878,  2,   573.31927,  17, 45074088.000000, 10.000000, 0.491733, 0.027760
LIDKEVISPDTR, Yes, 0.19936, 0.958481, 0.029453, 0.265936,  2,   693.38538,  20, 5651372.500000, 10.000000, 0.828150, 0.040945
SVGMIAGGTGITPMLQVIR, Yes, 0.04789, 0.945541, 0.021312, 0.093701,  2,   951.02100,  32, 26569354.000000, 10.000000, 0.853423, 0.006330


MeanRateConst/CorrCutOff, 0.121629, 0.900000


MedianRateConst/RMSSCutOff, 0.149003, 0.050000
StandDev/NumberPeptides, 0.063591, 9
TotalIonCurrent, 8.60735e+09
