Peptides, PeptideUnique, RateConstants, Correlations, RootMeanRSS, AbsoluteIsotopeError, Charge, m/z(Sequence), NEH, Aboundance, NDP, Rsquared,sigma
DPEFVFYDQLK, Yes, 0.07764, 0.992638, 0.023804, 0.151469,  2,   700.84027,  17, 8241358.000000, 9.000000, 0.713686, 0.024307
MQQYDLQGQPYGTR, Yes, 0.03483, -0.478220, 0.094798, 0.368829,  2,   842.89105,  30, 12176283.000000, 9.000000, -3.455665, 0.018499
QSAGAVVIILPR, Yes, 0.05884, 0.960276, 0.061234, 0.209759,  2,   612.37714,  26, 5030262.500000, 9.000000, 0.775208, 0.014201
EGTLQHAFLR, Yes, 0.00015, 0.176159, 0.163552, 0.079283,  3,   391.21213,  21, 29554670.000000, 9.000000, -0.118656, 0.014482


MeanRateConst/CorrCutOff, 0.077640, 0.900000


MedianRateConst/RMSSCutOff, 0.077640, 0.050000
StandDev/NumberPeptides, 0.000000, 1
TotalIonCurrent, 6.39439e+08
