Peptides, PeptideUnique, RateConstants, Correlations, RootMeanRSS, AbsoluteIsotopeError, Charge, m/z(Sequence), NEH, Aboundance, NDP, Rsquared,sigma
MGFIQER, Yes, 0.44061, 0.972483, 0.023440, 0.098204,  2,   440.72092,  15, 40962156.000000, 12.000000, 0.383140, 0.179716
ALVPMFVR, Yes, 1.22322, 0.637731, 0.032078, 0.801514,  2,   466.77295,  13, 45772644.000000, 12.000000, -3.196817, 0.923352
IQTTAPPVK, Yes, 0.18105, 0.967101, 0.029885, 0.034679,  2,   477.78458,  15, 80480528.000000, 12.000000, 0.852400, 0.024945
YYSIASSSK, Yes, 0.31398, 0.959741, 0.034096, 0.032075,  2,   503.24799,  16, 225930240.000000, 12.000000, 0.909090, 0.051826
SDEDYLYR, Yes, 0.26318, 0.988030, 0.016368, 0.091385,  2,   530.73273,  15, 18108206.000000, 12.000000, 0.969259, 0.022627
TYEHFNAMGK, Yes, 0.04027, 0.810028, 0.068140, 0.192401,  2,   599.27148,  17, 43317236.000000, 12.000000, -0.041178, 0.020245
NPFLAAVTTNR, Yes, 0.14362, 0.965676, 0.026151, 0.062534,  2,   602.32764,  19, 67534336.000000, 12.000000, 0.913886, 0.015678
HPFPcPTTYR, Yes, 0.16484, 0.934580, 0.028604, 0.091584,  2,   638.30060,  16, 15003929.000000, 12.000000, 0.654162, 0.031804
ELYLSWVVEAR, Yes, 0.34325, 0.993140, 0.010076, 0.065383,  2,   682.86407,  20, 26889858.000000, 12.000000, 0.985009, 0.020118
EVGETLLYYGcR, Yes, 0.33746, 0.990017, 0.013037, 0.050415,  2,   730.34790,  19, 33030586.000000, 12.000000, 0.966881, 0.026468
TALTYYLDITNPPR, Yes, 0.02382, 0.878427, 0.065871, 0.076728,  2,   819.43030,  20, 237272080.000000, 12.000000, 0.293056, 0.009924
TALTYYLDITNPPR, Yes, 0.19333, 0.978036, 0.018499, 0.074747,  3,   546.62262,  20, 27771952.000000, 12.000000, 0.921736, 0.021675
NIIVFYGSQTGTAEEFANR, Yes, 0.29758, 0.988985, 0.014886, 0.109143,  2,  1059.01855,  37, 6878826.500000, 12.000000, 0.960811, 0.028666
TNVLYELAQYASEPSEQEHLHK, Yes, 0.27269, 0.959800, 0.020823, 0.046129,  4,   647.31720,  51, 11763471.000000, 11.000000, 0.744585, 0.054429
DVQNTFYDIVAEFGPMEHTQAVDYVK, Yes, 0.37184, 0.988176, 0.008088, 0.096403,  3,  1006.13928,  45, 6012198.000000, 12.000000, 0.962618, 0.032005
FAVFGLGNK, Yes, 0.24934, 0.980003, 0.018119, 0.046645,  2,   476.76617,  12, 98311424.000000, 12.000000, 0.929926, 0.029031


MeanRateConst/CorrCutOff, 0.271685, 0.900000


MedianRateConst/RMSSCutOff, 0.272689, 0.050000
StandDev/NumberPeptides, 0.069486, 11
TotalIonCurrent, 3.1713e+10
