Peptides, PeptideUnique, RateConstants, Correlations, RootMeanRSS, AbsoluteIsotopeError, Charge, m/z(Sequence), NEH, Aboundance, NDP, Rsquared,sigma
GDFcIQVGR, No, 0.12118, 0.967819, 0.024928, 0.018521,  2,   526.25311,  16, 711885248.000000, 12.000000, 0.910333, 0.012147
NIIHGSDSVK, Yes, 0.12003, 0.989537, 0.015195, 0.058706,  2,   535.28546,  17, 61519328.000000, 12.000000, 0.970727, 0.007608
FLQASEDLLK, Yes, 0.19563, 0.998193, 0.007100, 0.045761,  2,   582.31897,  19, 138357920.000000, 12.000000, 0.993099, 0.007210
DRPFFTGLVK, Yes, 0.15077, 0.978845, 0.016294, 0.094762,  3,   393.88889,  12, 100151336.000000, 12.000000, 0.941437, 0.015587
TFIAIKPDGVQR, No, 0.07437, 0.939875, 0.032979, 0.056981,  2,   672.88531,  21, 187995856.000000, 12.000000, 0.768991, 0.009616
TFIAIKPDGVQR, No, 0.10298, 0.951579, 0.033162, 0.028872,  3,   448.92599,  21, 1208053760.000000, 12.000000, 0.769769, 0.013526
VMLGETNPADSKPGTIR, No, 0.09129, 0.955285, 0.028390, 0.025285,  3,   595.97699,  31, 670051136.000000, 12.000000, 0.829715, 0.010521
VMLGETNPADSKPGTIR, No, 0.08504, 0.953609, 0.025977, 0.056678,  2,   893.46179,  31, 54124940.000000, 12.000000, 0.877681, 0.009016
VmLGETNPADSKPGTIR, No, 0.01290, 0.934928, 0.013099, 0.182773,  3,   601.30859,  31, 99936600.000000, 12.000000, 0.605044, 0.002862
VmLGETNPADSKPGTIR, No, 0.01199, 0.861688, 0.030997, 0.208740,  2,   901.45929,  31, 10429903.000000, 12.000000, 0.540613, 0.003082
EISLWFQPEELVEYK, Yes, 0.21245, 0.997365, 0.005937, 0.015369,  2,   955.48273,  29, 53651952.000000, 12.000000, 0.994493, 0.006839
YMHSGPVVAMVWEGLNVVK, Yes, 0.02620, 0.869929, 0.019802, 0.139694,  3,   706.02881,  28, 167365632.000000, 12.000000, 0.719132, 0.003751
YmHSGPVVAMVWEGLNVVK, Yes, 0.00657, 0.422633, 0.029954, 0.203319,  3,   711.36041,  28, 62929492.000000, 12.000000, -0.188249, 0.004158
VMLGETNPADSK, No, 0.07257, 0.670687, 0.064849, 0.101634,  2,   631.30829,  22, 24413326.000000, 12.000000, -0.668276, 0.018813


MeanRateConst/CorrCutOff, 0.099150, 0.900000


MedianRateConst/RMSSCutOff, 0.102985, 0.050000
StandDev/NumberPeptides, 0.019030, 6
TotalIonCurrent, 1.33197e+11
