Peptides, PeptideUnique, RateConstants, Correlations, RootMeanRSS, AbsoluteIsotopeError, Charge, m/z(Sequence), NEH, Aboundance, NDP, Rsquared,sigma
NIIHGSDSVESAEK, Yes, 0.05891, 0.951352, 0.032693, 0.049846,  3,   495.91083,  31, 450430432.000000, 12.000000, 0.817886, 0.006378
NIIHGSDSVESAEK, Yes, 0.06530, 0.934465, 0.039377, 0.036347,  2,   743.36261,  31, 145083632.000000, 12.000000, 0.746513, 0.008285
EIHLWFKPEELIDYK, Yes, 0.27099, 0.967749, 0.017299, 0.037330,  3,   654.01202,  24, 63771788.000000, 12.000000, 0.916594, 0.033725
YMNSGPVVAMVWEGLNVVK, Yes, 0.14986, 0.995161, 0.007109, 0.032818,  3,   698.35681,  27, 163953760.000000, 12.000000, 0.982710, 0.008012
YMNSGPVVAMVWEGLNVVK, Yes, 0.15939, 0.997026, 0.005432, 0.042755,  2,  1047.03149,  27, 89832712.000000, 12.000000, 0.988901, 0.006897


MeanRateConst/CorrCutOff, 0.108365, 0.900000


MedianRateConst/RMSSCutOff, 0.149861, 0.050000
StandDev/NumberPeptides, 0.053621, 4
TotalIonCurrent, 3.4617e+10
