Peptides, PeptideUnique, RateConstants, Correlations, RootMeanRSS, AbsoluteIsotopeError, Charge, m/z(Sequence), NEH, Aboundance, NDP, Rsquared,sigma
mGSQVIIPYR, Yes, 0.06647, 0.888761, 0.047884, 0.144828,  2,   590.31317,  18, 3531805.250000, 12.000000, 0.470173, 0.018728
cDVYDIMHLR, Yes, 0.07647, 0.950733, 0.031638, 0.135303,  3,   441.20578,  15, 23752688.000000, 12.000000, 0.879923, 0.010611
WLSSEIEETKPAK, Yes, 0.10271, 0.994422, 0.010653, 0.050707,  3,   506.59970,  26, 65452948.000000, 12.000000, 0.983731, 0.004778
WLSSEIEETKPAK, Yes, 0.05119, 0.929735, 0.031454, 0.056335,  2,   759.39594,  26, 25768618.000000, 12.000000, 0.758978, 0.006123
AVQHSNVVINLIGR, Yes, 0.09221, 0.986289, 0.015493, 0.042365,  3,   507.29495,  26, 79528768.000000, 12.000000, 0.969066, 0.005601
LFGLSPFEPWTTK, Yes, 0.07500, 0.988225, 0.010864, 0.057878,  2,   761.90063,  16, 51187332.000000, 12.000000, 0.962739, 0.004964
NFDFEDVFVNIPR, Yes, 0.09877, 0.992313, 0.011740, 0.044974,  3,   537.93158,  20, 14544571.000000, 12.000000, 0.974779, 0.006074
SSVSGVVATVFGATGFLGR, Yes, 0.05932, 0.986289, 0.017867, 0.114569,  3,   604.65985,  31, 15827148.000000, 12.000000, 0.947183, 0.004672
SSVSGVVATVFGATGFLGR, Yes, 0.02953, 0.869077, 0.037426, 0.089468,  2,   906.48615,  31, 22036922.000000, 12.000000, -0.194454, 0.010036
LMGDLGQLTFLEWDAR, Yes, 0.13263, 0.997352, 0.007721, 0.097062,  2,   932.96674,  27, 35421136.000000, 12.000000, 0.989075, 0.005783
LMGDLGQLTFLEWDAR, Yes, 0.13335, 0.995775, 0.007383, 0.067400,  3,   622.31360,  27, 8020684.500000, 12.000000, 0.990008, 0.005345
MGSQVIIPYR, Yes, 0.06509, 0.971402, 0.023817, 0.125850,  2,   582.31567,  18, 69476952.000000, 12.000000, 0.921451, 0.006349
QPVYVADVSK, Yes, 0.10395, 0.693540, 0.080249, 0.078827,  2,   553.29803,  17, 57443872.000000, 12.000000, -0.028413, 0.042257
NFDFEDVFVNIPR, Yes, 0.07230, 0.962079, 0.020954, 0.082872,  2,   806.39374,  20, 65687120.000000, 12.000000, 0.768195, 0.011116
LmGDLGQLTFLEWDAR, Yes, 0.06065, 0.902190, 0.053567, 0.271801,  2,   940.96417,  27, 865486.000000, 12.000000, 0.181034, 0.025206


MeanRateConst/CorrCutOff, 0.077006, 0.900000


MedianRateConst/RMSSCutOff, 0.075004, 0.050000
StandDev/NumberPeptides, 0.017724, 9
TotalIonCurrent, 1.3734e+10
