Peptides, PeptideUnique, RateConstants, Correlations, RootMeanRSS, AbsoluteIsotopeError, Charge, m/z(Sequence), NEH, Aboundance, NDP, Rsquared,sigma
AVIAPSGVEK, Yes, 0.07497, 0.996893, 0.015767, 0.051864,  2,   485.78201,  21, 206570960.000000, 10.000000, 0.976058, 0.004496
EVNGLPIMESNYFDPSK, Yes, 0.08536, 0.893207, 0.042336, 0.023709,  2,   970.45892,  30, 44726876.000000, 10.000000, 0.134018, 0.031660
EVNGLPIMESNYFDPSK, Yes, 0.02489, 0.805769, 0.055288, 0.095884,  3,   647.30835,  30, 5167933.500000, 9.000000, 0.161652, 0.016262
NPDFHGYDSDPVVDVWNMR, Yes, 0.06485, 0.967044, 0.030051, 0.160241,  3,   755.00061,  31, 19536452.000000, 10.000000, 0.823791, 0.012728


MeanRateConst/CorrCutOff, 0.069910, 0.900000


MedianRateConst/RMSSCutOff, 0.074968, 0.050000
StandDev/NumberPeptides, 0.007153, 2
TotalIonCurrent, 6.23738e+09
