Peptides, PeptideUnique, RateConstants, Correlations, RootMeanRSS, AbsoluteIsotopeError, Charge, m/z(Sequence), NEH, Aboundance, NDP, Rsquared,sigma
IDLMSISGHK, Yes, 0.12851, 0.971501, 0.021388, 0.125231,  3,   367.53046,  16, 17909566.000000, 8.000000, 0.926744, 0.014642
VEALQSGGGQER, Yes, 0.19464, 0.987145, 0.025605, 0.062066,  2,   615.80731,  33, 12223946.000000, 8.000000, 0.962164, 0.017501
QPIAEIGQIcSSR, Yes, 0.15049, 0.980302, 0.018596, 0.053138,  2,   729.87207,  33, 21383832.000000, 8.000000, 0.845775, 0.020759
FTTEEEVDYTAEK, Yes, 0.19830, 0.974683, 0.022435, 0.130398,  2,   781.34882,  24, 6858649.000000, 8.000000, 0.943762, 0.022193
THAYGWESEAAMER, Yes, 0.16408, 0.980701, 0.031154, 0.134630,  3,   546.57196,  36, 11392977.000000, 8.000000, 0.919744, 0.023292
DVALSSGSAcTSASLEPSYVLR, Yes, 0.10162, 0.910864, 0.027837, 0.140841,  2,  1135.55212,  46, 3947381.250000, 8.000000, 0.737175, 0.018849
VTYLPVQK, Yes, 0.14099, 0.960417, 0.032891, 0.112200,  2,   474.28165,  9, 44196792.000000, 8.000000, 0.719900, 0.047657
VYFHTDAAQAVGK, Yes, 0.17276, 0.977777, 0.033117, 0.091364,  3,   469.57361,  25, 13473157.000000, 8.000000, 0.197546, 0.053992


MeanRateConst/CorrCutOff, 0.164254, 0.900000


MedianRateConst/RMSSCutOff, 0.164082, 0.050000
StandDev/NumberPeptides, 0.026339, 7
TotalIonCurrent, 2.24038e+09
