Peptides, PeptideUnique, RateConstants, Correlations, RootMeanRSS, AbsoluteIsotopeError, Charge, m/z(Sequence), NEH, Aboundance, NDP, Rsquared,sigma
SVFFGPDFITVTK, Yes, 0.06836, 0.763918, 0.050859, 0.187324,  2,   729.38739,  13, 20837434.000000, 8.000000, 0.103000, 0.031369
IRPTVQEDGGDVIYR, Yes, 0.19997, 0.936108, 0.038053, 0.085576,  3,   573.30042,  28, 10882135.000000, 8.000000, 0.681113, 0.040478
MFIQTQDTPNPNSLK, Yes, 0.23649, 0.974645, 0.018908, 0.072343,  2,   867.42999,  25, 5020997.500000, 8.000000, 0.886241, 0.035671
LQGScTScPSSIITLK, Yes, 0.13934, 0.952041, 0.021901, 0.087515,  2,   876.43695,  26, 10577016.000000, 8.000000, 0.863251, 0.017637


MeanRateConst/CorrCutOff, 0.191934, 0.900000


MedianRateConst/RMSSCutOff, 0.199967, 0.050000
StandDev/NumberPeptides, 0.049072, 3
TotalIonCurrent, 9.18574e+08
