Peptides, PeptideUnique, RateConstants, Correlations, RootMeanRSS, AbsoluteIsotopeError, Charge, m/z(Sequence), NEH, Aboundance, NDP, Rsquared,sigma
LFIVDAR, Yes, 0.67121, 0.593256, 0.094870, 0.812227,  2,   417.24762,  11, 38856676.000000, 10.000000, -0.666467, 0.758237
SPNELVDDLFK, Yes, 1.50098, 0.961943, 0.022288, 0.062885,  2,   638.82458,  17, 15434307.000000, 10.000000, 0.906306, 0.336984
LGAAPEEESAYVAGER, Yes, 0.05868, 0.603184, 0.135368, 0.053273,  2,   824.89429,  46, 19519684.000000, 10.000000, -0.199800, 0.035626
SYQDPSNAQFLESIR, Yes, 0.24641, 0.982239, 0.022065, 0.085621,  2,   877.92084,  35, 14404357.000000, 10.000000, 0.936089, 0.024701
ASSSILINEAEPTTNIQIR, Yes, 0.23326, 0.958848, 0.038994, 0.168488,  2,  1029.04724,  42, 3718690.000000, 10.000000, 0.876046, 0.046416


MeanRateConst/CorrCutOff, 0.660214, 0.900000


MedianRateConst/RMSSCutOff, 0.246405, 0.050000
StandDev/NumberPeptides, 0.728151, 3
TotalIonCurrent, 2.66097e+09
