Peptides, PeptideUnique, RateConstants, Correlations, RootMeanRSS, AbsoluteIsotopeError, Charge, m/z(Sequence), NEH, Aboundance, NDP, Rsquared,sigma
NFSGAELEGLVR, Yes, 0.28028, 0.980467, 0.030629, 0.036481,  2,   646.33569,  26, 12602085.000000, 8.000000, 0.904802, 0.042121
VLDDGELLVQQTK, Yes, 0.15031, 0.989690, 0.029094, 0.174507,  2,   729.39594,  21, 6601636.500000, 7.000000, 0.927632, 0.028035
QSIINPDWNFEK, Yes, 0.09493, 0.961559, 0.029339, 0.137316,  2,   745.86731,  21, 17381800.000000, 8.000000, 0.902188, 0.016147
LFGLLVK, Yes, 0.07635, 0.952263, 0.012622, 0.060944,  2,   395.26529,  5, 13040797.000000, 7.000000, 0.871953, 0.012173


MeanRateConst/CorrCutOff, 0.150468, 0.900000


MedianRateConst/RMSSCutOff, 0.150314, 0.050000
StandDev/NumberPeptides, 0.092068, 4
TotalIonCurrent, 7.2794e+08
