Peptides, PeptideUnique, RateConstants, Correlations, RootMeanRSS, AbsoluteIsotopeError, Charge, m/z(Sequence), NEH, Aboundance, NDP, Rsquared,sigma
ISVNDFIIK, Yes, 0.07810, 0.993245, 0.011469, 0.055871,  2,   524.80548,  10, 145873840.000000, 12.000000, 0.963031, 0.005542
AAPAAAAAMAPPGPR, Yes, 0.03312, 0.875339, 0.043074, 0.098721,  3,   440.56778,  48, 61135364.000000, 12.000000, 0.622568, 0.004566
AAPAAAAAMAPPGPR, Yes, 0.10649, 0.945538, 0.047838, 0.211354,  2,   660.34802,  48, 65036288.000000, 12.000000, 0.745383, 0.015538
GLETIASDVVSLASK, Yes, 0.05756, 0.950749, 0.028093, 0.051415,  3,   497.27512,  27, 10474197.000000, 12.000000, 0.901875, 0.005694
GLETIASDVVSLASK, Yes, 0.08060, 0.995109, 0.010452, 0.029216,  2,   745.40906,  27, 90463080.000000, 12.000000, 0.986806, 0.002917
DVPLGAPLcIIVEK, Yes, 0.07642, 0.996866, 0.007408, 0.037509,  2,   762.42871,  23, 90862264.000000, 12.000000, 0.992658, 0.002161
VVDGAVGAQWLAEFK, Yes, 0.07821, 0.995613, 0.009359, 0.023379,  2,   795.41974,  29, 55475872.000000, 12.000000, 0.986345, 0.003141
VVDGAVGAQWLAEFK, Yes, 0.07583, 0.984083, 0.016103, 0.084702,  3,   530.61560,  29, 16107131.000000, 12.000000, 0.964969, 0.004794
VPLPSLSPTMQAGTIAR, Yes, 0.06968, 0.954858, 0.033137, 0.147655,  3,   580.32220,  34, 32088182.000000, 12.000000, 0.670823, 0.009533
VPLPSLSPTMQAGTIAR, Yes, 0.07068, 0.989806, 0.012538, 0.043255,  2,   869.97961,  34, 76323392.000000, 12.000000, 0.974793, 0.003354
VAPAPAGVFTDIPISNIR, Yes, 0.06101, 0.989134, 0.015152, 0.071342,  3,   613.34387,  36, 44018072.000000, 12.000000, 0.960996, 0.004014
VAPAPAGVFTDIPISNIR, Yes, 0.06498, 0.993448, 0.009221, 0.029332,  2,   919.51215,  36, 68848696.000000, 12.000000, 0.983275, 0.002610
GFDVASVMSVTLScDHR, Yes, 0.06023, 0.979203, 0.030365, 0.146848,  3,   627.62585,  29, 39894384.000000, 12.000000, 0.587812, 0.013678
LQPHEFQGGTFTISNLGMFGIK, Yes, 0.02009, 0.895269, 0.024297, 0.324876,  3,   808.07898,  36, 103508312.000000, 12.000000, 0.141440, 0.005646


MeanRateConst/CorrCutOff, 0.070298, 0.900000


MedianRateConst/RMSSCutOff, 0.070675, 0.050000
StandDev/NumberPeptides, 0.008225, 11
TotalIonCurrent, 3.15132e+10
