Peptides, PeptideUnique, RateConstants, Correlations, RootMeanRSS, AbsoluteIsotopeError, Charge, m/z(Sequence), NEH, Aboundance, NDP, Rsquared,sigma
GPHEGQFNEENFVSK, Yes, 0.07544, 0.974832, 0.037238, 0.149375,  3,   573.59717,  33, 9405068.000000, 8.000000, 0.814793, 0.014357
VVITGIGLVTPLGVGTQLVWDR, Yes, 0.08030, 0.969154, 0.023163, 0.120240,  3,   765.11414,  27, 4304974.500000, 8.000000, 0.809915, 0.014415
DAGVSPEQISYVNAHATSTPLGDAAENR, Yes, 0.09537, 0.882721, 0.027138, 0.125637,  3,   957.45654,  66, 3970907.000000, 8.000000, 0.672871, 0.019438
NIPcSVAAYVPR, Yes, 0.15647, 0.902888, 0.046422, 0.229922,  2,   673.84790,  25, 20680042.000000, 8.000000, 0.115423, 0.037041


MeanRateConst/CorrCutOff, 0.104071, 0.900000


MedianRateConst/RMSSCutOff, 0.080302, 0.050000
StandDev/NumberPeptides, 0.045448, 3
TotalIonCurrent, 1.01271e+09
