Peptides, PeptideUnique, RateConstants, Correlations, RootMeanRSS, AbsoluteIsotopeError, Charge, m/z(Sequence), NEH, Aboundance, NDP, Rsquared,sigma
VLYNLFTK, Yes, 0.06449, 0.753990, 0.056481, 0.133990,  2,   499.28949,  5, 16029224.000000, 10.000000, 0.199760, 0.047835
DAFDTLFDHAPDK, Yes, 0.12656, 0.985416, 0.018149, 0.066438,  3,   497.89655,  23, 7874421.000000, 10.000000, 0.959393, 0.010356
LNVAEVTQSEIAQK, Yes, 0.03632, 0.662676, 0.054188, 0.129451,  3,   510.61050,  31, 12080420.000000, 10.000000, 0.261956, 0.009534
LNVAEVTQSEIAQK, Yes, 0.00986, 0.940206, 0.049365, 0.123597,  2,   765.41211,  31, 132600448.000000, 10.000000, 0.069888, 0.005657
QIQEEITGNTEALSGR, Yes, 0.10309, 0.963606, 0.037752, 0.198075,  2,   873.43683,  38, 6793941.500000, 10.000000, 0.890660, 0.014582
DLAEDLYDGQVLQK, Yes, 0.15164, 0.976073, 0.025333, 0.108474,  2,   803.90155,  26, 23563224.000000, 10.000000, 0.791430, 0.028516


MeanRateConst/CorrCutOff, 0.097787, 0.900000


MedianRateConst/RMSSCutOff, 0.126557, 0.050000
StandDev/NumberPeptides, 0.061880, 4
TotalIonCurrent, 2.49331e+09
