Peptides, PeptideUnique, RateConstants, Correlations, RootMeanRSS, AbsoluteIsotopeError, Charge, m/z(Sequence), NEH, Aboundance, NDP, Rsquared,sigma
PSPAQLELR, Yes, 0.12492, 0.990657, 0.024049, 0.094896,  2,   505.78510,  24, 8337260.000000, 12.000000, 0.967958, 0.009584
VLSIQSHVVR, Yes, 0.03599, 0.957473, 0.023430, 0.082281,  3,   379.89615,  18, 308734368.000000, 12.000000, 0.845634, 0.004446
SFLAMVVDIVR, Yes, 0.43044, 0.957877, 0.027650, 0.039283,  2,   625.35229,  16, 22537922.000000, 12.000000, 0.773661, 0.090334
YDYVLTGYTR, Yes, 13.81805, 0.296332, 0.072262, 0.297788,  2,   625.80621,  10, 27231296.000000, 12.000000, -0.578168, 398380.125000
TVSAMQHVLQR, Yes, 0.11065, 0.960650, 0.028101, 0.047964,  2,   635.34027,  23, 29653722.000000, 12.000000, 0.914646, 0.011360
SQELHELYEGLK, Yes, 0.21619, 0.983316, 0.030286, 0.141958,  2,   723.36719,  26, 13098881.000000, 12.000000, 0.828117, 0.046218
VNDVNKYDYVLTGYTR, Yes, 0.25396, 0.953425, 0.017277, 0.127758,  3,   640.65479,  17, 18395500.000000, 12.000000, 0.806311, 0.044268
VNDVNKYDYVLTGYTR, Yes, 0.04584, -0.166312, 0.035651, 0.189461,  2,   960.47852,  17, 1669173.125000, 5.000000, -1.553822, 0.031395
WNGEGSMYVPQDLLPVYR, Yes, 0.08050, 0.939568, 0.044988, 0.224823,  2,  1062.51453,  31, 13027547.000000, 12.000000, 0.749498, 0.019055
VVPVADIITPNQFEAELLSGR, Yes, 0.14906, 0.978548, 0.026386, 0.070962,  3,   756.74597,  42, 13851012.000000, 12.000000, 0.334523, 0.053909


MeanRateConst/CorrCutOff, 0.116280, 0.900000


MedianRateConst/RMSSCutOff, 0.110646, 0.050000
StandDev/NumberPeptides, 0.028643, 4
TotalIonCurrent, 1.22937e+10
