Peptides, PeptideUnique, RateConstants, Correlations, RootMeanRSS, AbsoluteIsotopeError, Charge, m/z(Sequence), NEH, Aboundance, NDP, Rsquared,sigma
YWLMLDEK, Yes, 0.21725, 0.964630, 0.020229, 0.072886,  2,   549.27045,  9, 24596174.000000, 10.000000, 0.909784, 0.034814
LADLAVYGVLR, Yes, 0.11128, 0.974454, 0.035969, 0.108373,  2,   595.35059,  18, 12065894.000000, 10.000000, 0.888072, 0.018136
YVGAAAMYLISK, Yes, 0.11130, 0.984489, 0.031719, 0.105283,  2,   643.84430,  21, 13810091.000000, 10.000000, 0.729938, 0.014979
VMEGLEAFDDLMR, Yes, 0.22115, 0.975477, 0.026357, 0.258826,  2,   763.35492,  25, 12282840.000000, 10.000000, 0.872323, 0.028219
TPAEALASFDYIVR, Yes, 0.09114, 0.967675, 0.022670, 0.156698,  2,   776.90393,  29, 24730158.000000, 10.000000, 0.927684, 0.008636
AFLDFHSLPYQVVEVNPVR, Yes, 0.16529, 0.980984, 0.016411, 0.142088,  3,   744.06000,  34, 17549678.000000, 10.000000, 0.949273, 0.017509


MeanRateConst/CorrCutOff, 0.152903, 0.900000


MedianRateConst/RMSSCutOff, 0.165293, 0.050000
StandDev/NumberPeptides, 0.056973, 6
TotalIonCurrent, 2.80028e+09
