Peptides, PeptideUnique, RateConstants, Correlations, RootMeanRSS, AbsoluteIsotopeError, Charge, m/z(Sequence), NEH, Aboundance, NDP, Rsquared,sigma
VTDDIIIK, Yes, 0.19918, 0.953690, 0.021188, 0.043513,  2,   458.77112,  8, 62288316.000000, 12.000000, 0.901858, 0.029936
LSPEELLLR, No, 0.10282, 0.995140, 0.012114, 0.041733,  2,   535.31622,  18, 120766440.000000, 12.000000, 0.982162, 0.005214
VAFVNWINK, Yes, 0.33377, 0.979406, 0.048212, 0.069029,  2,   545.80585,  10, 283968224.000000, 12.000000, 0.786984, 0.117951
DGEDLEELMK, Yes, 0.11677, 0.951081, 0.049520, 0.129841,  2,   589.76587,  20, 6307487.500000, 12.000000, 0.854018, 0.021941
TINNFSQDIK, Yes, 0.08535, 0.962306, 0.024164, 0.066131,  2,   590.30383,  15, 32424926.000000, 12.000000, 0.850809, 0.011128
QFVTPADVVSGNPK, No, 0.09441, 0.985442, 0.016237, 0.090504,  2,   729.88300,  24, 60512604.000000, 12.000000, 0.964872, 0.006243
MINLSEPDTIDER, Yes, 0.15580, 0.974236, 0.022287, 0.054003,  2,   766.86670,  26, 12556080.000000, 12.000000, 0.943371, 0.014845
KIENcNYAVELGK, Yes, 0.02334, 0.820408, 0.035029, 0.173262,  3,   513.26080,  23, 11903753.000000, 12.000000, 0.443388, 0.005321
IYALPDDLVEVKPK, Yes, 0.13951, 0.995256, 0.013533, 0.079043,  3,   533.97125,  21, 21021766.000000, 12.000000, 0.974069, 0.010060
IDIDNSGYVSDYELQDLFK, Yes, 0.17928, 0.983902, 0.016434, 0.094212,  2,  1117.52856,  30, 5805149.500000, 12.000000, 0.951689, 0.018903
ALENDADcSHLLPMNPNDGSLFK, Yes, 0.08622, 0.977164, 0.022091, 0.095805,  3,   853.39319,  44, 8244078.000000, 12.000000, 0.922097, 0.010014
AYFHLLNQIAPK, No, 0.10998, 0.991146, 0.014719, 0.084564,  3,   472.26624,  22, 61392416.000000, 12.000000, 0.969792, 0.007560
IENcNYAVELGK, Yes, 0.05549, 0.845189, 0.045478, 0.167445,  2,   705.34009,  22, 9523584.000000, 12.000000, 0.560589, 0.010993
KIENcNYAVELGK, Yes, 0.05867, 0.665686, 0.066458, 0.155629,  2,   769.38757,  23, 16309689.000000, 12.000000, 0.177381, 0.016620


MeanRateConst/CorrCutOff, 0.111356, 0.900000


MedianRateConst/RMSSCutOff, 0.109976, 0.050000
StandDev/NumberPeptides, 0.025262, 8
TotalIonCurrent, 2.10455e+10
