Peptides, PeptideUnique, RateConstants, Correlations, RootMeanRSS, AbsoluteIsotopeError, Charge, m/z(Sequence), NEH, Aboundance, NDP, Rsquared,sigma
ASGGASDGGFSAIK, Yes, 0.12676, 0.953434, 0.048322, 0.108767,  2,   612.79639,  31, 28695006.000000, 12.000000, 0.808949, 0.018546
QYQVHPAFGDR, Yes, 0.08441, 0.434222, 0.091747, 0.473431,  2,   659.32037,  26, 36899908.000000, 12.000000, -1.990584, 0.030779
QYQVHPAFGDR, Yes, 0.24445, 0.992360, 0.014120, 0.054277,  3,   439.88266,  26, 22911526.000000, 12.000000, 0.979844, 0.015141
YVPYGPVMEVLPYLSR, Yes, 0.00661, 0.492781, 0.046388, 0.165585,  2,   941.99219,  25, 7937947.500000, 12.000000, 0.095050, 0.005788
YVPYGPVMEVLPYLSR, Yes, 0.04428, 0.675373, 0.044052, 0.038752,  3,   628.33057,  25, 14797741.000000, 12.000000, -0.441173, 0.014461
HLVVPNVQTGQLEPLLSR, Yes, 0.12181, 0.952026, 0.025818, 0.119118,  3,   667.38110,  34, 24790088.000000, 12.000000, 0.889764, 0.014921
AVRPPVPAVDFTNTQEAYR, Yes, 0.19043, 0.988573, 0.014940, 0.078738,  3,   711.03589,  41, 17147448.000000, 12.000000, 0.965120, 0.015895
AAEIGYEDPINPTYEATNAMYHR, Yes, 0.08154, 0.961175, 0.016037, 0.122666,  3,   876.06744,  51, 20754394.000000, 12.000000, 0.875149, 0.010045
PQFLLQFSDVLTR, Yes, 0.07357, 0.951842, 0.027125, 0.099587,  2,   782.43011,  21, 16105293.000000, 12.000000, 0.848631, 0.009856
DAYDNVTLDMELAR, Yes, 0.20842, 0.975393, 0.021467, 0.165065,  2,   813.37738,  26, 11520060.000000, 12.000000, 0.934232, 0.022216


MeanRateConst/CorrCutOff, 0.133756, 0.900000


MedianRateConst/RMSSCutOff, 0.126765, 0.050000
StandDev/NumberPeptides, 0.055365, 6
TotalIonCurrent, 7.93311e+09
