Peptides, PeptideUnique, RateConstants, Correlations, RootMeanRSS, AbsoluteIsotopeError, Charge, m/z(Sequence), NEH, Aboundance, NDP, Rsquared,sigma
LNVDFALIHK, Yes, 0.13928, 0.968953, 0.026117, 0.094015,  3,   390.56076,  14, 13215184.000000, 12.000000, 0.830736, 0.021019
NcTIVSPDAGGAK, Yes, 0.02292, 0.737096, 0.045107, 0.268886,  2,   645.31134,  25, 62596064.000000, 12.000000, -0.596953, 0.004780
VTAVIPcFPYAR, No, 0.11906, 0.987764, 0.017237, 0.075387,  2,   697.36847,  21, 1102680192.000000, 12.000000, 0.973076, 0.007755
IQVIDISMILAEAIR, No, 0.18370, 0.996843, 0.007954, 0.068747,  2,   842.98694,  31, 3786866.000000, 12.000000, 0.989993, 0.007727
VYAILTHGIFSGPAISR, No, 0.18994, 0.955495, 0.030643, 0.156600,  3,   601.33685,  31, 9679163.000000, 12.000000, 0.794390, 0.028585
VAILVDDMADTcGTIcHAADK, No, 0.12246, 0.919895, 0.028996, 0.105818,  3,   759.35004,  37, 5485332.000000, 12.000000, 0.802474, 0.019895


MeanRateConst/CorrCutOff, 0.150887, 0.900000


MedianRateConst/RMSSCutOff, 0.139277, 0.050000
StandDev/NumberPeptides, 0.033755, 5
TotalIonCurrent, 4.192e+10
