Peptides, PeptideUnique, RateConstants, Correlations, RootMeanRSS, AbsoluteIsotopeError, Charge, m/z(Sequence), NEH, Aboundance, NDP, Rsquared,sigma
LEGGSGGDSEVQR, Yes, 0.26261, 0.984034, 0.026643, 0.073096,  2,   645.79968,  31, 4208471.000000, 8.000000, 0.951255, 0.027343
GVcTEAGMYALR, Yes, 0.46730, 0.354361, 0.107409, 0.187264,  2,   664.31030,  24, 17848222.000000, 8.000000, -1.737401, 0.356912
VDPLVSLMMVEK, Yes, 0.13772, 0.885353, 0.052095, 0.256778,  2,   680.86438,  16, 7580583.000000, 8.000000, 0.501770, 0.094267
EHAPSIIFMDEIDSIGSSR, Yes, 0.28406, 0.993133, 0.023196, 0.188156,  3,   702.00537,  42, 4781073.500000, 8.000000, 0.946613, 0.041473
VPDSTYEMIGGLDK, Yes, 0.28578, 0.992816, 0.018876, 0.032457,  2,   762.86615,  21, 27369026.000000, 8.000000, 0.923198, 0.033414


MeanRateConst/CorrCutOff, 0.277482, 0.900000


MedianRateConst/RMSSCutOff, 0.284059, 0.050000
StandDev/NumberPeptides, 0.012909, 3
TotalIonCurrent, 1.27575e+09
