Peptides, PeptideUnique, RateConstants, Correlations, RootMeanRSS, AbsoluteIsotopeError, Charge, m/z(Sequence), NEH, Aboundance, NDP, Rsquared,sigma
LSEGFSIHTR, Yes, 0.12084, 0.966758, 0.026001, 0.061127,  3,   382.86826,  19, 31785162.000000, 10.000000, 0.910373, 0.013045
GAVYSFDPVGSYQR, Yes, 0.23394, 0.986377, 0.022651, 0.062140,  2,   773.37024,  27, 36728076.000000, 10.000000, 0.921365, 0.024655
AGGSASAMLQPLLDNQVGFK, Yes, 0.04050, 0.828864, 0.071711, 0.184667,  2,  1002.51459,  42, 28119046.000000, 10.000000, 0.265171, 0.017002
AGGSASAMLQPLLDNQVGFK, Yes, 0.16632, 0.974653, 0.021679, 0.073854,  3,   668.67883,  42, 11646374.000000, 10.000000, 0.922765, 0.017894


MeanRateConst/CorrCutOff, 0.173700, 0.900000


MedianRateConst/RMSSCutOff, 0.166316, 0.050000
StandDev/NumberPeptides, 0.056909, 3
TotalIonCurrent, 3.42028e+09
