Peptides, PeptideUnique, RateConstants, Correlations, RootMeanRSS, AbsoluteIsotopeError, Charge, m/z(Sequence), NEH, Aboundance, NDP, Rsquared,sigma
TTTLAFK, No, 0.38863, 0.956824, 0.034737, 0.091117,  2,   391.22635,  6, 11407158.000000, 9.000000, 0.803362, 0.131608
AIYQATYR, Yes, 0.15281, 0.806865, 0.053737, 0.034143,  2,   493.25870,  17, 57274128.000000, 9.000000, -0.394958, 0.048492
VEEAYDLAR, Yes, 0.23172, 0.994095, 0.015331, 0.111539,  2,   533.26416,  22, 129671824.000000, 9.000000, 0.984163, 0.012748
ATAGAYIASQTVK, Yes, 0.20417, 0.987407, 0.019825, 0.066782,  2,   640.84589,  27, 19438094.000000, 9.000000, 0.964459, 0.016567
FLHGVIVAADSR, Yes, 0.17027, 0.978901, 0.022052, 0.073949,  3,   428.90683,  23, 11978588.000000, 9.000000, 0.942450, 0.016533
VSSDNVADLHDK, Yes, 0.27986, 0.984453, 0.029863, 0.138929,  3,   433.87735,  21, 12452643.000000, 9.000000, 0.879999, 0.051558


MeanRateConst/CorrCutOff, 0.221506, 0.900000


MedianRateConst/RMSSCutOff, 0.231719, 0.050000
StandDev/NumberPeptides, 0.046317, 4
TotalIonCurrent, 4.82282e+09
