Peptides, PeptideUnique, RateConstants, Correlations, RootMeanRSS, AbsoluteIsotopeError, Charge, m/z(Sequence), NEH, Aboundance, NDP, Rsquared,sigma
DPNNLFMVR, Yes, 0.32570, 0.985698, 0.015214, 0.058294,  2,   553.27655,  14, 18352376.000000, 12.000000, 0.968686, 0.029206
SSTTSMTSVPKPLK, Yes, 0.09079, 0.827037, 0.046814, 0.180970,  3,   488.59732,  19, 9470199.000000, 12.000000, -0.152808, 0.021077
SGALLAcGIVNSGVR, Yes, 0.06148, 0.830171, 0.054336, 0.163899,  2,   737.39575,  29, 12010740.000000, 12.000000, 0.425264, 0.012299
AVPLALALISVSNPR, Yes, 0.08058, 0.917657, 0.043222, 0.122859,  2,   760.96155,  31, 5013310.500000, 12.000000, 0.668166, 0.013078
AVPLALALISVSNPR, Yes, 0.15519, 0.947460, 0.033361, 0.101148,  3,   507.64346,  31, 5550621.500000, 12.000000, 0.808962, 0.024969
LGSIFGLGLAYAGSNR, Yes, 0.21477, 0.954677, 0.032683, 0.156522,  2,   798.43066,  30, 3887449.000000, 12.000000, 0.845809, 0.031671
EDVLTLLLPVMGDSK, Yes, 0.28016, 0.989868, 0.021865, 0.101193,  2,   815.44202,  20, 6528127.500000, 12.000000, 0.869932, 0.052401
LVGSQEELASWGHEYVR, Yes, 0.37769, 0.990346, 0.015014, 0.145173,  3,   653.99017,  38, 11375830.000000, 11.000000, 0.970169, 0.034880
cFAADIISVLAMTMSGER, Yes, 0.21191, 0.959363, 0.030887, 0.084848,  3,   657.98273,  36, 1088337.625000, 12.000000, 0.843720, 0.038581
cALGVFR, Yes, 0.13225, 0.713216, 0.068451, 0.078589,  2,   411.71817,  12, 8374858.000000, 12.000000, -0.191832, 0.046458
LNILDTLSK, Yes, 3.05550, 0.687834, 0.043720, 0.344437,  2,   508.80295,  9, 22329406.000000, 12.000000, -1.300940, 4.870004


MeanRateConst/CorrCutOff, 0.237546, 0.900000


MedianRateConst/RMSSCutOff, 0.214772, 0.050000
StandDev/NumberPeptides, 0.066228, 5
TotalIonCurrent, 2.5865e+09
