Peptides, PeptideUnique, RateConstants, Correlations, RootMeanRSS, AbsoluteIsotopeError, Charge, m/z(Sequence), NEH, Aboundance, NDP, Rsquared,sigma
ALDLTMR, Yes, 0.06701, 0.995299, 0.015278, 0.070010,  2,   410.22327,  11, 474674368.000000, 11.000000, 0.954985, 0.005288
FYLEPYLK, Yes, 0.11635, 0.975340, 0.016002, 0.064839,  2,   536.78931,  9, 14450253.000000, 11.000000, 0.871115, 0.016833
LPEDLYNDR, Yes, 0.03769, 0.961458, 0.038524, 0.078167,  2,   567.77490,  17, 22257480.000000, 11.000000, 0.796328, 0.006756
WYYNAAGFNK, Yes, 0.07746, 0.987878, 0.010961, 0.029005,  2,   617.28796,  15, 338950912.000000, 11.000000, 0.967588, 0.004432
DDTLHETEDVK, Yes, 0.10852, 0.997335, 0.014237, 0.038363,  2,   651.29645,  18, 58183568.000000, 11.000000, 0.977504, 0.006794
DDTLHETEDVK, Yes, 0.11166, 0.981023, 0.018579, 0.022356,  3,   434.53339,  18, 246943168.000000, 11.000000, 0.944172, 0.009053
YEEDKFYLEPYLK, Yes, 0.07418, 0.692245, 0.052472, 0.016226,  2,   868.92450,  20, 66133272.000000, 11.000000, 0.299107, 0.023300
DDTLHETEDVKEAIR, Yes, 0.10797, 0.969272, 0.029155, 0.132394,  3,   590.95502,  30, 37377464.000000, 11.000000, 0.916460, 0.013297


MeanRateConst/CorrCutOff, 0.098163, 0.900000


MedianRateConst/RMSSCutOff, 0.107975, 0.050000
StandDev/NumberPeptides, 0.020569, 6
TotalIonCurrent, 2.21268e+10
