Peptides, PeptideUnique, RateConstants, Correlations, RootMeanRSS, AbsoluteIsotopeError, Charge, m/z(Sequence), NEH, Aboundance, NDP, Rsquared,sigma
TGENVEDAFLEAAK, Yes, 0.21855, 0.963315, 0.033456, 0.113176,  2,   747.35956,  31, 21655766.000000, 12.000000, 0.884759, 0.029945
NLTNPNTVIILIGNK, Yes, 0.06348, 0.955099, 0.026298, 0.134575,  3,   541.98578,  17, 25983510.000000, 12.000000, 0.859617, 0.008932
NLTNPNTVIILIGNK, Yes, 0.05043, 0.950366, 0.017986, 0.142116,  2,   812.47504,  17, 39264872.000000, 12.000000, 0.889675, 0.004898
STYNHLSSWLTDAR, Yes, 0.32650, 0.875019, 0.038323, 0.651034,  3,   550.93384,  24, 53614960.000000, 12.000000, 0.384282, 0.108894
STYNHLSSWLTDAR, Yes, 0.18426, 0.955850, 0.030765, 0.157111,  2,   825.89716,  24, 11683815.000000, 12.000000, 0.301583, 0.042170
QFAEENGLLFLEASAK, Yes, 0.14122, 0.964041, 0.031857, 0.038986,  2,   883.95160,  37, 22754762.000000, 12.000000, 0.831340, 0.018316
FMADcPHTIGVEFGTR, Yes, 0.20050, 0.954762, 0.024435, 0.058729,  3,   613.28351,  28, 6462048.000000, 11.000000, 0.907553, 0.028868
GAAGALMVYDITR, Yes, 0.19252, 0.983321, 0.020722, 0.042559,  2,   669.34772,  25, 36257312.000000, 12.000000, 0.950588, 0.017422


MeanRateConst/CorrCutOff, 0.187410, 0.900000


MedianRateConst/RMSSCutOff, 0.192519, 0.050000
StandDev/NumberPeptides, 0.028771, 5
TotalIonCurrent, 9.39545e+09
