Peptides, PeptideUnique, RateConstants, Correlations, RootMeanRSS, AbsoluteIsotopeError, Charge, m/z(Sequence), NEH, Aboundance, NDP, Rsquared,sigma
TVFDEAIR, No, 0.14341, 0.993240, 0.013317, 0.046663,  2,   475.75073,  15, 112654648.000000, 9.000000, 0.979041, 0.010002
YLEcSALTQR, No, 0.17870, 0.991243, 0.017668, 0.073643,  2,   620.80316,  21, 52726700.000000, 9.000000, 0.953930, 0.016608
LTPITYPQGLAMAK, Yes, 0.11386, 0.947572, 0.034657, 0.052593,  2,   752.41559,  23, 99033968.000000, 9.000000, 0.346798, 0.038322
PVNLGLWDTAGQEDYDR, No, 0.06296, 0.708112, 0.048018, 0.073344,  3,   650.30603,  32, 18032922.000000, 8.000000, -0.368937, 0.022104
PVNLGLWDTAGQEDYDR, No, 0.15261, 0.984759, 0.018546, 0.067153,  2,   974.95538,  32, 13437862.000000, 9.000000, 0.956659, 0.016397


MeanRateConst/CorrCutOff, 0.147145, 0.900000


MedianRateConst/RMSSCutOff, 0.152613, 0.050000
StandDev/NumberPeptides, 0.026758, 4
TotalIonCurrent, 5.83587e+09
