Peptides, PeptideUnique, RateConstants, Correlations, RootMeanRSS, AbsoluteIsotopeError, Charge, m/z(Sequence), NEH, Aboundance, NDP, Rsquared,sigma
AFAAQEDLEK, Yes, 0.10178, 0.981982, 0.033252, 0.075463,  2,   561.27728,  27, 69991344.000000, 12.000000, 0.942024, 0.010296
EDSMMEYLK, Yes, 0.11723, 0.993906, 0.017616, 0.070647,  2,   573.24628,  16, 58825200.000000, 12.000000, 0.962963, 0.009819
IQNWHEEHR, Yes, 0.01695, 0.918188, 0.017555, 0.074085,  2,   624.79706,  24, 114381216.000000, 12.000000, 0.694012, 0.002790
IQNWHEEHR, Yes, 0.10749, 0.989579, 0.016187, 0.042234,  3,   416.86713,  24, 30011208.000000, 12.000000, 0.973097, 0.006279
EEEATEWQHK, Yes, 0.10449, 0.959860, 0.040691, 0.081335,  2,   643.78601,  27, 5065314.500000, 12.000000, 0.902073, 0.013985
EIHKPGYLANDR, Yes, 0.22381, 0.966045, 0.028130, 0.131869,  3,   471.58087,  25, 59782912.000000, 12.000000, 0.882500, 0.032784
QLQALSSELAQAR, Yes, 0.12963, 0.994794, 0.014311, 0.061349,  2,   707.88605,  38, 52105628.000000, 12.000000, 0.985573, 0.006208
KTQNDVLHAENVK, Yes, 0.11199, 0.988802, 0.026706, 0.233798,  3,   499.26697,  23, 11961331.000000, 12.000000, 0.937716, 0.012592
KTQNDVLHAENVK, Yes, 0.10789, 0.978745, 0.032793, 0.099606,  2,   748.39679,  23, 3967561.250000, 12.000000, 0.914428, 0.014509
EVWFFGLQYVDSK, Yes, 0.14458, 0.992932, 0.015895, 0.058715,  2,   809.40100,  17, 54901764.000000, 12.000000, 0.954331, 0.014654
NQEQLAAELAEFTAK, Yes, 0.12170, 0.995964, 0.011569, 0.078678,  3,   554.94928,  39, 29330054.000000, 12.000000, 0.987662, 0.004841
IAQDLEMYGVNYFEIK, Yes, 0.21552, 0.977716, 0.015524, 0.029365,  2,   966.97418,  27, 42389076.000000, 12.000000, 0.950075, 0.020075
FFPEDVSEELIQEITQR, Yes, 0.13284, 0.998422, 0.005866, 0.055825,  3,   694.01263,  38, 25326326.000000, 12.000000, 0.992940, 0.004547
EAILNDEIYcPPETAVLLASYAVQAK, Yes, 0.11056, 0.995621, 0.005417, 0.049649,  3,   960.15625,  55, 13939576.000000, 12.000000, 0.990393, 0.003897


MeanRateConst/CorrCutOff, 0.117289, 0.900000


MedianRateConst/RMSSCutOff, 0.111987, 0.050000
StandDev/NumberPeptides, 0.013491, 11
TotalIonCurrent, 1.86305e+10
