Peptides, PeptideUnique, RateConstants, Correlations, RootMeanRSS, AbsoluteIsotopeError, Charge, m/z(Sequence), NEH, Aboundance, NDP, Rsquared,sigma
YDPTIEDSYRK, No, 0.08041, 0.979142, 0.021514, 0.131232,  2,   693.83044,  18, 9351071.000000, 9.000000, 0.860103, 0.013223
INVNEIFYDLVR, No, 0.14337, 0.995938, 0.006943, 0.024840,  2,   747.90118,  17, 106891848.000000, 9.000000, 0.989970, 0.006564
QWcNcAFLESSAK, Yes, 0.04418, 0.962051, 0.034315, 0.140049,  2,   800.84778,  27, 6489190.000000, 9.000000, 0.801583, 0.007730
SALTVQFVQGIFVEK, No, 0.11961, 0.992786, 0.011261, 0.050028,  2,   833.46417,  25, 70221024.000000, 9.000000, 0.977295, 0.008404
SALTVQFVQGIFVEK, No, 0.11502, 0.997013, 0.008543, 0.044161,  3,   555.97852,  25, 42413164.000000, 9.000000, 0.984784, 0.006708
SITAQSTFNDLQDLR, No, 0.18680, 0.907143, 0.049667, 0.063112,  2,   854.92865,  29, 19788736.000000, 9.000000, -0.232687, 0.079686
ALVYSITAQSTFNDLQDLR, No, 0.38146, -0.203043, 0.104393, 0.263599,  3,   719.03918,  34, 16568188.000000, 9.000000, -2.673564, 0.302513
ALVYSITAQSTFNDLQDLR, No, 0.06369, 0.958333, 0.024101, 0.297195,  2,  1078.05518,  34, 5702915.500000, 9.000000, 0.780103, 0.016044
NGQGFALVYSITAQSTFNDLQDLR, No, 0.11013, 0.963900, 0.014551, 0.077813,  3,   886.77679,  45, 9712482.000000, 9.000000, 0.789539, 0.019930
QVEVDcQQcMLEILDTAGTEQFTAMR, Yes, 0.04944, 0.955287, 0.016869, 0.132476,  3,  1025.12927,  54, 3550867.500000, 7.000000, 0.615251, 0.014777
cDLEDER, No, 0.14030, 0.952559, 0.034357, 0.107047,  2,   468.69000,  17, 15896313.000000, 9.000000, 0.858516, 0.022230
YDPTIEDSYR, No, 0.03043, 0.983416, 0.014989, 0.484473,  2,   629.78296,  18, 127527792.000000, 9.000000, 0.208321, 0.011968
YDPTIEDSYRK, No, 0.52723, 0.863467, 0.067356, 0.335447,  3,   462.88937,  18, 33523592.000000, 9.000000, 0.527486, 0.221785
VKDTEDVPMILVGNK, Yes, 0.06273, 0.976636, 0.019385, 0.122133,  3,   553.29913,  19, 26531850.000000, 9.000000, 0.874591, 0.009927
INVNEIFYDLVR, No, 0.10257, 0.972549, 0.019525, 0.049381,  3,   498.93655,  17, 17511218.000000, 9.000000, 0.922643, 0.013541


MeanRateConst/CorrCutOff, 0.088489, 0.900000


MedianRateConst/RMSSCutOff, 0.102565, 0.050000
StandDev/NumberPeptides, 0.038422, 12
TotalIonCurrent, 1.13595e+10
