Peptides, PeptideUnique, RateConstants, Correlations, RootMeanRSS, AbsoluteIsotopeError, Charge, m/z(Sequence), NEH, Aboundance, NDP, Rsquared,sigma
AITSAYYR, No, 0.11408, 0.963575, 0.030140, 0.079157,  2,   472.74542,  16, 90673992.000000, 6.000000, 0.901160, 0.018960
NEFNLESK, No, 0.25315, 0.970232, 0.027468, 0.078185,  2,   490.73779,  15, 68837312.000000, 6.000000, 0.922109, 0.055723
VVLIGDSGVGK, No, 0.16573, 0.988208, 0.018302, 0.063463,  2,   522.30841,  14, 136575088.000000, 6.000000, 0.953131, 0.024083
HLTYENVER, No, 0.17925, 0.993512, 0.011773, 0.067665,  2,   580.78833,  17, 104903784.000000, 6.000000, 0.981928, 0.016023
DDEYDYLFK, No, 0.61728, 0.981339, 0.041346, 0.132178,  2,   604.26129,  11, 12420887.000000, 6.000000, 0.858977, 1.312418
AQIWDTAGQER, No, 0.19679, 0.995962, 0.015132, 0.035580,  2,   637.80981,  28, 78163304.000000, 6.000000, 0.981642, 0.017455
DHADSNIVIMLVGNK, No, 0.18164, 0.995881, 0.008884, 0.039808,  3,   542.61536,  24, 42640596.000000, 6.000000, 0.988602, 0.012467
GAVGALLVYDIAK, Yes, 0.20797, 0.959889, 0.009928, 0.488824,  2,   645.37683,  22, 73546440.000000, 5.000000, 0.917495, 0.014689


MeanRateConst/CorrCutOff, 0.197423, 0.900000


MedianRateConst/RMSSCutOff, 0.181636, 0.050000
StandDev/NumberPeptides, 0.030989, 6
TotalIonCurrent, 7.46214e+09
