Peptides, PeptideUnique, RateConstants, Correlations, RootMeanRSS, AbsoluteIsotopeError, Charge, m/z(Sequence), NEH, Aboundance, NDP, Rsquared,sigma
YNGLIHR, Yes, 5.27138, 0.972686, 0.107092, 0.035255,  2,   436.74048,  12, 34082956.000000, 8.000000, 0.319494, 7614.541016
KPATSYVR, Yes, 0.07095, 0.982016, 0.013257, 0.028516,  2,   461.26126,  14, 31596144.000000, 8.000000, 0.958602, 0.004313
QTYSTEPNNLK, Yes, 0.07880, 0.995769, 0.023769, 0.102987,  2,   647.81732,  18, 84170512.000000, 8.000000, 0.923662, 0.008786


MeanRateConst/CorrCutOff, 1.807044, 0.900000


MedianRateConst/RMSSCutOff, 0.078805, 0.050000
StandDev/NumberPeptides, 3.000205, 2
TotalIonCurrent, 2.82017e+09
