Peptides, PeptideUnique, RateConstants, Correlations, RootMeanRSS, AbsoluteIsotopeError, Charge, m/z(Sequence), NEH, Aboundance, NDP, Rsquared,sigma
EDTEEHHLR, No, 0.16313, 0.998439, 0.006736, 0.021464,  3,   389.17926,  23, 66390668.000000, 12.000000, 0.996046, 0.004271
IEVIEIMTDR, Yes, 0.22886, 0.995138, 0.009846, 0.007741,  2,   609.82355,  18, 44531568.000000, 12.000000, 0.989595, 0.010652
WGTLTDcVVMR, No, 0.15796, 0.995049, 0.006980, 0.014833,  2,   669.32068,  12, 234980672.000000, 12.000000, 0.983884, 0.008286
NQGGYGGSSSSSSYGSGR, Yes, 0.14388, 0.985187, 0.021762, 0.043732,  2,   847.85370,  40, 20708970.000000, 12.000000, 0.958508, 0.011174
SHFEQWGTLTDcVVMR, Yes, 0.13286, 0.991984, 0.012473, 0.040839,  3,   655.96973,  26, 27299936.000000, 12.000000, 0.978869, 0.008156
GFGFVTYATVEEVDAAMNAR, Yes, 0.18367, 0.980515, 0.015915, 0.050055,  3,   716.67371,  39, 14698665.000000, 12.000000, 0.952453, 0.015888
SSGPYGGGGQYFAK, Yes, 10.17140, 0.954392, 0.114238, 1.115463,  2,   688.31750,  27, 31886746.000000, 12.000000, -33.808186, 9174.788086
EDTEEHHLR, No, 0.18959, 0.995149, 0.012622, 0.014324,  2,   583.26526,  23, 20061466.000000, 12.000000, 0.985765, 0.009340
LTDcVVMR, No, 0.31424, 0.960201, 0.058413, 0.033709,  2,   497.24643,  9, 276128672.000000, 12.000000, 0.659089, 0.142546
LFIGGLSFETTDESLR, Yes, 0.08381, 0.974272, 0.019427, 0.103327,  2,   892.95691,  26, 34004492.000000, 12.000000, 0.937243, 0.007543


MeanRateConst/CorrCutOff, 0.171423, 0.900000


MedianRateConst/RMSSCutOff, 0.163135, 0.050000
StandDev/NumberPeptides, 0.032337, 7
TotalIonCurrent, 2.33984e+10
