Peptides, PeptideUnique, RateConstants, Correlations, RootMeanRSS, AbsoluteIsotopeError, Charge, m/z(Sequence), NEH, Aboundance, NDP, Rsquared,sigma
GGNFGFGDSR, Yes, 0.19059, 0.984757, 0.027984, 0.030630,  2,   507.22540,  18, 247145456.000000, 12.000000, 0.891023, 0.021583
TLETVPLER, Yes, 10.61593, 0.556490, 0.222300, 1.318745,  2,   529.29803,  16, 42682924.000000, 12.000000, -30.985699, 29904.166016
IDTIEIITDR, Yes, 0.92754, 0.513439, 0.127266, 0.199165,  2,   594.82715,  15, 222302464.000000, 12.000000, 0.137615, 0.967779
QEMQEVQSSR, Yes, 0.16889, 0.997273, 0.010109, 0.033891,  2,   611.28003,  30, 79358272.000000, 12.000000, 0.992417, 0.006123
GGGGNFGPGPGSNFR, Yes, 0.10060, 0.969696, 0.029044, 0.059354,  2,   689.31836,  30, 246279280.000000, 12.000000, 0.911876, 0.009551
YHTINGHNAEVR, Yes, 0.11046, 0.979715, 0.021444, 0.043743,  3,   470.90060,  25, 64159236.000000, 12.000000, 0.945952, 0.009003
GFGFVTFDDHDPVDK, Yes, 0.19773, 0.993153, 0.016889, 0.093428,  2,   848.38611,  19, 21813410.000000, 12.000000, 0.957754, 0.020896
GFGFVTFDDHDPVDK, Yes, 0.28467, 0.990135, 0.011905, 0.040453,  3,   565.92651,  19, 163894880.000000, 12.000000, 0.977424, 0.021089
LFIGGLSFETTEESLR, Yes, 0.16946, 0.997367, 0.007360, 0.044671,  2,   899.96472,  28, 154387632.000000, 12.000000, 0.989917, 0.007329
GFGFVTFSSMAEVDAAMAAR, Yes, 0.14601, 0.976338, 0.018090, 0.093955,  3,   688.98877,  43, 7369744.500000, 11.000000, 0.945509, 0.013566
GFGFVTFSSMAEVDAAMAAR, Yes, 0.14733, 0.973536, 0.019902, 0.072854,  2,  1032.97949,  43, 9624087.000000, 12.000000, 0.932224, 0.015020
NMGGPYGGGNYGPGGSGGSGGYGGR, Yes, 0.14520, 0.995317, 0.010862, 0.041312,  2,  1095.45630,  48, 44554132.000000, 12.000000, 0.980868, 0.007447
NMGGPYGGGNYGPGGSGGSGGYGGR, Yes, 0.14774, 0.994660, 0.010825, 0.017523,  3,   730.63995,  48, 52878108.000000, 12.000000, 0.980941, 0.007728
DYFEEYGKIDTIEIITDR, Yes, 0.19856, 0.971900, 0.016558, 0.096961,  3,   740.69507,  29, 13477207.000000, 12.000000, 0.930177, 0.020872


MeanRateConst/CorrCutOff, 0.156597, 0.900000


MedianRateConst/RMSSCutOff, 0.147741, 0.050000
StandDev/NumberPeptides, 0.032551, 11
TotalIonCurrent, 4.84944e+10
