Peptides, PeptideUnique, RateConstants, Correlations, RootMeanRSS, AbsoluteIsotopeError, Charge, m/z(Sequence), NEH, Aboundance, NDP, Rsquared,sigma
IVVNLTGR, Yes, 0.04938, 0.978319, 0.015994, 0.080209,  2,   436.27164,  10, 157657984.000000, 9.000000, 0.900227, 0.005760
MNVLADALK, Yes, 0.08542, 0.985285, 0.025233, 0.075820,  2,   487.77060,  15, 100805096.000000, 9.000000, 0.915313, 0.010719
WQNNLLPSR, Yes, 0.04370, 0.982611, 0.037407, 0.173323,  2,   564.30145,  17, 131966352.000000, 9.000000, 0.782875, 0.009351
HGYIGEFEIIDDHR, Yes, 0.13300, 0.989836, 0.012162, 0.063162,  3,   567.60577,  28, 41525336.000000, 9.000000, 0.978890, 0.007671
QFGFIVLTTSAGIMDHEEAR, Yes, 0.08762, 0.990304, 0.056747, 0.064608,  3,   741.36853,  40, 31625078.000000, 9.000000, -0.480234, 0.046066


MeanRateConst/CorrCutOff, 0.077878, 0.900000


MedianRateConst/RMSSCutOff, 0.085422, 0.050000
StandDev/NumberPeptides, 0.041132, 4
TotalIonCurrent, 7.57679e+09
