Peptides, PeptideUnique, RateConstants, Correlations, RootMeanRSS, AbsoluteIsotopeError, Charge, m/z(Sequence), NEH, Aboundance, NDP, Rsquared,sigma
SQEEMEFIQR, Yes, 0.09714, 0.965114, 0.039057, 0.085408,  2,   648.79803,  28, 11303090.000000, 10.000000, 0.899026, 0.013340
VVQVVKPHAPLIK, Yes, 0.05983, 0.981080, 0.024440, 0.106065,  4,   357.73288,  20, 109073560.000000, 10.000000, 0.788645, 0.009219
KPMSQEEMEFIQR, Yes, 0.08034, 0.981792, 0.022450, 0.170444,  3,   551.59723,  32, 23059914.000000, 10.000000, 0.934257, 0.007995
LSASEALGSAALPSHSSAISQH, Yes, 0.07982, 0.989785, 0.011482, 0.086638,  3,   707.69055,  59, 13388328.000000, 10.000000, 0.977988, 0.003728
LSASEALGSAALPSHSSAISQHSK, Yes, 0.09520, 0.990906, 0.012284, 0.070912,  4,   584.80145,  62, 46931672.000000, 10.000000, 0.970588, 0.005980


MeanRateConst/CorrCutOff, 0.088125, 0.900000


MedianRateConst/RMSSCutOff, 0.080336, 0.050000
StandDev/NumberPeptides, 0.009328, 4
TotalIonCurrent, 5.36855e+09
