Peptides, PeptideUnique, RateConstants, Correlations, RootMeanRSS, AbsoluteIsotopeError, Charge, m/z(Sequence), NEH, Aboundance, NDP, Rsquared,sigma
LNPSFLDLVR, Yes, 0.17231, 0.989158, 0.011128, 0.021936,  2,   587.33496,  15, 134604208.000000, 8.000000, 0.972487, 0.010877
ALPETIEDAEK, Yes, 0.27088, 0.994685, 0.013687, 0.051581,  2,   608.30878,  26, 39314644.000000, 8.000000, 0.986286, 0.015363
SVPVSLQSLTADEDTGMK, Yes, 0.11014, 0.963163, 0.024759, 0.076723,  2,   939.46167,  32, 45485124.000000, 8.000000, 0.666100, 0.021801
SPGVAELSQR, Yes, 0.23962, -2.000000, 0.000002, 0.598141,  2,   522.27765,  26, 97705048.000000, 1.000000, 0.000000, 0.004293


MeanRateConst/CorrCutOff, 0.184443, 0.900000


MedianRateConst/RMSSCutOff, 0.172308, 0.050000
StandDev/NumberPeptides, 0.081055, 3
TotalIonCurrent, 4.59128e+09
