Peptides, PeptideUnique, RateConstants, Correlations, RootMeanRSS, AbsoluteIsotopeError, Charge, m/z(Sequence), NEH, Aboundance, NDP, Rsquared,sigma
GQASAMELLR, Yes, 0.31686, 0.992001, 0.024081, 0.103340,  2,   538.28186,  26, 52712240.000000, 12.000000, 0.943356, 0.029984
QTGLGMGSTMAR, Yes, 0.17704, 0.979338, 0.024615, 0.071562,  2,   605.28937,  23, 78286440.000000, 12.000000, 0.934043, 0.018023
DGGLEAWLPLDK, Yes, 0.30578, 0.893338, 0.051617, 0.013196,  2,   657.34045,  20, 59154932.000000, 12.000000, 0.533593, 0.118367
LSIEVLQTSLQK, Yes, 0.29459, 0.992996, 0.011692, 0.033676,  2,   679.89813,  21, 88394832.000000, 12.000000, 0.980728, 0.019334
QMIPLQVSTQEK, Yes, 0.20473, 0.957212, 0.030501, 0.142097,  2,   701.37396,  25, 35458820.000000, 12.000000, 0.894047, 0.027871


MeanRateConst/CorrCutOff, 0.248306, 0.900000


MedianRateConst/RMSSCutOff, 0.294593, 0.050000
StandDev/NumberPeptides, 0.067869, 4
TotalIonCurrent, 1.26771e+10
