Peptides, PeptideUnique, RateConstants, Correlations, RootMeanRSS, AbsoluteIsotopeError, Charge, m/z(Sequence), NEH, Aboundance, NDP, Rsquared,sigma
LLLMPLK, Yes, 0.08483, 0.955022, 0.021572, 0.124572,  2,   414.27478,  6, 142370224.000000, 12.000000, 0.828034, 0.014815
FLFILLGPK, Yes, 0.15284, 0.967561, 0.018126, 0.082559,  2,   524.33368,  8, 20279244.000000, 12.000000, 0.886705, 0.023887
HQPDFIYLR, Yes, 0.29548, 0.870300, 0.064484, 0.157719,  2,   594.81165,  17, 140173008.000000, 12.000000, -0.868217, 0.139369
PSEFKPTSPNR, Yes, 0.02428, 0.594013, 0.046053, 0.356414,  2,   630.32257,  23, 107412192.000000, 12.000000, -2.265886, 0.006699
METETSAPGEQPK, Yes, 0.45253, 0.979111, 0.028583, 0.058481,  2,   702.81921,  31, 20631666.000000, 12.000000, 0.896376, 0.061870
LADYYPINSDFK, Yes, 0.29736, 0.992039, 0.012037, 0.079209,  2,   723.35101,  18, 167137760.000000, 12.000000, 0.969513, 0.025163
LIVPSEFKPTSPNR, Yes, 0.17228, 0.964214, 0.032002, 0.086892,  3,   528.96301,  25, 166521232.000000, 12.000000, 0.775882, 0.025761
LIVPSEFKPTSPNR, Yes, 0.09933, 0.956135, 0.029797, 0.220116,  2,   792.94086,  25, 2946550.000000, 12.000000, 0.827739, 0.012697
NLTSSSLNDISDKPEK, Yes, 0.01360, 0.790359, 0.050949, 0.277434,  2,   874.43903,  28, 5857212.500000, 10.000000, 0.365416, 0.005656
NLTSSSLNDISDKPEK, Yes, 0.19759, 0.926459, 0.044294, 0.031716,  3,   583.29510,  28, 20944762.000000, 12.000000, 0.446196, 0.045481
LQQAVMLGALTEVPVPTR, Yes, 0.31758, 0.995692, 0.008937, 0.047050,  3,   641.69592,  35, 20125350.000000, 12.000000, 0.984513, 0.018340
LQQAVMLGALTEVPVPTR, Yes, 0.34006, 0.997158, 0.008210, 0.033381,  2,   962.04022,  35, 18489250.000000, 12.000000, 0.987128, 0.017386
SSTFLER, Yes, 0.19123, 0.571169, 0.083618, 0.026424,  2,   420.21652,  13, 92101544.000000, 12.000000, -0.420157, 0.097633
DHNFDYLEFR, Yes, 0.20022, 0.969596, 0.022832, 0.119521,  3,   452.53867,  17, 7143502.500000, 12.000000, 0.932501, 0.024586


MeanRateConst/CorrCutOff, 0.206899, 0.900000


MedianRateConst/RMSSCutOff, 0.197592, 0.050000
StandDev/NumberPeptides, 0.092795, 9
TotalIonCurrent, 2.65238e+10
