Peptides, PeptideUnique, RateConstants, Correlations, RootMeanRSS, AbsoluteIsotopeError, Charge, m/z(Sequence), NEH, Aboundance, NDP, Rsquared,sigma
TDAVDSVVR, Yes, 2.14783, 0.875727, 0.058360, 0.280357,  2,   481.25110,  15, 24401344.000000, 12.000000, -1.688106, 1.709911
QFLPFLQR, Yes, 0.18293, 0.990044, 0.013221, 0.047901,  2,   524.80054,  15, 17910894.000000, 12.000000, 0.975736, 0.012450
ADDADEFGYSR, Yes, 0.21661, 0.995731, 0.023272, 0.117030,  2,   623.25458,  26, 9085836.000000, 12.000000, 0.970313, 0.019199
EVEVEVESMDK, Yes, 0.17345, 0.954077, 0.034197, 0.121906,  2,   647.29755,  23, 4913602.500000, 10.000000, 0.798678, 0.033803
cVDWSIAVYTR, Yes, 0.12633, 0.089943, 0.081323, 0.389417,  2,   685.33209,  16, 14367196.000000, 12.000000, -2.591231, 0.056593
VHVFYIDYGNR, Yes, 0.31493, 0.949967, 0.022619, 0.197773,  3,   461.56656,  15, 17564794.000000, 12.000000, 0.875467, 0.052213
DTPDEPWAFPAR, Yes, 0.14309, 0.889444, 0.056353, 0.032805,  2,   701.32532,  27, 8984543.000000, 12.000000, 0.520511, 0.031005
VITEYLNAQESAK, Yes, 0.20083, 0.991550, 0.016639, 0.083163,  2,   733.38025,  27, 16186785.000000, 12.000000, 0.971909, 0.015246
SAYYKPLLSAEEAAK, Yes, 0.23193, 0.964855, 0.026799, 0.096141,  3,   547.62250,  34, 10684026.000000, 12.000000, 0.864857, 0.035930
EYGMIYLGK, Yes, 0.30244, 0.957924, 0.025542, 0.292398,  2,   537.27045,  12, 28283346.000000, 12.000000, 0.549007, 0.062762
VMQVLNADAIVVK, Yes, 0.01815, -0.187391, 0.090423, 0.146983,  2,   700.40253,  21, 15075975.000000, 12.000000, -0.492662, 0.011984
GDVGLGLVK, Yes, 0.41675, 0.936479, 0.027081, 0.074190,  2,   429.25818,  10, 25537632.000000, 12.000000, 0.409046, 0.172637


MeanRateConst/CorrCutOff, 0.218031, 0.900000


MedianRateConst/RMSSCutOff, 0.216606, 0.050000
StandDev/NumberPeptides, 0.046549, 6
TotalIonCurrent, 4.30868e+09
