Peptides, PeptideUnique, RateConstants, Correlations, RootMeanRSS, AbsoluteIsotopeError, Charge, m/z(Sequence), NEH, Aboundance, NDP, Rsquared,sigma
LGEGEGSMTK, No, 9.44201, 0.852649, 0.082217, 0.614010,  2,   504.73694,  19, 18480694.000000, 8.000000, -1.993806, 3286.238037
ALIDYENSNK, Yes, 0.05540, 0.901654, 0.040467, 0.097007,  2,   583.78802,  18, 40026832.000000, 8.000000, 0.633449, 0.015532
YYMLNIEAAK, Yes, 0.23991, 0.977084, 0.018002, 0.133119,  2,   608.30750,  17, 12270881.000000, 8.000000, 0.948252, 0.024251
TTLSTFQSPEFSVTR, Yes, 0.03256, 0.945223, 0.056779, 0.256979,  2,   850.92816,  24, 28888504.000000, 8.000000, 0.197876, 0.015446
NNVSLLQScIDLFK, Yes, 0.14666, 0.983954, 0.013268, 0.062017,  2,   825.92963,  20, 41191916.000000, 8.000000, 0.309767, 0.036981


MeanRateConst/CorrCutOff, 0.147324, 0.900000


MedianRateConst/RMSSCutOff, 0.146657, 0.050000
StandDev/NumberPeptides, 0.092256, 3
TotalIonCurrent, 2.52305e+09
