Peptides, PeptideUnique, RateConstants, Correlations, RootMeanRSS, AbsoluteIsotopeError, Charge, m/z(Sequence), NEH, Aboundance, NDP, Rsquared,sigma
VVVPGVVGAR, Yes, 0.08189, 0.991068, 0.014050, 0.064375,  2,   476.80057,  16, 59133220.000000, 11.000000, 0.974286, 0.004989
LcDVLAQAGHR, Yes, 0.04434, 0.904678, 0.036517, 0.128465,  2,   620.31677,  25, 9312700.000000, 11.000000, 0.758662, 0.006275
HEVTVTLQcAGNR, Yes, 0.73740, 0.950856, 0.044020, 0.294095,  3,   495.58066,  25, 15696513.000000, 11.000000, 0.088266, 0.226949
HEVTVTLQcAGNR, Yes, 0.11651, 0.858307, 0.055083, 0.030173,  2,   742.86737,  25, 5635781.500000, 11.000000, 0.246941, 0.035456
VSVESEESYSHWQR, Yes, 0.10910, 0.988177, 0.016828, 0.070926,  3,   574.92877,  34, 25810214.000000, 11.000000, 0.969696, 0.007847
VSVESEESYSHWQR, Yes, 0.06675, 0.898931, 0.057391, 0.226161,  2,   861.88953,  34, 3859221.250000, 10.000000, 0.681565, 0.016409
TGVWVTLGSEVFDVTK, Yes, 0.14214, 0.993958, 0.018463, 0.076847,  2,   869.45654,  16, 26664422.000000, 11.000000, 0.942998, 0.017829
AVDDSYNVQPDTVAPIWNLR, Yes, 0.05808, 0.918594, 0.026254, 0.095090,  3,   758.37805,  36, 18012178.000000, 11.000000, 0.439365, 0.013021
AVDDSYNVQPDTVAPIWNLR, Yes, 0.10972, 0.984094, 0.013724, 0.118195,  2,  1137.06348,  36, 7520486.500000, 11.000000, 0.961462, 0.008878
AMDPEAEVLLAYEMNGQPLPR, Yes, 0.10372, 0.949354, 0.021225, 0.064459,  3,   782.04858,  49, 6860333.000000, 11.000000, 0.604221, 0.020049
VHVQVVP, Yes, 0.07714, 0.929410, 0.031261, 0.073882,  2,   389.23453,  11, 47337140.000000, 11.000000, 0.787535, 0.012023
LcDVLAQAGHR, Yes, 0.06121, 0.965122, 0.025419, 0.061219,  3,   413.88028,  25, 36614288.000000, 11.000000, 0.927518, 0.005357


MeanRateConst/CorrCutOff, 0.080651, 0.900000


MedianRateConst/RMSSCutOff, 0.081892, 0.050000
StandDev/NumberPeptides, 0.025089, 8
TotalIonCurrent, 6.15545e+09
