Peptides, PeptideUnique, RateConstants, Correlations, RootMeanRSS, AbsoluteIsotopeError, Charge, m/z(Sequence), NEH, Aboundance, NDP, Rsquared,sigma
VAAQGEVVR, Yes, 0.22064, 0.986405, 0.023671, 0.036436,  2,   464.76416,  23, 6731812.500000, 11.000000, 0.968626, 0.018201
LNLNNTVLSK, Yes, 0.08165, 0.917534, 0.031365, 0.110076,  2,   558.32458,  11, 16078860.000000, 11.000000, 0.656962, 0.018074
AYVDDTPAEQMK, Yes, 0.02319, 0.757841, 0.044535, 0.158194,  2,   684.31104,  25, 7091091.000000, 11.000000, 0.193136, 0.008084
VYEELLAIPVVR, Yes, 0.14169, 0.985321, 0.017434, 0.156700,  2,   700.91101,  22, 9362759.000000, 11.000000, 0.963834, 0.011467
SSSNTVESTSLYNK, Yes, 0.10384, 0.998301, 0.007125, 0.013650,  2,   758.85992,  23, 568830080.000000, 11.000000, 0.993266, 0.003323
TGQEYKPGNPSAAAVQTVSTK, Yes, 0.19514, 0.982068, 0.018378, 0.130559,  3,   712.03070,  43, 5309550.000000, 11.000000, 0.952799, 0.018660
VAcQGEVVR, Yes, 0.47637, 0.989231, 0.045813, 0.036169,  2,   509.26093,  20, 42295000.000000, 11.000000, 0.879124, 0.106692
VLEDIQLNLFTR, Yes, 0.11007, 0.970132, 0.017520, 0.065028,  2,   730.90900,  18, 13963222.000000, 11.000000, 0.834463, 0.014992


MeanRateConst/CorrCutOff, 0.109315, 0.900000


MedianRateConst/RMSSCutOff, 0.110071, 0.050000
StandDev/NumberPeptides, 0.024793, 4
TotalIonCurrent, 1.48303e+10
