Peptides, PeptideUnique, RateConstants, Correlations, RootMeanRSS, AbsoluteIsotopeError, Charge, m/z(Sequence), NEH, Aboundance, NDP, Rsquared,sigma
IQASSMAFK, Yes, 0.08795, 0.980710, 0.021278, 0.048420,  2,   491.75494,  20, 203705168.000000, 12.000000, 0.948165, 0.006289
NVIGLQMGTNR, Yes, 0.09230, 0.983913, 0.018580, 0.060216,  2,   601.81915,  18, 54481908.000000, 12.000000, 0.879811, 0.012600
TLMNLGGLAVAR, Yes, 0.06287, 0.883661, 0.046437, 0.044087,  3,   405.90079,  21, 5328685.500000, 12.000000, 0.618822, 0.012883
TLMNLGGLAVAR, Yes, 0.07118, 0.985239, 0.015436, 0.047434,  2,   608.34753,  21, 309672928.000000, 12.000000, 0.964050, 0.004106
GASQAGMTGYGMPR, Yes, 0.06592, 0.972860, 0.022250, 0.084167,  2,   692.31085,  31, 45580388.000000, 12.000000, 0.942390, 0.004889
LINSLYPEGQAPVK, Yes, 0.05940, 0.496517, 0.074141, 0.033926,  2,   764.92212,  27, 132235352.000000, 12.000000, -0.346095, 0.017583
LINSLYPEGQAPVKK, Yes, 0.13573, 0.992765, 0.016825, 0.126539,  3,   552.98218,  27, 79317552.000000, 12.000000, 0.953131, 0.009817
LINSLYPEGQAPVKK, Yes, 0.14917, 0.975700, 0.022615, 0.098878,  2,   828.96960,  27, 6992902.500000, 12.000000, 0.912487, 0.015466
QMEQISQFLQAAER, Yes, 0.09740, 0.987905, 0.016365, 0.026519,  3,   560.27875,  40, 55648044.000000, 12.000000, 0.969806, 0.005744
QMEQISQFLQAAER, Yes, 0.10565, 0.993850, 0.014293, 0.031759,  2,   839.91449,  40, 66341088.000000, 12.000000, 0.977106, 0.005313
YGINTTDIFQTVDLWEGK, Yes, 0.12725, 0.997253, 0.004707, 0.005433,  2,  1050.51782,  22, 105809952.000000, 12.000000, 0.991935, 0.004321
YGINTTDIFQTVDLWEGK, Yes, 0.10463, 0.992418, 0.009368, 0.050594,  3,   700.68097,  22, 30819080.000000, 12.000000, 0.970863, 0.006950
QYDADLEQILIQWITTQcR, Yes, 0.10759, 0.995657, 0.008341, 0.016865,  3,   798.73010,  37, 29065712.000000, 12.000000, 0.973999, 0.005628
GPSYGLSR, Yes, 0.05732, 0.982928, 0.024714, 0.056587,  2,   418.71667,  16, 192046528.000000, 12.000000, 0.885968, 0.004507


MeanRateConst/CorrCutOff, 0.095720, 0.900000


MedianRateConst/RMSSCutOff, 0.097398, 0.050000
StandDev/NumberPeptides, 0.024399, 11
TotalIonCurrent, 4.21002e+10
