Peptides, PeptideUnique, RateConstants, Correlations, RootMeanRSS, AbsoluteIsotopeError, Charge, m/z(Sequence), NEH, Aboundance, NDP, Rsquared,sigma
TDMDNQIVVSDYAQMDR, Yes, 0.13151, 0.896359, 0.041449, 0.129507,  2,  1000.93805,  32, 2726696.750000, 12.000000, 0.637115, 0.033705
VVSQYSSLLSPMSVNAVMK, Yes, 0.06540, 0.735651, 0.067407, 0.262822,  2,  1020.52881,  32, 2591592.500000, 10.000000, -0.859111, 0.040182
VVSQYSSLLSPMSVNAVMK, Yes, 0.06195, 0.792056, 0.039872, 0.186109,  3,   680.68829,  32, 6217425.500000, 12.000000, 0.372409, 0.012411
LGGTIDDcELVEGLVLTQK, Yes, 0.09603, 0.974835, 0.016556, 0.050093,  2,  1030.53259,  28, 39866216.000000, 12.000000, 0.947408, 0.007962
SIHDALcVIR, Yes, 0.03576, 0.835989, 0.058737, 0.195837,  3,   395.21326,  19, 23184248.000000, 12.000000, 0.438289, 0.009231
ETLLNSATTSLNSK, Yes, 0.13547, 0.958486, 0.029454, 0.113211,  2,   739.88849,  22, 20423390.000000, 12.000000, 0.893721, 0.017250
VIDPATATSVDLR, Yes, 0.22016, 0.983409, 0.020482, 0.091230,  2,   679.36975,  23, 22551094.000000, 12.000000, 0.953896, 0.020812


MeanRateConst/CorrCutOff, 0.150550, 0.900000


MedianRateConst/RMSSCutOff, 0.135466, 0.050000
StandDev/NumberPeptides, 0.063425, 3
TotalIonCurrent, 2.73238e+09
