Peptides, PeptideUnique, RateConstants, Correlations, RootMeanRSS, AbsoluteIsotopeError, Charge, m/z(Sequence), NEH, Aboundance, NDP, Rsquared,sigma
GSGVNAAGDGTIR, Yes, 0.04345, 0.983910, 0.019087, 0.017452,  2,   587.79419,  27, 76799216.000000, 12.000000, 0.951136, 0.002322
IYYGTEAQIGER, Yes, 0.08489, 0.978955, 0.020207, 0.133997,  2,   700.34625,  26, 14964449.000000, 12.000000, 0.950479, 0.006024
NPLPVTLTNVVFR, Yes, 0.05926, 0.985187, 0.011961, 0.066079,  2,   735.42737,  15, 18664314.000000, 12.000000, 0.952294, 0.004172
VLNVGDIGGNETVTLR, Yes, 0.05565, 0.971148, 0.025689, 0.125632,  2,   828.94940,  23, 12180017.000000, 12.000000, 0.903744, 0.006231
KEVTLAPGASDSVTMPVAYK, Yes, 0.06855, 0.959331, 0.024003, 0.239384,  3,   688.69421,  35, 2608827.250000, 12.000000, 0.452362, 0.014665
SEAGEFQLPFDPR, Yes, 1.52610, 0.670236, 0.019913, 0.837448,  2,   746.85699,  32, 4096769.500000, 11.000000, -7.883079, 1.070472


MeanRateConst/CorrCutOff, 0.056728, 0.900000


MedianRateConst/RMSSCutOff, 0.059257, 0.050000
StandDev/NumberPeptides, 0.010383, 4
TotalIonCurrent, 2.84944e+09
