Peptides, PeptideUnique, RateConstants, Correlations, RootMeanRSS, AbsoluteIsotopeError, Charge, m/z(Sequence), NEH, Aboundance, NDP, Rsquared,sigma
QDAFALASQQK, Yes, 0.62060, 0.966569, 0.041778, 0.026398,  2,   603.80927,  29, 30898950.000000, 12.000000, 0.777516, 0.122778
SAGFLQASASDVVVVHGR, Yes, 0.26186, 0.991341, 0.016554, 0.043677,  3,   600.65149,  39, 39725816.000000, 12.000000, 0.965268, 0.021065
SAGFLQASASDVVVVHGR, Yes, 0.08130, 0.894553, 0.047313, 0.106248,  2,   900.47357,  39, 2268768.750000, 10.000000, 0.711248, 0.016115
DcLIPMGITSENVAER, Yes, 0.28525, 0.993386, 0.013213, 0.079267,  2,   902.93201,  32, 18896034.000000, 12.000000, 0.963892, 0.021893
GcFHAEIVPVTTTVLNDK, Yes, 0.11052, 0.887802, 0.039030, 0.349584,  3,   667.67517,  25, 19166064.000000, 12.000000, -1.794568, 0.031262
NGSYDIGMAcGVESMTLSQR, Yes, 0.14999, 0.840995, 0.044150, 0.103326,  2,  1088.47705,  39, 2657825.750000, 10.000000, 0.225115, 0.054174
NGSYDIGMAcGVESMTLSQR, Yes, 0.21532, 0.978476, 0.017046, 0.107095,  3,   725.98712,  39, 6023522.500000, 12.000000, 0.951371, 0.020290
LKPEQLGDISVGNVLQPGAGAIMAR, Yes, 0.02651, 0.080945, 0.055701, 0.086335,  3,   845.46350,  53, 45508868.000000, 12.000000, -0.942419, 0.009341


MeanRateConst/CorrCutOff, 0.345760, 0.900000


MedianRateConst/RMSSCutOff, 0.285253, 0.050000
StandDev/NumberPeptides, 0.185518, 4
TotalIonCurrent, 6.92836e+09
