Peptides, PeptideUnique, RateConstants, Correlations, RootMeanRSS, AbsoluteIsotopeError, Charge, m/z(Sequence), NEH, Aboundance, NDP, Rsquared,sigma
GMTSENVAER, Yes, 0.09272, 0.950212, 0.041167, 0.073269,  2,   547.25073,  23, 4257321.500000, 11.000000, 0.765037, 0.014936
QVVTLLNELK, No, 0.22298, 0.998284, 0.010436, 0.073747,  2,   578.85040,  13, 211170000.000000, 11.000000, 0.982429, 0.014587
QVVTLLNELKR, No, 0.13398, 0.963624, 0.039858, 0.175250,  3,   438.26974,  16, 10785681.000000, 10.000000, 0.822860, 0.029938
AEELGLPILGVLR, No, 0.22665, 0.994352, 0.012491, 0.056078,  2,   690.41644,  26, 93024160.000000, 11.000000, 0.981389, 0.013674
AEIVPVTTTVLDDK, Yes, 0.75670, 0.909406, 0.076548, 0.094247,  2,   750.91144,  18, 20525516.000000, 11.000000, 0.626059, 0.413031
QKQDDFALASQQK, Yes, 0.28632, 0.986339, 0.018368, 0.071534,  2,   753.88098,  32, 9217965.000000, 11.000000, 0.970531, 0.022856
FPQASASDVVVVHGR, Yes, 0.27854, 0.960405, 0.037283, 0.162143,  3,   523.61084,  32, 69312456.000000, 11.000000, 0.771599, 0.046446
FPQASASDVVVVHGR, Yes, 0.04891, 0.849452, 0.042937, 0.120945,  2,   784.91266,  32, 2507593.750000, 11.000000, 0.497436, 0.009248
QcSSGLQAVANIAGGIR, No, 0.16742, 0.958057, 0.033184, 0.114195,  2,   851.43866,  41, 30772664.000000, 11.000000, 0.892929, 0.020644
DcLTPMGMTSENVAER, Yes, 0.18402, 0.978000, 0.020082, 0.050928,  2,   905.89203,  31, 13146924.000000, 11.000000, 0.941134, 0.017432
IAQFLSGIPETVPLSTVNR, No, 0.18817, 0.981892, 0.017500, 0.039352,  2,  1021.56769,  34, 71568928.000000, 11.000000, 0.938853, 0.018017
IAQFLSGIPETVPLSTVNR, No, 0.18107, 0.973297, 0.020488, 0.071798,  3,   681.38086,  34, 58471280.000000, 11.000000, 0.920113, 0.020258
DGGSTTAGNSSQVSDGAAAVLLAR, No, 0.22891, 0.993430, 0.013868, 0.079443,  2,  1103.04077,  54, 11615412.000000, 11.000000, 0.974035, 0.015185
DGGSTTAGNSSQVSDGAAAVLLAR, No, 0.24116, 0.990795, 0.016897, 0.040360,  3,   735.69623,  54, 32278170.000000, 11.000000, 0.959595, 0.019520
SYAVVGVPPDVMGIGPAYAIPAALQK, No, 0.21402, 0.990849, 0.009903, 0.054594,  3,   862.13300,  52, 34634828.000000, 11.000000, 0.970120, 0.015664
SKAEELGLPILGVLR, No, 0.21073, 0.991943, 0.013468, 0.070276,  3,   532.32239,  29, 54046672.000000, 11.000000, 0.976927, 0.014013


MeanRateConst/CorrCutOff, 0.212614, 0.900000


MedianRateConst/RMSSCutOff, 0.214020, 0.050000
StandDev/NumberPeptides, 0.042629, 13
TotalIonCurrent, 2.62461e+10
