Peptides, PeptideUnique, RateConstants, Correlations, RootMeanRSS, AbsoluteIsotopeError, Charge, m/z(Sequence), NEH, Aboundance, NDP, Rsquared,sigma
ATLNLSLLK, Yes, 0.07754, 0.972535, 0.018859, 0.102204,  2,   486.80801,  11, 133057656.000000, 12.000000, 0.923838, 0.007575
VLDASWYSPGTR, Yes, 0.10583, 0.993280, 0.017023, 0.031277,  2,   676.33569,  21, 123060384.000000, 12.000000, 0.953429, 0.007057
VDLSQPLIATcR, Yes, 0.09466, 0.967700, 0.025037, 0.137421,  2,   686.86627,  23, 17550298.000000, 12.000000, 0.500938, 0.017957
GSVNMPFMDFLTK, Yes, 0.10829, 0.995459, 0.010543, 0.040063,  2,   743.85706,  15, 80312136.000000, 12.000000, 0.971671, 0.007499
KVDLSQPLIATcR, Yes, 0.07862, 0.964421, 0.023685, 0.058120,  3,   500.94495,  23, 16636872.000000, 12.000000, 0.803762, 0.009900
KVDLSQPLIATcR, Yes, 0.07424, 0.958967, 0.025531, 0.255398,  2,   750.91376,  23, 2559394.500000, 12.000000, 0.890257, 0.008046
HVPGASFFDIEEcR, Yes, 0.14638, 0.951108, 0.031704, 0.072894,  3,   555.25598,  31, 34947284.000000, 12.000000, 0.900999, 0.018840
PDVAVYDGSWSEWFR, Yes, 0.09683, 0.975374, 0.017620, 0.098755,  2,   907.41266,  27, 6265186.000000, 12.000000, 0.946886, 0.008129
YLGTQPEPDIVGLDSGHIR, Yes, 0.12954, 0.994755, 0.009336, 0.035218,  3,   689.68835,  36, 65136864.000000, 12.000000, 0.983829, 0.006160
YLGTQPEPDIVGLDSGHIR, Yes, 0.19745, 0.340792, 0.085552, 0.220094,  2,  1034.02893,  36, 1315026.500000, 5.000000, -0.408793, 0.120080
TVSVLNGGFR, Yes, 0.05537, 0.917395, 0.031067, 0.041476,  2,   525.29053,  14, 38913084.000000, 12.000000, 0.471495, 0.010178


MeanRateConst/CorrCutOff, 0.091214, 0.900000


MedianRateConst/RMSSCutOff, 0.094660, 0.050000
StandDev/NumberPeptides, 0.022182, 9
TotalIonCurrent, 1.59215e+10
