Peptides, PeptideUnique, RateConstants, Correlations, RootMeanRSS, AbsoluteIsotopeError, Charge, m/z(Sequence), NEH, Aboundance, NDP, Rsquared,sigma
VTDLLGGLFSK, Yes, 0.30057, 0.980251, 0.024409, 0.038584,  2,   575.32935,  12, 43911188.000000, 12.000000, 0.930734, 0.045142
TEMSEVLTEILR, Yes, 1.13262, 0.534396, 0.070728, 0.432026,  2,   710.87122,  22, 10300026.000000, 12.000000, -1.955253, 0.777201
DQEELNPYAAWR, Yes, 0.30274, 0.958464, 0.040117, 0.330604,  2,   746.34674,  30, 6877722.000000, 12.000000, 0.705279, 0.054029
ELDESVLGQTGPYR, Yes, 0.13334, 0.952898, 0.030577, 0.045108,  2,   782.38611,  28, 10158517.000000, 12.000000, 0.899370, 0.015875
VFEANEEALGVVLHK, Yes, 0.17970, 0.982234, 0.020100, 0.097607,  3,   552.29816,  30, 11555392.000000, 12.000000, 0.958200, 0.016564


MeanRateConst/CorrCutOff, 0.229089, 0.900000


MedianRateConst/RMSSCutOff, 0.300575, 0.050000
StandDev/NumberPeptides, 0.085907, 4
TotalIonCurrent, 2.87889e+09
