Peptides, PeptideUnique, RateConstants, Correlations, RootMeanRSS, AbsoluteIsotopeError, Charge, m/z(Sequence), NEH, Aboundance, NDP, Rsquared,sigma
LDGAWWFLR, Yes, 0.03599, 0.970963, 0.013377, 0.048280,  2,   582.30347,  13, 53401116.000000, 12.000000, 0.921499, 0.002845
ITGWGEETLPDGR, Yes, 0.05005, 0.991895, 0.010219, 0.020716,  2,   715.84918,  24, 52704844.000000, 12.000000, 0.981369, 0.001850
YcQEQDMccR, Yes, 0.02418, 0.977335, 0.045308, 0.115848,  2,   725.25433,  23, 5606050.500000, 12.000000, 0.654310, 0.005344
GVVSDNcYPFSGR, Yes, 0.02679, 0.968934, 0.021795, 0.059773,  2,   729.32751,  22, 34567820.000000, 12.000000, 0.906062, 0.002473
GTNEcDIETFVLGVWGR, Yes, 0.03686, 0.966562, 0.017886, 0.103458,  2,   976.96222,  26, 19126882.000000, 12.000000, 0.920008, 0.003131
GTNEcDIETFVLGVWGR, Yes, 0.04737, 0.983420, 0.013493, 0.042919,  3,   651.64386,  26, 16994006.000000, 12.000000, 0.959661, 0.002921
cPNGQVDSNDIYQVTPAYR, Yes, 0.04160, 0.951868, 0.029023, 0.113017,  2,  1099.00256,  37, 5228052.500000, 11.000000, 0.809166, 0.006461
IYPVFGTYWDNcNR, Yes, 0.01901, 0.683282, 0.047676, 0.129896,  2,   902.90924,  18, 36310208.000000, 12.000000, 0.240946, 0.007832


MeanRateConst/CorrCutOff, 0.037549, 0.900000


MedianRateConst/RMSSCutOff, 0.036859, 0.050000
StandDev/NumberPeptides, 0.009717, 7
TotalIonCurrent, 6.90445e+09
