Peptides, PeptideUnique, RateConstants, Correlations, RootMeanRSS, AbsoluteIsotopeError, Charge, m/z(Sequence), NEH, Aboundance, NDP, Rsquared,sigma
FFVMTSLR, Yes, 0.03771, 0.963516, 0.013160, 0.063280,  2,   500.76785,  9, 39649132.000000, 12.000000, 0.901338, 0.003483
GLSSLLYGSIPK, Yes, 0.08024, 0.987621, 0.013652, 0.039755,  2,   617.85571,  18, 50525504.000000, 12.000000, 0.968575, 0.004768
GTYQGLTATVLK, Yes, 0.12902, 0.960684, 0.023777, 0.028538,  2,   626.35083,  15, 49536160.000000, 12.000000, 0.917322, 0.015092
FIHDQTSSNPK, Yes, 0.08360, 0.982727, 0.018858, 0.083357,  2,   637.31219,  20, 8516219.000000, 12.000000, 0.955725, 0.006221
FGMFEFLSNHMR, Yes, 0.06921, 0.977075, 0.034191, 0.140783,  3,   505.90057,  20, 16165468.000000, 12.000000, 0.852243, 0.011694
FIHDQTSSNPK, Yes, 0.09633, 0.992349, 0.012060, 0.066868,  3,   425.21057,  20, 23269730.000000, 12.000000, 0.980812, 0.004775


MeanRateConst/CorrCutOff, 0.082345, 0.900000


MedianRateConst/RMSSCutOff, 0.080240, 0.050000
StandDev/NumberPeptides, 0.011164, 4
TotalIonCurrent, 4.80294e+09
