Peptides, PeptideUnique, RateConstants, Correlations, RootMeanRSS, AbsoluteIsotopeError, Charge, m/z(Sequence), NEH, Aboundance, NDP, Rsquared,sigma
VNMSGVSSSNGVVDPR, Yes, 0.19953, 0.950423, 0.028856, 0.041434,  2,   802.88849,  29, 24344104.000000, 6.000000, 0.811115, 0.027599
WTGMIIGPPR, No, 0.10602, 0.986307, 0.019134, 0.079384,  2,   564.30511,  16, 40832840.000000, 6.000000, 0.889717, 0.015014
LLEELEEGQK, No, 0.25514, 0.992793, 0.016328, 0.123151,  2,   594.31134,  24, 76690168.000000, 6.000000, 0.971245, 0.016893
GVGDGTVSWGLEDDEDMTLTR, No, 0.01693, -0.277192, 0.040194, 0.116077,  2,  1127.00244,  33, 5807185.500000, 6.000000, -0.246493, 0.029787


MeanRateConst/CorrCutOff, 0.186896, 0.900000


MedianRateConst/RMSSCutOff, 0.199526, 0.050000
StandDev/NumberPeptides, 0.075357, 3
TotalIonCurrent, 2.02658e+09
