Peptides, PeptideUnique, RateConstants, Correlations, RootMeanRSS, AbsoluteIsotopeError, Charge, m/z(Sequence), NEH, Aboundance, NDP, Rsquared,sigma
AYLESFYK, Yes, 9.01258, 0.133438, 0.083084, 0.468642,  2,   510.75546,  12, 32689318.000000, 10.000000, -6.602633, 2842.703125
LLFEGAGSNPGDK, Yes, 0.12899, 0.965131, 0.027748, 0.035454,  2,   652.82770,  25, 62680184.000000, 10.000000, 0.910559, 0.013253
AFIITINSFGTELSK, Yes, 0.07701, 0.962514, 0.026244, 0.064947,  2,   820.94830,  22, 23748294.000000, 10.000000, 0.879959, 0.010526
LHLQSTDYGNFLANEASPLTVSVIDDK, Yes, 0.10942, 0.985870, 0.008799, 0.125702,  3,   983.16095,  46, 13246082.000000, 10.000000, 0.965888, 0.007534


MeanRateConst/CorrCutOff, 0.105140, 0.900000


MedianRateConst/RMSSCutOff, 0.109416, 0.050000
StandDev/NumberPeptides, 0.026254, 3
TotalIonCurrent, 3.66772e+09
