Peptides, PeptideUnique, RateConstants, Correlations, RootMeanRSS, AbsoluteIsotopeError, Charge, m/z(Sequence), NEH, Aboundance, NDP, Rsquared,sigma
QFGPLVR, Yes, 0.16682, 0.986613, 0.018733, 0.086380,  2,   408.73996,  13, 19504184.000000, 10.000000, 0.947541, 0.013533
GNLQNLER, Yes, 0.05969, 0.961234, 0.023634, 0.190597,  2,   472.25140,  18, 38016856.000000, 10.000000, 0.922064, 0.005190
LDAFVEGVVK, Yes, 0.03740, 0.980158, 0.028648, 0.064396,  2,   538.80298,  15, 190752560.000000, 10.000000, 0.306814, 0.005512
TcQQTWEK, Yes, 10.33745, -0.363279, 0.150428, 1.230924,  2,   540.74255,  14, 6792987.000000, 10.000000, -13.076220, 17679.316406
GVTQIDNDLK, Yes, 0.54262, 0.964278, 0.033262, 0.106588,  2,   551.79059,  14, 45028172.000000, 10.000000, 0.867335, 0.118771
VQENLLASGVDLVTYITR, Yes, 0.13665, 0.991708, 0.013173, 0.046498,  3,   664.36511,  29, 9688519.000000, 10.000000, 0.969459, 0.010156
VQENLLASGVDLVTYITR, Yes, 0.13564, 0.987340, 0.024394, 0.103170,  2,   996.04401,  29, 3549742.500000, 10.000000, 0.922470, 0.018098
VFVESVLR, Yes, 0.14542, 0.975343, 0.022282, 0.067271,  2,   474.77930,  12, 62591320.000000, 10.000000, 0.930853, 0.016971


MeanRateConst/CorrCutOff, 0.146130, 0.900000


MedianRateConst/RMSSCutOff, 0.136649, 0.050000
StandDev/NumberPeptides, 0.014474, 4
TotalIonCurrent, 6.35131e+09
