Peptides, PeptideUnique, RateConstants, Correlations, RootMeanRSS, AbsoluteIsotopeError, Charge, m/z(Sequence), NEH, Aboundance, NDP, Rsquared,sigma
LSQLEGVNVER, Yes, 0.21474, 0.978336, 0.024991, 0.077606,  2,   622.33569,  24, 26543210.000000, 12.000000, 0.938903, 0.021297
VLETTVEIFNK, Yes, 0.03087, 0.561761, 0.056382, 0.123441,  2,   646.85846,  13, 42733104.000000, 12.000000, -0.013340, 0.011485
QIVLTGILEQVVNcR, Yes, 0.04220, 0.907787, 0.027291, 0.058948,  3,   581.32581,  25, 6521364.000000, 12.000000, 0.695269, 0.006350
ENDAVTIQVLNQLIQK, Yes, 0.04393, 0.484238, 0.064863, 0.144434,  2,   913.50452,  30, 6665324.000000, 12.000000, -0.350742, 0.012048
ENDAVTIQVLNQLIQK, Yes, 0.14485, 0.953910, 0.026054, 0.082343,  3,   609.33881,  30, 4991383.500000, 12.000000, 0.295306, 0.047308
LFDIFSQQVATVIQSR, Yes, 0.23928, 0.990737, 0.014561, 0.051861,  3,   618.00360,  30, 16343561.000000, 12.000000, 0.960009, 0.019421
LFDIFSQQVATVIQSR, Yes, 0.69510, 0.884192, 0.048392, 0.672055,  2,   926.50183,  30, 9299679.000000, 12.000000, -0.898175, 0.244792
VADLYELVQYAGNIIPR, Yes, 0.33093, 0.966470, 0.026671, 0.156899,  3,   645.35089,  32, 3687185.250000, 12.000000, 0.810104, 0.051831
HASNMLGELR, Yes, 0.09794, 0.808110, 0.062493, 0.077474,  2,   564.28491,  23, 47631628.000000, 12.000000, -0.114208, 0.029889
SDDPDQQYLILNTAR, Yes, 0.16829, 0.990826, 0.014214, 0.189768,  2,   874.92609,  30, 10694802.000000, 12.000000, 0.978103, 0.010919
IREDLPNLESSEETEQINK, Yes, 0.04267, 0.807210, 0.046871, 0.240411,  3,   748.70453,  44, 6576712.000000, 12.000000, 0.505545, 0.009880


MeanRateConst/CorrCutOff, 0.191791, 0.900000


MedianRateConst/RMSSCutOff, 0.214743, 0.050000
StandDev/NumberPeptides, 0.042965, 4
TotalIonCurrent, 5.45757e+09
