Peptides, PeptideUnique, RateConstants, Correlations, RootMeanRSS, AbsoluteIsotopeError, Charge, m/z(Sequence), NEH, Abundance, NDP, Rsquared,sigma,CI lower band, CI upper band
PLFSWEESR, Yes, 0.49531, 0.952797, 0.033773, 0.114953,  2,   575.78000,  20, 64172144.000000, 11.000000, 0.886188, 0.089425, 0.296061, 0.694564
TIQWVQAMEGSAR, Yes, 0.44377, 0.950756, 0.038465, 0.055901,  2,   738.86682,  30, 19040306.000000, 11.000000, 0.759341, 0.092543, 0.237571, 0.649970
VFDLHLSSWLEELK, Yes, 0.88469, 0.967496, 0.021052, 0.056908,  2,   858.45378,  21, 5355820.000000, 11.000000, 0.800687, 0.271717, 0.279266, 1.490115
VFDLHLSSWLEELK, Yes, 0.50492, 0.991744, 0.011266, 0.030484,  3,   572.63828,  21, 62515928.000000, 11.000000, 0.979087, 0.042385, 0.410483, 0.599361
SYEDFNMEFLSPcGLR, Yes, 0.03502, 0.943122, 0.059402, 0.319817,  2,   982.92949,  29, 8929608.000000, 11.000000, 0.528779, 0.012256, 0.007713, 0.062329
GNEDTPYEAVHSHPYPc, Yes, 0.17959, 0.956197, 0.027935, 0.124539,  3,   658.27586,  37, 11225868.000000, 11.000000, 0.911130, 0.024494, 0.125018, 0.234170


MeanRateConst/CorrCutOff, 0.405900, 0.900000


MedianRateConst/RMSSCutOff, 0.495312, 0.050000
StandDev/NumberPeptides, 0.046292, 4
TotalIonCurrent, 6.46656e+09
