Peptides, PeptideUnique, RateConstants, Correlations, RootMeanRSS, AbsoluteIsotopeError, Charge, m/z(Sequence), NEH, Abundance, NDP, Rsquared,sigma,CI lower band, CI upper band
AIFQAIAAK, Yes, 0.11811, 0.984901, 0.022320, 0.050995,  2,   466.78181,  22, 103425896.000000, 12.000000, 0.963431, 0.009046, 0.098204, 0.138025
SAVDNcQDSWR, Yes, 0.11113, 0.985145, 0.030533, 0.133103,  2,   669.28058,  24, 61902076.000000, 12.000000, 0.950814, 0.011158, 0.086575, 0.135692
HEMLPANLIQAQR, Yes, 0.05817, 0.905363, 0.047169, 0.232455,  2,   760.90372,  33, 26892118.000000, 12.000000, 0.733442, 0.010780, 0.034443, 0.081896
HEMLPANLIQAQR, Yes, 0.16790, 0.978452, 0.022914, 0.073688,  3,   507.60491,  33, 71716816.000000, 12.000000, 0.955687, 0.015892, 0.132922, 0.202879
NPELQNLLLDDFFK, Yes, 0.20934, 0.950081, 0.032232, 0.049538,  3,   569.29803,  21, 8856159.000000, 12.000000, 0.774854, 0.061156, 0.074734, 0.343941
NPELQNLLLDDFFK, Yes, 0.13757, 0.993180, 0.011275, 0.059952,  2,   853.44341,  21, 88076848.000000, 12.000000, 0.974088, 0.009752, 0.116107, 0.159035
LVPLLDTGDIIIDGGNSEYR, Yes, 0.18199, 0.992135, 0.011062, 0.054719,  2,  1080.56278,  32, 27444098.000000, 12.000000, 0.975631, 0.011565, 0.156532, 0.207440
LVPLLDTGDIIIDGGNSEYR, Yes, 0.19331, 0.992557, 0.009510, 0.057636,  3,   720.71095,  32, 20806068.000000, 12.000000, 0.985160, 0.010609, 0.169955, 0.216656
WTAISALEYGMPVTLIGEAVFAR, Yes, 0.14672, 0.994998, 0.007009, 0.035333,  3,   832.43828,  43, 21727422.000000, 12.000000, 0.985080, 0.007790, 0.129579, 0.163870
VDDFLANEAK, Yes, 0.20866, 0.907800, 0.050238, 0.024800,  2,   561.27730,  19, 78172168.000000, 12.000000, 0.640254, 0.047948, 0.103126, 0.314194


MeanRateConst/CorrCutOff, 0.158259, 0.900000


MedianRateConst/RMSSCutOff, 0.167901, 0.050000
StandDev/NumberPeptides, 0.011576, 8
TotalIonCurrent, 1.72771e+10
