Peptides, PeptideUnique, RateConstants, Correlations, RootMeanRSS, AbsoluteIsotopeError, Charge, m/z(Sequence), NEH, Abundance, NDP, Rsquared,sigma,CI lower band, CI upper band
WTLGFcDER, Yes, 0.16763, 0.993395, 0.010858, 0.053083,  2,   592.26368,  14, 91009512.000000, 12.000000, 0.980467, 0.010525, 0.144465, 0.190795
DLPAAAAPAGPASFAR, Yes, 0.26541, 0.852677, 0.085486, 0.256158,  2,   741.88860,  46, 75759624.000000, 12.000000, -0.500757, 0.136071, 0.000000, 2.134666
FALGLSGGSLVSMLAR, Yes, 0.06173, 0.933774, 0.064669, 0.206019,  3,   526.96059,  29, 2131742.500000, 11.000000, 0.674679, 0.019474, 0.018336, 0.105116
FALGLSGGSLVSMLAR, Yes, 0.01135, 0.936741, 0.069724, 0.252044,  2,   789.93725,  29, 527770496.000000, 12.000000, 0.256874, 0.006478, 0.000000, 4.174593
TGALcWFLDEAAAR, Yes, 0.21299, 0.992957, 0.011644, 0.018967,  2,   790.87993,  30, 89871848.000000, 12.000000, 0.984892, 0.011831, 0.186950, 0.239031
IVAPISDSPKPPPQR, Yes, 0.12558, 0.990815, 0.014801, 0.080886,  3,   534.63850,  34, 102016776.000000, 12.000000, 0.976342, 0.007729, 0.108564, 0.142587
IVAPISDSPKPPPQR, Yes, 0.09209, 0.956870, 0.040621, 0.129304,  2,   801.45411,  34, 10585024.000000, 8.000000, 0.825696, 0.017995, 0.049541, 0.134644
LVPFDHAESTYGLYR, Yes, 0.10704, 0.975150, 0.018471, 0.077192,  3,   589.96154,  26, 140520224.000000, 12.000000, 0.937975, 0.010028, 0.084970, 0.129112
VTLTLPVLNAAQSIIFVATGEGK, Yes, 0.16895, 0.996772, 0.006655, 0.043843,  3,   781.44918,  38, 32901344.000000, 12.000000, 0.987861, 0.008403, 0.150451, 0.187441
VTLTLPVLNAAQSIIFVATGEGK, Yes, 0.18428, 0.992982, 0.009483, 0.075100,  2,  1171.67013,  38, 6879687.500000, 12.000000, 0.977178, 0.012511, 0.156743, 0.211816
LPIPDSQVLTINPALPVEDAAEDYAR, Yes, 0.00000, -2.000000, 0.223846, 0.207065,  3,   936.48690,  57, 7431391.500000, 11.000000, -0.051336, 0.032169, 0.000000, 7.687247


MeanRateConst/CorrCutOff, 0.151222, 0.900000


MedianRateConst/RMSSCutOff, 0.167630, 0.050000
StandDev/NumberPeptides, 0.010556, 7
TotalIonCurrent, 3.01311e+10
