Peptides, PeptideUnique, RateConstants, Correlations, RootMeanRSS, AbsoluteIsotopeError, Charge, m/z(Sequence), NEH, Abundance, NDP, Rsquared,sigma,CI lower band, CI upper band
LSISGNYNLK, Yes, 0.01607, 0.335207, 0.034098, 0.157093,  2,   554.80347,  14, 2143378304.000000, 12.000000, -1.312020, 0.007235, 0.000148, 0.031995
ELISQFLLNR, Yes, 0.79236, 0.832413, 0.021507, 0.562859,  2,   616.85350,  18, 168335872.000000, 12.000000, -4.500306, 0.469388, 0.000000, 3.704908
DQSPASHEIATNLGDFALR, Yes, 0.00000, -2.000000, 0.220721, 0.063910,  3,   681.33610,  44, 153391504.000000, 12.000000, -0.504027, 0.016710, 0.000000, 7.063385
MQHLEQTLNK, Yes, 0.05662, -2.000000, 0.000000, 0.459539,  3,   414.54840,  19, 56927496.000000, 1.000000, 0.000000, inf, 0.056617, 0.056617
MQHLEQTLNK, Yes, 0.46346, -2.000000, 0.019186, 0.518589,  2,   621.31897,  19, 33375324.000000, 1.000000, 0.000000, inf, 0.463459, 0.463459


MeanRateConst/CorrCutOff, 0.265701, 0.900000


MedianRateConst/RMSSCutOff, 0.056617, 0.050000
StandDev/NumberPeptides, 0.024976, 0
TotalIonCurrent, 6.21934e+10
