Peptides, PeptideUnique, RateConstants, Correlations, RootMeanRSS, AbsoluteIsotopeError, Charge, m/z(Sequence), NEH, Abundance, NDP, Rsquared,sigma,CI lower band, CI upper band
NNPGVLTTR, Yes, 0.67716, 0.970352, 0.028078, 0.165496,  2,   486.26707,  13, 63229004.000000, 12.000000, 0.776587, 0.136760, 0.376156, 0.978169
VGFFELFR, Yes, 0.24238, 0.989150, 0.015079, 0.039629,  2,   507.77401,  11, 88910120.000000, 12.000000, 0.961172, 0.025518, 0.186214, 0.298541
STALQLIQR, Yes, 0.10170, 0.985498, 0.021042, 0.034501,  2,   515.30619,  20, 543098688.000000, 12.000000, 0.952112, 0.007463, 0.085273, 0.118126
AGSIADEVLSSIR, Yes, 0.39366, 0.998456, 0.008274, 0.033223,  2,   659.35406,  30, 56027760.000000, 12.000000, 0.993523, 0.015456, 0.359647, 0.427683
KPPIDVYSGAGEK, Yes, 0.32559, 0.864866, 0.062343, 0.602926,  2,   680.85898,  24, 20414540.000000, 12.000000, -0.743223, 0.104819, 0.094891, 0.556299
IQHGHTIISVAHR, Yes, 0.22760, 0.987253, 0.019515, 0.075559,  4,   367.95875,  28, 13913505.000000, 12.000000, 0.955413, 0.020911, 0.181579, 0.273631
QPVMDcMSGDGYK, Yes, 0.25573, 0.981065, 0.019169, 0.143536,  2,   744.30182,  22, 13474373.000000, 12.000000, 0.960301, 0.025788, 0.198967, 0.312486
IDEAIADQMALFLQR, Yes, 0.00001, 0.743052, 0.059305, 0.162748,  2,   867.44816,  35, 27565712.000000, 12.000000, -0.120711, 0.005116, 0.000000, 4.509978
FYDPDQGTVMIDGHDSK, Yes, 0.19087, 0.940049, 0.028714, 0.142588,  3,   642.28425,  27, 28214470.000000, 12.000000, 0.759844, 0.039948, 0.102946, 0.278794
ILLLDMATSALDNESEAK, Yes, 0.31227, 0.982935, 0.016209, 0.145259,  2,   967.49296,  36, 10590421.000000, 12.000000, 0.959938, 0.029284, 0.247819, 0.376725
LSTIQNSDIIAVMSQGVVIEK, Yes, 0.04381, 0.616553, 0.067956, 0.288790,  3,   749.07512,  37, 17343950.000000, 12.000000, -0.126376, 0.020356, 0.000000, 3.228909
SNIGIVSQEPVLFDcSIMDNIK, Yes, 0.35667, 0.983800, 0.013006, 0.151220,  3,   827.07842,  37, 9285199.000000, 12.000000, 0.936028, 0.039579, 0.269561, 0.443788
MEIGWFDcTSVGELNSR, Yes, 0.05702, 0.960225, 0.114407, 0.380662,  2,  1000.94568,  29, 3471860.250000, 4.000000, 0.371366, 0.084845, 0.000000, 5.979963
IQHGHTIISVAHR, Yes, 0.31249, 0.979961, 0.023988, 0.124259,  3,   490.27590,  28, 5014482.500000, 12.000000, 0.923664, 0.036516, 0.232123, 0.392864


MeanRateConst/CorrCutOff, 0.271145, 0.900000


MedianRateConst/RMSSCutOff, 0.255726, 0.050000
StandDev/NumberPeptides, 0.029459, 7
TotalIonCurrent, 2.8861e+10
