Peptides, PeptideUnique, RateConstants, Correlations, RootMeanRSS, AbsoluteIsotopeError, Charge, m/z(Sequence), NEH, Abundance, NDP, Rsquared,sigma,CI lower band, CI upper band
VMVILPK, Yes, 0.46973, 0.968868, 0.061628, 0.130800,  2,   400.25914,  6, 89661432.000000, 12.000000, 0.601008, 0.317734, 0.000000, 2.461329
AFIVLNPDYK, Yes, 0.01335, -0.001829, 0.078607, 0.157435,  2,   590.32405,  13, 105503016.000000, 12.000000, -0.199864, 0.009928, 0.000000, 3.727179
MLVQNDMSSYK, Yes, 0.14570, 0.984117, 0.014380, 0.100192,  2,   658.30467,  17, 27103880.000000, 12.000000, 0.966848, 0.011035, 0.121408, 0.169985
DVLDQWTNMEK, Yes, 0.11498, 0.967337, 0.033930, 0.097148,  2,   689.81901,  16, 17392466.000000, 12.000000, 0.877672, 0.020644, 0.069543, 0.160417
TATPQNFSNYESMK, Yes, 0.09478, 0.968997, 0.027998, 0.182682,  2,   809.36430,  26, 23629266.000000, 12.000000, 0.917027, 0.011700, 0.069027, 0.120530
GYMDEDGYFWFVAR, Yes, 0.13707, 0.978536, 0.020843, 0.160866,  2,   878.37723,  22, 12730871.000000, 12.000000, 0.933920, 0.017165, 0.099291, 0.174852


MeanRateConst/CorrCutOff, 0.123132, 0.900000


MedianRateConst/RMSSCutOff, 0.137071, 0.050000
StandDev/NumberPeptides, 0.014145, 4
TotalIonCurrent, 6.97387e+09
