Peptides, PeptideUnique, RateConstants, Correlations, RootMeanRSS, AbsoluteIsotopeError, Charge, m/z(Sequence), NEH, Abundance, NDP, Rsquared,sigma,CI lower band, CI upper band
VTVPALLR, Yes, 0.09365, 0.980092, 0.017390, 0.058594,  2,   434.78437,  12, 150887664.000000, 12.000000, 0.947713, 0.007999, 0.076040, 0.111251
NLGSVDFPR, Yes, 0.01270, 0.948134, 0.030107, 0.092092,  2,   502.76162,  15, 641649856.000000, 12.000000, 0.523130, 0.004770, 0.002206, 0.023202
YWLQNPGELQR, Yes, 0.16018, 0.776037, 0.059434, 0.049336,  2,   702.35694,  23, 209457936.000000, 12.000000, -0.260629, 0.053792, 0.041781, 0.278573
NGIcLEMGPQPQGVLR, Yes, 0.06967, 0.470454, 0.115340, 0.048303,  2,   884.94528,  34, 47549760.000000, 12.000000, -0.018673, 0.036203, 0.000000, 2.852018
PSFSAMPVLANPAATAAccR, Yes, 0.12286, 0.954103, 0.036009, 0.091661,  2,  1046.49226,  48, 7140938.500000, 9.000000, 0.859263, 0.022049, 0.072012, 0.173701
PSFSAMPVLANPAATAAccR, Yes, 0.13360, 0.874945, 0.055045, 0.147255,  3,   697.99727,  48, 4827632.500000, 11.000000, -0.066662, 0.071077, 0.000000, 2.705536
LFLYEPAGTETFSVESISK, Yes, 0.11440, 0.974977, 0.016455, 0.049132,  2,  1059.53570,  33, 71514760.000000, 12.000000, 0.946806, 0.010225, 0.091892, 0.136902
ScTLTFLGSTATPDDPYEVK, Yes, 0.13715, 0.961312, 0.024248, 0.112577,  2,  1101.51719,  29, 16863642.000000, 12.000000, 0.913700, 0.019203, 0.094884, 0.179417
VAVTGGTHGNEMcGVYLAR, Yes, 0.14914, 0.723563, 0.082834, 0.312347,  2,   996.47494,  34, 1509080.000000, 11.000000, 0.214950, 0.086436, 0.000000, 2.654977
VAVTGGTHGNEMcGVYLAR, Yes, 0.16431, 0.992475, 0.010576, 0.060956,  3,   664.65239,  34, 48503552.000000, 12.000000, 0.984216, 0.008731, 0.145088, 0.183523


MeanRateConst/CorrCutOff, 0.117012, 0.900000


MedianRateConst/RMSSCutOff, 0.122856, 0.050000
StandDev/NumberPeptides, 0.012490, 4
TotalIonCurrent, 3.07014e+10
