Peptides, PeptideUnique, RateConstants, Correlations, RootMeanRSS, AbsoluteIsotopeError, Charge, m/z(Sequence), NEH, Abundance, NDP, Rsquared,sigma,CI lower band, CI upper band
MPTLGLGTWK, Yes, 0.03394, 0.863829, 0.047237, 0.201481,  2,   552.29953,  10, 35056944.000000, 11.000000, 0.270001, 0.018038, 0.000000, 3.194408
HIDcAQVYQNEK, Yes, 0.09754, 0.976796, 0.053348, 0.166278,  2,   752.84608,  26, 4546048.000000, 11.000000, 0.864217, 0.019988, 0.053004, 0.142079
VFDFEVSSEDMATLLSYNR, Yes, 0.09129, 0.923048, 0.063317, 0.127279,  2,  1112.01735,  33, 3167710.750000, 6.000000, 0.533474, 0.050532, 0.000000, 3.970436
TLSDLQLDYLDLYLIHWPTGFK, Yes, 0.06807, 0.964071, 0.012433, 0.062528,  3,   884.46337,  26, 5963435.500000, 11.000000, 0.868899, 0.009129, 0.047726, 0.088405


MeanRateConst/CorrCutOff, 0.068065, 0.900000


MedianRateConst/RMSSCutOff, 0.068065, 0.050000
StandDev/NumberPeptides, 0.009129, 1
TotalIonCurrent, 1.39159e+09
