Peptides, PeptideUnique, RateConstants, Correlations, RootMeanRSS, AbsoluteIsotopeError, Charge, m/z(Sequence), NEH, Abundance, NDP, Rsquared,sigma,CI lower band, CI upper band
MSFVNDLTVTR, Yes, 0.28914, 0.931331, 0.034187, 0.056453,  2,   641.82664,  13, 28451890.000000, 9.000000, 0.687555, 0.090419, 0.080636, 0.497648
ANPGFSMLDFLSDKPFIK, Yes, 0.08720, 0.861691, 0.035580, 0.172012,  3,   676.34840,  27, 21200754.000000, 9.000000, 0.560110, 0.026118, 0.026967, 0.147423
EPPFMFGVLHPNTK, Yes, 0.11934, 0.566898, 0.071455, 0.479462,  3,   538.60967,  22, 10630783.000000, 9.000000, -1.691052, 0.057690, 0.000000, 2.129588
LFENQLSGPESIVNIGDVLFTGTADGR, Yes, 0.16839, 0.990739, 0.008974, 0.072016,  3,   950.48205,  48, 6285568.500000, 9.000000, -0.473117, 0.116241, 0.000000, 3.079164


MeanRateConst/CorrCutOff, 0.228768, 0.900000


MedianRateConst/RMSSCutOff, 0.289142, 0.050000
StandDev/NumberPeptides, 0.101717, 2
TotalIonCurrent, 2.0918e+09
