Peptides, PeptideUnique, RateConstants, Correlations, RootMeanRSS, AbsoluteIsotopeError, Charge, m/z(Sequence), NEH, Abundance, NDP, Rsquared,sigma,CI lower band, CI upper band
SKMEEQTQQIR, Yes, 3.28555, 0.989086, 0.042373, 0.185185,  2,   689.34317,  28, 1834096.750000, 9.000000, 0.871967, 3.786598, 2.320688, 4.250408
GWFEPIVEDMHR, Yes, 1.75649, 0.980571, 0.020380, 0.037760,  3,   505.90649,  23, 150569728.000000, 9.000000, 0.923512, 0.497023, 0.610352, 2.902626
NEVHTMLGQSTEEIR, Yes, 1.87159, 0.986180, 0.018702, 0.109259,  2,   872.42014,  32, 21002014.000000, 9.000000, 0.952900, 0.459882, 0.811097, 2.932077
NEVHTMLGQSTEEIR, Yes, 2.32275, 0.984517, 0.022906, 0.072336,  3,   581.94919,  32, 71276904.000000, 9.000000, 0.932508, 0.907107, 0.230961, 4.414545
GRLEEVGNQAR, Yes, 0.31959, 0.967011, 0.061993, 0.041222,  3,   410.21793,  29, 28422940.000000, 9.000000, 0.495381, 0.091606, 0.108344, 0.530833


MeanRateConst/CorrCutOff, 2.309094, 0.900000


MedianRateConst/RMSSCutOff, 2.322753, 0.050000
StandDev/NumberPeptides, 0.720338, 4
TotalIonCurrent, 9.74326e+09
