Peptides, PeptideUnique, RateConstants, Correlations, RootMeanRSS, AbsoluteIsotopeError, Charge, m/z(Sequence), NEH, Abundance, NDP, Rsquared,sigma,CI lower band, CI upper band
SFPDFPIPGVLFR, Yes, 0.10670, 0.974545, 0.021075, 0.129418,  2,   746.40338,  20, 42287792.000000, 8.000000, 0.904460, 0.014618, 0.072132, 0.141264
GFLFGPSLAQELGVGcVLIR, Yes, 0.07415, 0.969606, 0.041529, 0.179917,  2,  1067.07990,  35, 4381919.000000, 8.000000, 0.761938, 0.020399, 0.025916, 0.122386
GFLFGPSLAQELGVGcVLIR, Yes, 0.06864, 0.879631, 0.029616, 0.111477,  3,   711.72236,  35, 5947414.500000, 8.000000, 0.685698, 0.016203, 0.030326, 0.106952


MeanRateConst/CorrCutOff, 0.083163, 0.900000


MedianRateConst/RMSSCutOff, 0.074151, 0.050000
StandDev/NumberPeptides, 0.016746, 2
TotalIonCurrent, 1.34755e+09
