Peptides, PeptideUnique, RateConstants, Correlations, RootMeanRSS, AbsoluteIsotopeError, Charge, m/z(Sequence), NEH, Abundance, NDP, Rsquared,sigma,CI lower band, CI upper band
ILMVGLDAAGK, No, 0.35114, 0.991744, 0.014847, 0.059492,  2,   544.31263,  18, 211119616.000000, 12.000000, 0.978856, 0.027602, 0.290385, 0.411889
DAVLLVFANK, No, 0.32374, 0.994089, 0.015741, 0.065012,  2,   545.31877,  14, 328053728.000000, 12.000000, 0.973990, 0.029418, 0.258990, 0.388489
NISFTVWDVGGQDK, Yes, 0.52501, 0.962341, 0.038764, 0.063033,  2,   783.38337,  19, 43504972.000000, 12.000000, 0.830309, 0.140005, 0.216861, 0.833160
QDLPNAMNAAEITDK, Yes, 0.33025, 0.991523, 0.014911, 0.077108,  2,   815.89068,  33, 53062644.000000, 12.000000, 0.975074, 0.026576, 0.271756, 0.388745
ATSGDGLYEGLDWLSNQLR, Yes, 0.00721, -0.227648, 0.054463, 0.122601,  2,  1048.00817,  35, 2571217.250000, 8.000000, -0.497861, 0.007373, 0.000000, 3.835849
HYFQNTQGLIFVVDSNDR, No, 0.06167, -0.106623, 0.097048, 0.071471,  3,   718.35187,  30, 143562208.000000, 12.000000, -0.966225, 0.033940, 0.000000, 2.763240
cATSGDGLYEGLDWLSNQLR, Yes, 0.36891, 0.958611, 0.022577, 0.074045,  2,  1128.02350,  37, 2655548.250000, 7.000000, 0.916029, 0.064704, 0.210589, 0.527237
cATSGDGLYEGLDWLSNQLR, Yes, 0.28741, 0.964576, 0.021597, 0.038524,  3,   752.35142,  37, 2754299.250000, 9.000000, 0.889536, 0.048573, 0.175401, 0.399421
LGEIVTTIPTIGFNVETVEYK, No, 0.31248, 0.985139, 0.017096, 0.099857,  3,   775.08590,  27, 26698570.000000, 12.000000, 0.940108, 0.046064, 0.211098, 0.413872
LGEIVTTIPTIGFNVETVEYK, No, 0.30281, 0.990671, 0.009721, 0.155043,  2,  1162.12522,  27, 29130394.000000, 10.000000, 0.974558, 0.026429, 0.243023, 0.362597
MLAEDELR, No, 0.28912, 0.996474, 0.013689, 0.053104,  2,   488.74203,  19, 153382128.000000, 12.000000, 0.987624, 0.016788, 0.252166, 0.326066
HYFQNTQGLIFVVDSNDR, No, 0.07950, 0.037692, 0.113207, 0.180968,  2,  1077.02417,  30, 4562364.500000, 9.000000, -0.774010, 0.074493, 0.000000, 3.863297


MeanRateConst/CorrCutOff, 0.320733, 0.900000


MedianRateConst/RMSSCutOff, 0.323740, 0.050000
StandDev/NumberPeptides, 0.030418, 8
TotalIonCurrent, 3.84861e+10
