Peptides, PeptideUnique, RateConstants, Correlations, RootMeanRSS, AbsoluteIsotopeError, Charge, m/z(Sequence), NEH, Abundance, NDP, Rsquared,sigma,CI lower band, CI upper band
ILMLGLDAAGK, Yes, 0.07464, 0.970083, 0.021588, 0.100674,  2,   551.32045,  18, 79656480.000000, 12.000000, 0.933127, 0.006577, 0.060168, 0.089119
QDLPDAMKPHEIQEK, Yes, 0.05877, 0.885908, 0.035579, 0.134276,  3,   593.62956,  35, 16169296.000000, 12.000000, 0.689704, 0.009733, 0.037353, 0.080195
cATSGDGLYEGLTWLTSNYK, Yes, 0.03353, 0.915557, 0.070406, 0.269462,  2,  1118.51497,  28, 2639565.000000, 9.000000, 0.319153, 0.021267, 0.000000, 4.239915
LGQSVTTIPTVGFNVETVTYK, Yes, 0.07552, 0.959145, 0.026242, 0.134891,  3,   752.07038,  25, 11390352.000000, 12.000000, 0.849792, 0.012652, 0.047676, 0.103369
LGQSVTTIPTVGFNVETVTYK, Yes, 0.06979, 0.983318, 0.026048, 0.114885,  2,  1127.60193,  25, 12654167.000000, 12.000000, 0.862382, 0.011845, 0.043716, 0.095858
NWYVQPScATSGDGLYEGLTWLTSNYK, Yes, 0.06245, 0.965937, 0.011693, 0.041363,  3,  1037.47819,  40, 15024055.000000, 12.000000, 0.928814, 0.005807, 0.049672, 0.075233
DAIILIFANK, Yes, 0.06176, 0.991739, 0.013361, 0.046273,  2,   559.33441,  16, 103064096.000000, 12.000000, 0.966590, 0.003908, 0.053162, 0.070367
FNVWDVGGQDK, Yes, 0.18257, 0.947233, 0.034788, 0.104107,  2,   632.80149,  15, 51917100.000000, 12.000000, 0.847108, 0.033164, 0.109582, 0.255568
NWYVQPScATSGDGLYEGLTWLTSNYK, Yes, 0.00000, -2.000000, 0.061860, 0.600677,  2,  1555.71365,  40, 1649530.000000, 8.000000, -0.572736, 0.013317, 0.000000, 5.477356


MeanRateConst/CorrCutOff, 0.068834, 0.900000


MedianRateConst/RMSSCutOff, 0.069787, 0.050000
StandDev/NumberPeptides, 0.006724, 5
TotalIonCurrent, 8.1217e+09
