Peptides, PeptideUnique, RateConstants, Correlations, RootMeanRSS, AbsoluteIsotopeError, Charge, m/z(Sequence), NEH, Abundance, NDP, Rsquared,sigma,CI lower band, CI upper band
SFAVHTHR, Yes, 0.10440, 0.965723, 0.026024, 0.049292,  2,   477.74885,  16, 6599472.500000, 11.000000, 0.908825, 0.011313, 0.079194, 0.129609
TVLYEGPVR, Yes, 0.10576, 0.977007, 0.017950, 0.033543,  2,   517.28747,  14, 271936384.000000, 11.000000, 0.949807, 0.009221, 0.085216, 0.126305
VTMATHPDGFR, Yes, 0.10889, 0.983369, 0.019387, 0.064116,  3,   411.20113,  19, 245233248.000000, 11.000000, 0.952301, 0.009968, 0.086685, 0.131104
IIHESGAQILR, Yes, 0.14696, 0.993775, 0.014027, 0.027507,  3,   412.90681,  26, 230990752.000000, 11.000000, 0.982251, 0.008379, 0.128288, 0.165629
HPDLVVEVAHPK, Yes, 0.12114, 0.991682, 0.016145, 0.157103,  2,   670.86969,  23, 23953176.000000, 11.000000, 0.971351, 0.008945, 0.101212, 0.141075
LEGPLAAAHSSGPR, Yes, 0.06172, 0.817628, 0.054240, 0.096978,  2,   681.85985,  37, 57645360.000000, 11.000000, 0.283846, 0.012800, 0.033196, 0.090236
NSNTMAAAALAAPSLGFDR, Yes, 0.20852, 0.956937, 0.033408, 0.211316,  2,   939.46233,  45, 92955288.000000, 11.000000, 0.896680, 0.033368, 0.134167, 0.282863
MAGSVPPALQLQDLTALEER, Yes, 0.03997, 0.886793, 0.031847, 0.139230,  2,  1070.05934,  47, 14275299.000000, 11.000000, 0.678663, 0.007894, 0.022381, 0.057557
HANLLVGSPSALADQTTEQQLLEASK, Yes, 0.15305, 0.978401, 0.014439, 0.026280,  3,   907.80663,  59, 31986606.000000, 11.000000, 0.949066, 0.013895, 0.122095, 0.184014


MeanRateConst/CorrCutOff, 0.123369, 0.900000


MedianRateConst/RMSSCutOff, 0.121144, 0.050000
StandDev/NumberPeptides, 0.009996, 6
TotalIonCurrent, 2.33479e+10
