Peptides, PeptideUnique, RateConstants, Correlations, RootMeanRSS, AbsoluteIsotopeError, Charge, m/z(Sequence), NEH, Abundance, NDP, Rsquared,sigma,CI lower band, CI upper band
YVLKPATEGK, Yes, 0.03231, 0.892434, 0.026699, 0.131548,  2,   553.31622,  15, 40857096.000000, 12.000000, 0.639357, 0.005132, 0.021013, 0.043604
TAGTLLGEGFR, Yes, 0.01757, 0.884327, 0.025113, 0.103805,  2,   561.30111,  19, 223781648.000000, 12.000000, 0.652670, 0.003059, 0.010834, 0.024301
WSNFDPTGLER, Yes, 0.85066, 0.851922, 0.079198, 0.110689,  2,   661.31221,  19, 31428538.000000, 12.000000, 0.576148, 0.507032, 0.000000, 3.755093
QQQLLNEENLR, Yes, 0.35184, 0.975092, 0.045515, 0.238497,  2,   692.86258,  28, 50095892.000000, 12.000000, 0.593601, 0.077701, 0.180817, 0.522856
IDEMVcFALPQR, Yes, 0.09363, 0.956065, 0.031836, 0.070302,  2,   739.86015,  25, 113170168.000000, 12.000000, 0.762565, 0.013009, 0.064994, 0.122258
cSEVAQLTEGMSGR, Yes, 0.10202, 0.964378, 0.056518, 0.208388,  2,   762.84269,  32, 15150947.000000, 10.000000, 0.846656, 0.020506, 0.055636, 0.148413
GLLLFVDEADAFLR, Yes, 0.14665, 0.994481, 0.011663, 0.025618,  2,   789.92994,  24, 44356148.000000, 12.000000, 0.983252, 0.008564, 0.127804, 0.165504
LVSRPQDALEGVILSPSLEAR, Yes, 0.11246, 0.972977, 0.020468, 0.066684,  3,   750.75325,  48, 21261846.000000, 12.000000, 0.938736, 0.011519, 0.087110, 0.137818
FMLVLASNQPEQFDWAINDR, Yes, 0.05971, 0.859629, 0.029892, 0.237975,  3,   798.72308,  40, 17754200.000000, 12.000000, 0.612893, 0.011061, 0.035361, 0.084050
FMLVLASNQPEQFDWAINDR, Yes, 0.05557, 0.724306, 0.032905, 0.075494,  2,  1197.58098,  40, 3693310.750000, 8.000000, -0.039068, 0.017455, 0.014297, 0.096843


MeanRateConst/CorrCutOff, 0.176145, 0.900000


MedianRateConst/RMSSCutOff, 0.146654, 0.050000
StandDev/NumberPeptides, 0.013637, 4
TotalIonCurrent, 1.77017e+10
