Peptides, PeptideUnique, RateConstants, Correlations, RootMeanRSS, AbsoluteIsotopeError, Charge, m/z(Sequence), NEH, Abundance, NDP, Rsquared,sigma,CI lower band, CI upper band
FEVIDKPQS, Yes, 0.09904, 0.998784, 0.008693, 0.045321,  2,   531.77694,  17, 597161728.000000, 10.000000, 0.988137, 0.004430, 0.089023, 0.109066
GEMDTFPTFK, Yes, 0.10191, 0.995491, 0.009935, 0.057816,  2,   586.76826,  13, 759484096.000000, 10.000000, 0.976139, 0.006646, 0.086875, 0.116944
QASGGPVDIGPEYQQDLDR, Yes, 0.11075, 0.998259, 0.005285, 0.042474,  2,  1022.98216,  45, 78689192.000000, 10.000000, 0.995592, 0.002855, 0.104294, 0.117209
QASGGPVDIGPEYQQDLDR, Yes, 0.01105, 0.125336, 0.064612, 0.140988,  3,   682.32387,  45, 78294168.000000, 10.000000, -0.322220, 0.008679, 0.000000, 3.946763
RQASGGPVDIGPEYQQDLDR, Yes, 0.01588, 0.968802, 0.091363, 0.293502,  3,   734.35757,  48, 25971162.000000, 8.000000, 0.012076, 0.020823, 0.000000, 4.985832
QASGGPVDIGPEYQQDLDRELYK, Yes, 0.10454, 0.994244, 0.006966, 0.085300,  3,   860.08551,  50, 33267610.000000, 10.000000, 0.987700, 0.004417, 0.094551, 0.114533
GEmDTFPTFK, Yes, 0.27278, 0.291533, 0.156637, 0.592482,  2,   594.76572,  13, 8303049.500000, 10.000000, -0.211303, 0.320954, 0.000000, 4.238153
NKELDPVQK, Yes, 0.02173, 0.642838, 0.033225, 0.106166,  2,   535.79565,  16, 23312730.000000, 10.000000, -0.082151, 0.005908, 0.008368, 0.035100
FDDPKFEVIDKPQS, Yes, 0.10875, 0.996015, 0.011632, 0.054011,  3,   555.61040,  24, 115716264.000000, 10.000000, 0.976505, 0.007210, 0.092443, 0.125063


MeanRateConst/CorrCutOff, 0.105000, 0.900000


MedianRateConst/RMSSCutOff, 0.104542, 0.050000
StandDev/NumberPeptides, 0.004580, 5
TotalIonCurrent, 3.71159e+10
