Peptides, PeptideUnique, RateConstants, Correlations, RootMeanRSS, AbsoluteIsotopeError, Charge, m/z(Sequence), NEH, Abundance, NDP, Rsquared,sigma,CI lower band, CI upper band
QMMLIHTPK, Yes, 0.27940, 0.912050, 0.038032, 0.174860,  2,   549.79355,  14, 50672280.000000, 8.000000, 0.503469, 0.073862, 0.104749, 0.454060
AIPLWAGAVITGFR, Yes, 0.08146, 0.991879, 0.009020, 0.099718,  3,   491.28551,  25, 9468301.000000, 8.000000, 0.979569, 0.004467, 0.070899, 0.092024
AIPLWAGAVITGFR, Yes, 0.08851, 0.977414, 0.016136, 0.058928,  2,   736.42463,  25, 82240576.000000, 8.000000, 0.944889, 0.008429, 0.068574, 0.108437
LSMAIPLWAGAVITGFR, Yes, 0.12058, 0.930106, 0.032535, 0.142834,  3,   601.67104,  30, 1663209.250000, 8.000000, 0.594563, 0.035606, 0.036385, 0.204774
NLSMAIPLWAGAVITGFR, Yes, 0.05948, 0.981119, 0.028362, 0.031383,  3,   639.68535,  32, 3945041.250000, 7.000000, 0.617634, 0.021950, 0.005770, 0.113187


MeanRateConst/CorrCutOff, 0.087506, 0.900000


MedianRateConst/RMSSCutOff, 0.088505, 0.050000
StandDev/NumberPeptides, 0.009612, 4
TotalIonCurrent, 3.60771e+09
