Peptides, PeptideUnique, RateConstants, Correlations, RootMeanRSS, AbsoluteIsotopeError, Charge, m/z(Sequence), NEH, Abundance, NDP, Rsquared,sigma,CI lower band, CI upper band
NEVAALTAAGK, Yes, 0.06698, 0.990258, 0.017744, 0.028592,  2,   522.78782,  25, 677238272.000000, 12.000000, 0.970492, 0.003414, 0.059462, 0.074492
HLIIGVSSDR, Yes, 0.06259, 0.966712, 0.028109, 0.061854,  3,   366.20849,  18, 57119124.000000, 12.000000, 0.134773, 0.024369, 0.008954, 0.116226
HLIIGVSSDR, Yes, 0.09909, 0.994544, 0.011273, 0.042557,  2,   548.80910,  18, 838222016.000000, 12.000000, 0.984799, 0.004293, 0.089640, 0.108538
GLcGAIHSSVAK, Yes, 0.10181, 0.998492, 0.021695, 0.153394,  2,   600.31370,  24, 274882848.000000, 12.000000, 0.907252, 0.009129, 0.081715, 0.121899
VYGTGSLALYEK, Yes, 0.10811, 0.986338, 0.014305, 0.026158,  2,   650.84280,  18, 716693504.000000, 12.000000, 0.971015, 0.006846, 0.093046, 0.123180
THSDQFLVSFK, Yes, 0.13687, 0.983642, 0.015357, 0.052088,  2,   654.83278,  16, 405887328.000000, 12.000000, 0.966473, 0.010122, 0.114594, 0.159152
ELIEIISGAAALD, Yes, 0.09306, 0.998150, 0.007359, 0.044936,  2,   657.86118,  30, 307180128.000000, 12.000000, 0.994060, 0.002655, 0.087221, 0.098909
KPPTFGDASVIALELLNSGYEFDEGSIIFNQFK, Yes, 0.07357, 0.998044, 0.003200, 0.043393,  3,  1216.28203,  58, 30637298.000000, 12.000000, 0.990330, 0.002590, 0.067864, 0.079266
TIATAETMSIYDDIDADVLQNYQEYNLANLIYYSLK, Yes, 0.03815, 0.954078, 0.005204, 0.066363,  3,  1392.33993,  61, 2774993.000000, 11.000000, 0.853547, 0.004913, 0.027204, 0.049096
LTLTFNR, Yes, 0.03910, 0.962292, 0.010946, 0.041040,  2,   432.75052,  7, 1301419520.000000, 12.000000, 0.903548, 0.003430, 0.031552, 0.046652
SIYDDIDADVLQNYQEYNLANLIYYSLK, Yes, 0.07514, 0.983168, 0.006802, 0.109845,  3,  1119.54513,  46, 2218386.750000, 12.000000, 0.966166, 0.004665, 0.064871, 0.085406
EVMIVGVGEK, Yes, 0.13597, 0.728919, 0.062272, 0.046852,  2,   530.78899,  16, 538145600.000000, 12.000000, -0.063885, 0.050426, 0.024980, 0.246952
THSDQFLVSFK, Yes, 0.39944, 0.914022, 0.037212, 0.154529,  3,   436.89095,  16, 421849824.000000, 12.000000, 0.572630, 0.098395, 0.182871, 0.616001


MeanRateConst/CorrCutOff, 0.085043, 0.900000


MedianRateConst/RMSSCutOff, 0.075138, 0.050000
StandDev/NumberPeptides, 0.004446, 8
TotalIonCurrent, 1.37716e+11
