Peptides, PeptideUnique, RateConstants, Correlations, RootMeanRSS, AbsoluteIsotopeError, Charge, m/z(Sequence), NEH, Abundance, NDP, Rsquared,sigma,CI lower band, CI upper band
ALLNLVPVQK, Yes, 0.00315, 0.972568, 0.047090, 0.144575,  2,   547.85023,  15, 66736636.000000, 7.000000, -0.905071, 0.008018, 0.000000, 2.545349
LLVLLGPEAPHVDYTQLGR, Yes, 0.07321, 0.882748, 0.041502, 0.282201,  3,   697.72475,  34, 61178088.000000, 7.000000, 0.608051, 0.023711, 0.015188, 0.131225
NQELQWVEAAHWIGLEENLR, Yes, 0.00000, -2.000000, 0.085098, 0.236055,  3,   812.40825,  47, 27823366.000000, 7.000000, -0.773962, 0.016287, 0.000000, 2.964832


MeanRateConst/CorrCutOff, 0.025451, 0.900000


MedianRateConst/RMSSCutOff, 0.003146, 0.050000
StandDev/NumberPeptides, 0.013141, 1
TotalIonCurrent, 2.18319e+09
