Peptides, PeptideUnique, RateConstants, Correlations, RootMeanRSS, AbsoluteIsotopeError, Charge, m/z(Sequence), NEH, Abundance, NDP, Rsquared,sigma,CI lower band, CI upper band
YIVDADDR, Yes, 0.38990, 0.986133, 0.016583, 0.023157,  2,   483.72999,  15, 81351320.000000, 12.000000, 0.958569, 0.038033, 0.306193, 0.473614
YVVVSTPEK, Yes, 0.33974, 0.573496, 0.068667, 0.055686,  2,   511.28186,  11, 172318736.000000, 12.000000, -0.644417, 0.197598, 0.000000, 2.223750
SEINVEGPPR, Yes, 0.15038, 0.988300, 0.026633, 0.037064,  2,   549.28291,  24, 93992832.000000, 12.000000, 0.931467, 0.014017, 0.119529, 0.181230
VLQEDTLPDLHTK, Yes, 0.25444, 0.966278, 0.024886, 0.206206,  3,   503.60335,  20, 57623888.000000, 12.000000, 0.918190, 0.033194, 0.181378, 0.327496
SGEYScIFLPEPVGR, Yes, 0.22952, 0.994661, 0.010611, 0.058695,  2,   855.91143,  30, 67316088.000000, 12.000000, 0.985107, 0.012292, 0.202463, 0.256575
SDASYPPITDWFWFK, Yes, 0.14525, 0.977589, 0.047491, 0.448853,  2,   930.43560,  21, 107978568.000000, 12.000000, 0.793636, 0.045096, 0.045998, 0.244507
VLQEDTLPDLHTK, Yes, 0.24645, 0.758376, 0.058840, 0.249582,  2,   754.90139,  20, 3692400.250000, 11.000000, -0.193006, 0.097550, 0.029096, 0.463805


MeanRateConst/CorrCutOff, 0.194897, 0.900000


MedianRateConst/RMSSCutOff, 0.229519, 0.050000
StandDev/NumberPeptides, 0.019513, 4
TotalIonCurrent, 1.97415e+10
