Peptides, PeptideUnique, RateConstants, Correlations, RootMeanRSS, AbsoluteIsotopeError, Charge, m/z(Sequence), NEH, Abundance, NDP, Rsquared,sigma,CI lower band, CI upper band
WTQDTDMR, Yes, 0.06188, 0.903909, 0.057123, 0.137582,  2,   526.72693,  12, 7027703.500000, 12.000000, 0.669816, 0.017633, 0.023071, 0.100689
GFDWPLLVK, Yes, 0.12235, 0.952723, 0.031328, 0.079231,  2,   537.80276,  9, 71508128.000000, 12.000000, 0.807490, 0.028238, 0.060197, 0.184499
LQGFEQQWYR, Yes, 1.36343, 0.649937, 0.053233, 0.463415,  2,   677.83056,  22, 36970088.000000, 12.000000, -1.313143, 1.039234, 0.013734, 2.713116
DFIGWVWYER, Yes, 0.16243, 0.965636, 0.020015, 0.058246,  2,   685.83004,  13, 35708884.000000, 12.000000, 0.927692, 0.020189, 0.117992, 0.206863
GYFVQDTSFDFFNYAGLHR, Yes, 0.03284, 0.948689, 0.033588, 0.356478,  3,   762.02012,  30, 45271200.000000, 12.000000, 0.697499, 0.007943, 0.015360, 0.050323
EYVVGELIWNFADFMTNQSPLR, Yes, 0.09155, 0.991174, 0.009231, 0.030355,  3,   877.09669,  37, 7040652.000000, 12.000000, 0.969831, 0.006389, 0.077483, 0.105609
ESGPVLDMPVPSSFNDITQEAALR, Yes, 0.00000, -2.000000, 0.060430, 0.301479,  3,   858.42325,  51, 4993063.500000, 11.000000, -0.035134, 0.006604, 0.000000, 4.427162
ALDGLWHFR, Yes, 0.09316, 0.954354, 0.028461, 0.088584,  3,   372.19793,  15, 36474320.000000, 12.000000, 0.898319, 0.012247, 0.066207, 0.120119
HHLEVMEELVR, Yes, 0.07666, 0.962308, 0.027386, 0.158257,  3,   464.57484,  24, 23992810.000000, 12.000000, 0.915757, 0.008350, 0.058277, 0.095036


MeanRateConst/CorrCutOff, 0.095928, 0.900000


MedianRateConst/RMSSCutOff, 0.091546, 0.050000
StandDev/NumberPeptides, 0.010170, 4
TotalIonCurrent, 9.39884e+09
