Peptides, PeptideUnique, RateConstants, Correlations, RootMeanRSS, AbsoluteIsotopeError, Charge, m/z(Sequence), NEH, Abundance, NDP, Rsquared,sigma,CI lower band, CI upper band
EAFSLFDK, Yes, 0.15813, 0.989982, 0.017636, 0.042552,  2,   478.73982,  14, 209592768.000000, 12.000000, 0.966071, 0.013836, 0.127680, 0.188587
HVMTNLGEK, Yes, 0.29669, 0.694380, 0.065634, 0.046099,  2,   514.76330,  13, 17580446.000000, 12.000000, -0.814134, 0.140581, 0.000000, 1.885632
DGNGYISAAELR, Yes, 0.18329, 0.996402, 0.013920, 0.073044,  2,   633.30965,  27, 114446824.000000, 12.000000, 0.985683, 0.008943, 0.163605, 0.202972
MKDTDSEEEIR, Yes, 0.19671, 0.995942, 0.012387, 0.025649,  3,   451.53812,  24, 42153260.000000, 12.000000, 0.988120, 0.010274, 0.174095, 0.219320
VFDKDGNGYISAAELR, Yes, 0.16418, 0.995108, 0.016172, 0.110263,  2,   877.93902,  31, 34119092.000000, 12.000000, 0.973111, 0.013169, 0.135191, 0.193163
EAFSLFDKDGDGTITTK, Yes, 0.28339, 0.976441, 0.019204, 0.106970,  2,   922.94927,  24, 23521840.000000, 12.000000, 0.939013, 0.031809, 0.213377, 0.353401
EADIDGDGQVNYEEFVQMMTAK, Yes, 0.17188, 0.997832, 0.004473, 0.060144,  2,  1245.54360,  45, 12965848.000000, 12.000000, 0.995476, 0.005038, 0.160793, 0.182970
EADIDGDGQVNYEEFVQMMTAK, Yes, 0.17276, 0.993622, 0.009933, 0.049328,  3,   830.69816,  45, 18505406.000000, 12.000000, 0.978407, 0.012003, 0.146338, 0.199176
EAFSLFDKDGDGTITTK, Yes, 0.20886, 0.996609, 0.009386, 0.060479,  3,   615.63527,  24, 320300160.000000, 12.000000, 0.987802, 0.011336, 0.183913, 0.233815
MKDTDSEEEIR, Yes, 0.19152, 0.990204, 0.018979, 0.101001,  2,   676.80354,  24, 12662223.000000, 12.000000, 0.971343, 0.015946, 0.156424, 0.226620
SLFDKDGDGTITTK, Yes, 0.17446, 0.947123, 0.029675, 0.134122,  3,   499.91923,  16, 46186320.000000, 12.000000, 0.793640, 0.031097, 0.106016, 0.242906
SLFDKDGDGTITTK, Yes, 0.16863, 0.931218, 0.029470, 0.245399,  2,   749.37521,  16, 14384572.000000, 12.000000, 0.751307, 0.036699, 0.087859, 0.249408


MeanRateConst/CorrCutOff, 0.179043, 0.900000


MedianRateConst/RMSSCutOff, 0.174461, 0.050000
StandDev/NumberPeptides, 0.011772, 10
TotalIonCurrent, 3.1614e+10
