Peptides, PeptideUnique, RateConstants, Correlations, RootMeanRSS, AbsoluteIsotopeError, Charge, m/z(Sequence), NEH, Abundance, NDP, Rsquared,sigma,CI lower band, CI upper band
AcLGGLPSNAYAAIK, Yes, 0.09884, 0.950027, 0.029667, 0.050212,  2,   753.39266,  31, 83052816.000000, 9.000000, 0.900984, 0.012803, 0.069321, 0.128366
NSWGSDWGEEGYYYLYR, Yes, 0.04124, 0.965041, 0.035431, 0.201056,  2,  1072.95286,  28, 17513608.000000, 9.000000, 0.713008, 0.012923, 0.011440, 0.071041
GTLLSLSEQELLDcDK, Yes, 0.13826, 0.998653, 0.010972, 0.057141,  2,   910.95094,  28, 204546240.000000, 9.000000, 0.989202, 0.006684, 0.122851, 0.153677


MeanRateConst/CorrCutOff, 0.092783, 0.900000


MedianRateConst/RMSSCutOff, 0.098844, 0.050000
StandDev/NumberPeptides, 0.009833, 3
TotalIonCurrent, 4.70563e+09
