Peptides, PeptideUnique, RateConstants, Correlations, RootMeanRSS, AbsoluteIsotopeError, Charge, m/z(Sequence), NEH, Abundance, NDP, Rsquared,sigma,CI lower band, CI upper band
cGVQSFYTPR, Yes, 0.02381, 0.945408, 0.047053, 0.139680,  2,   607.78478,  17, 45594172.000000, 12.000000, 0.491005, 0.008091, 0.006004, 0.041620
LLLDTFEYQGLVK, Yes, 0.08164, 0.963167, 0.017575, 0.049349,  2,   769.92687,  16, 112413048.000000, 12.000000, 0.926174, 0.007843, 0.064381, 0.098904
GAESITTYTFNTHK, Yes, 0.18620, 0.954557, 0.035405, 0.182831,  2,   785.38082,  20, 25762670.000000, 12.000000, 0.845752, 0.040407, 0.097262, 0.275133
SVVTEEFNGSDWER, Yes, 0.05394, 0.991054, 0.014791, 0.092187,  2,   827.87082,  28, 28136994.000000, 12.000000, 0.963436, 0.003483, 0.046274, 0.061606
SNPGGFGIAPH, Yes, 0.00887, 0.850952, 0.033738, 0.083371,  2,   527.25925,  24, 131268544.000000, 12.000000, 0.499296, 0.002500, 0.003362, 0.014368
AGAGGGGGAVGPQPSAKPR, Yes, 0.02950, 0.728027, 0.089967, 0.567438,  3,   531.28150,  49, 1685937.000000, 12.000000, 0.338532, 0.009928, 0.007648, 0.051349


MeanRateConst/CorrCutOff, 0.042065, 0.900000


MedianRateConst/RMSSCutOff, 0.053940, 0.050000
StandDev/NumberPeptides, 0.004264, 4
TotalIonCurrent, 7.75012e+09
