Peptides, PeptideUnique, RateConstants, Correlations, RootMeanRSS, AbsoluteIsotopeError, Charge, m/z(Sequence), NEH, Abundance, NDP, Rsquared,sigma,CI lower band, CI upper band
TGQEIPVNLR, Yes, 0.30085, 0.958609, 0.035139, 0.068448,  2,   563.81438,  20, 90136312.000000, 12.000000, 0.837586, 0.051294, 0.187954, 0.413747
DVGAETLLHScK, Yes, 0.00239, 0.491506, 0.026651, 0.128870,  2,   665.32700,  21, 298917216.000000, 12.000000, -0.006177, 0.002348, 0.000000, 3.825289
LAEWVAIQSVSAWPEK, Yes, 0.15578, 0.984829, 0.017048, 0.077435,  2,   907.47778,  35, 29810282.000000, 12.000000, 0.958444, 0.013011, 0.127143, 0.184417
DVDYVcISDNYWLGK, Yes, 0.05978, 0.929824, 0.049311, 0.121120,  2,   923.91945,  18, 64483728.000000, 12.000000, 0.699052, 0.017337, 0.021621, 0.097937
NVMLLPVGSADDGAHSQNEK, Yes, 0.14383, 0.973952, 0.024247, 0.101318,  3,   694.66886,  42, 20778750.000000, 12.000000, 0.928748, 0.017463, 0.105393, 0.182263
LVPDMIPEVVSEQVSSYLSK, Yes, 0.14549, 0.989078, 0.011723, 0.088148,  3,   740.72045,  35, 14642204.000000, 12.000000, 0.968702, 0.010961, 0.121370, 0.169620
MLAAYLYEVSQLK, Yes, 0.21000, 0.962788, 0.034835, 0.048600,  3,   510.27416,  23, 9377253.000000, 12.000000, 0.895272, 0.039327, 0.123445, 0.296559
EGGSIPVTLTFQEATGK, Yes, 0.11831, 0.959753, 0.026011, 0.067662,  2,   867.94907,  30, 45451772.000000, 12.000000, 0.918326, 0.013116, 0.089445, 0.147182
PWVSDFNHPHYQAGR, Yes, 0.11651, 0.974164, 0.023231, 0.092346,  4,   453.46567,  32, 15051723.000000, 12.000000, 0.934764, 0.012813, 0.088309, 0.144712
TVFGVEPDLTR, Yes, 0.16839, 0.967237, 0.023340, 0.088854,  2,   617.32734,  16, 99103096.000000, 12.000000, 0.927951, 0.020450, 0.123376, 0.213398


MeanRateConst/CorrCutOff, 0.141385, 0.900000


MedianRateConst/RMSSCutOff, 0.145495, 0.050000
StandDev/NumberPeptides, 0.014001, 6
TotalIonCurrent, 1.60595e+10
