Peptides, PeptideUnique, RateConstants, Correlations, RootMeanRSS, AbsoluteIsotopeError, Charge, m/z(Sequence), NEH, Abundance, NDP, Rsquared,sigma,CI lower band, CI upper band
FAPLHSMNDLR, Yes, 0.11285, 0.963938, 0.026513, 0.189055,  3,   434.22040,  21, 21376494.000000, 8.000000, 0.876760, 0.016831, 0.073056, 0.152654
AQEHQEPAESALK, Yes, 0.23246, 0.963962, 0.034308, 0.072457,  3,   479.90379,  40, 5105970.500000, 8.000000, 0.903174, 0.030425, 0.160513, 0.304402
TSASHHPGKPLSGMK, Yes, 0.10505, 0.961736, 0.024242, 0.106871,  4,   384.45032,  29, 4655254.500000, 8.000000, 0.908648, 0.012418, 0.075687, 0.134415
NFQALAHTWWDEYGK, Yes, 0.00179, 0.109000, 0.035159, 0.240550,  3,   622.62503,  26, 31676716.000000, 8.000000, -0.023920, 0.011095, 0.000000, 4.144337
TSASHHPGKPLSGMK, Yes, 0.10695, 0.975035, 0.023031, 0.069217,  3,   512.26467,  29, 3350816.250000, 8.000000, 0.924072, 0.012084, 0.078371, 0.135519


MeanRateConst/CorrCutOff, 0.081659, 0.900000


MedianRateConst/RMSSCutOff, 0.106945, 0.050000
StandDev/NumberPeptides, 0.012786, 4
TotalIonCurrent, 1.43501e+09
