Peptides, PeptideUnique, RateConstants, Correlations, RootMeanRSS, AbsoluteIsotopeError, Charge, m/z(Sequence), NEH, Abundance, NDP, Rsquared,sigma,CI lower band, CI upper band
QAAGIQNVSWK, Yes, 15.72476, 0.516110, 0.094831, 0.334051,  2,   601.31983,  24, 40015580.000000, 12.000000, -0.094502, 2265223.000000, 14.028024, 17.421494
LYSTSATPLVLLR, Yes, 0.06399, 0.949266, 0.026025, 0.127523,  2,   717.42175,  19, 22329702.000000, 12.000000, 0.851069, 0.008337, 0.045641, 0.082340
TWGLQATNAVSPLK, Yes, 0.08618, 0.959154, 0.028132, 0.142468,  2,   743.40664,  23, 18216370.000000, 12.000000, 0.897047, 0.010554, 0.062953, 0.109410
VSSISPGSTTLLSSFGAWDHIcNMR, Yes, 0.04636, 0.890657, 0.021142, 0.142268,  3,   908.43539,  43, 11518676.000000, 12.000000, 0.670839, 0.007566, 0.029703, 0.063010
HAVALLKPTK, Yes, 0.08095, 0.972163, 0.034959, 0.171731,  3,   359.89747,  16, 12361504.000000, 12.000000, 0.884658, 0.012138, 0.054232, 0.107663


MeanRateConst/CorrCutOff, 0.077040, 0.900000


MedianRateConst/RMSSCutOff, 0.080948, 0.050000
StandDev/NumberPeptides, 0.010098, 3
TotalIonCurrent, 5.38942e+09
