Peptides, PeptideUnique, RateConstants, Correlations, RootMeanRSS, AbsoluteIsotopeError, Charge, m/z(Sequence), NEH, Abundance, NDP, Rsquared,sigma,CI lower band, CI upper band
VALLDFGATR, Yes, 0.32228, 0.951481, 0.032383, 0.061469,  2,   531.80075,  17, 105321832.000000, 12.000000, 0.703513, 0.098079, 0.106406, 0.538147
IHNLIPVMLK, Yes, 0.11030, 0.900601, 0.036139, 0.098903,  3,   393.24236,  12, 45051472.000000, 12.000000, 0.601125, 0.025431, 0.054322, 0.166269
SFTDLYIQVIR, Yes, 0.19878, 0.973180, 0.027696, 0.140780,  2,   677.87190,  15, 84238632.000000, 12.000000, 0.844711, 0.037304, 0.116671, 0.280882
EAGLPGQATSPMGR, Yes, 0.28897, 0.964778, 0.042645, 0.115087,  2,   686.33790,  35, 42226700.000000, 12.000000, 0.812248, 0.051377, 0.175888, 0.402048
AVLDSSPFLSEANAER, Yes, 0.60167, 0.986159, 0.018003, 0.075917,  2,   853.42320,  39, 20427826.000000, 12.000000, 0.964020, 0.063503, 0.461904, 0.741441
MLPEGLFPEHLIDVLR, Yes, 0.33846, 0.935900, 0.027374, 0.122477,  3,   627.00972,  28, 4977906.500000, 12.000000, 0.776680, 0.076100, 0.170963, 0.505954
LGQMLSIQDDAFINPHLAK, Yes, 0.13970, 0.784560, 0.060925, 0.065938,  3,   704.36997,  37, 14946181.000000, 12.000000, -0.768226, 0.047754, 0.034592, 0.244804
DHPFFYVPEIVDELcSPH, Yes, 0.53962, 0.993544, 0.007030, 0.083858,  3,   734.33846,  33, 8201303.500000, 12.000000, 0.986060, 0.032942, 0.467112, 0.612121
QSADFMPLK, Yes, 14.37766, 0.558719, 0.107814, 0.062531,  2,   518.76023,  17, 68660192.000000, 12.000000, -0.619824, 854835.812500, 12.103127, 16.652187


MeanRateConst/CorrCutOff, 0.287120, 0.900000


MedianRateConst/RMSSCutOff, 0.288968, 0.050000
StandDev/NumberPeptides, 0.057465, 4
TotalIonCurrent, 1.12659e+10
