Peptides, PeptideUnique, RateConstants, Correlations, RootMeanRSS, AbsoluteIsotopeError, Charge, m/z(Sequence), NEH, Abundance, NDP, Rsquared,sigma,CI lower band, CI upper band
VTWDSSFcAVNPR, Yes, 0.09138, 0.954302, 0.024110, 0.081956,  2,   769.85647,  22, 24472006.000000, 12.000000, 0.897402, 0.009903, 0.069586, 0.113178
AIFLADGNVFTTGFSR, Yes, 0.28494, 0.924338, 0.050742, 0.287751,  2,   858.44122,  25, 40419568.000000, 12.000000, -1.424608, 0.130744, 0.000000, 1.895622
YFEITDESPYVHYLNTFSSK, Yes, 0.08856, 0.950657, 0.040067, 0.348811,  3,   814.04962,  29, 10044753.000000, 12.000000, 0.673097, 0.026772, 0.029633, 0.147484


MeanRateConst/CorrCutOff, 0.154960, 0.900000


MedianRateConst/RMSSCutOff, 0.091382, 0.050000
StandDev/NumberPeptides, 0.020550, 2
TotalIonCurrent, 3.33784e+09
