Peptides, PeptideUnique, RateConstants, Correlations, RootMeanRSS, AbsoluteIsotopeError, Charge, m/z(Sequence), NEH, Abundance, NDP, Rsquared,sigma,CI lower band, CI upper band
DDGSAVIWVTFR, Yes, 0.32816, 0.903244, 0.047197, 0.259507,  2,   683.34352,  18, 32785416.000000, 8.000000, -0.032010, 0.123401, 0.036363, 0.619957
FALITWIGEDVSGLQR, Yes, 0.09989, 0.994391, 0.015507, 0.077301,  3,   602.32459,  28, 41361444.000000, 8.000000, 0.957415, 0.010808, 0.074334, 0.125447
FALITWIGEDVSGLQR, Yes, 0.16929, 0.955223, 0.025339, 0.088500,  2,   902.98324,  28, 29949308.000000, 8.000000, 0.876261, 0.026018, 0.107767, 0.230810
YDGATIVPGDQGADYQHFIQQcTDDVR, Yes, 0.12564, 0.942223, 0.018744, 0.194469,  3,  1023.79297,  54, 8558191.000000, 6.000000, 0.720560, 0.028534, 0.052295, 0.198990
AAYNLVR, Yes, 0.03847, 0.499398, 0.055041, 0.055954,  2,   403.72958,  14, 178528224.000000, 8.000000, -0.717616, 0.016193, 0.000183, 0.076763


MeanRateConst/CorrCutOff, 0.180745, 0.900000


MedianRateConst/RMSSCutOff, 0.169289, 0.050000
StandDev/NumberPeptides, 0.022974, 4
TotalIonCurrent, 4.10726e+09
