Peptides, PeptideUnique, RateConstants, Correlations, RootMeanRSS, AbsoluteIsotopeError, Charge, m/z(Sequence), NEH, Abundance, NDP, Rsquared,sigma,CI lower band, CI upper band
FALLLLMK, Yes, 0.18624, 0.958520, 0.044369, 0.207581,  2,   474.80116,  8, 6036393.500000, 12.000000, 0.690085, 0.071307, 0.029293, 0.343182
VFTVNTLR, Yes, 0.16854, 0.931886, 0.020788, 0.069160,  2,   475.27691,  7, 123780712.000000, 12.000000, 0.180529, 0.054019, 0.049641, 0.287430
ESLDVTNPR, No, 0.32247, 0.962808, 0.045227, 0.022893,  2,   515.76182,  17, 650054912.000000, 12.000000, 0.614236, 0.080574, 0.145124, 0.499809
DKDFLSLIGK, Yes, 0.79970, 0.981249, 0.012685, 0.031377,  2,   568.32151,  12, 103990264.000000, 12.000000, 0.957886, 0.095987, 0.588432, 1.010964
VQEEAQWLMK, Yes, 1.80421, 0.977254, 0.023463, 0.048768,  2,   631.31589,  22, 78863712.000000, 12.000000, 0.933563, 0.444532, 0.825805, 2.782623
DFIDYFLIQR, Yes, 0.80047, 0.990043, 0.010292, 0.032056,  2,   665.34552,  14, 108062368.000000, 12.000000, 0.976575, 0.074122, 0.637326, 0.963607
GNLPPGPTPLPIIGNYHLIDMK, Yes, 0.01931, 0.181715, 0.106000, 0.118503,  3,   786.42771,  34, 59449396.000000, 12.000000, -0.044629, 0.018789, 0.000000, 3.940529
TNAMVHEVQR, Yes, 0.63510, 0.961668, 0.029321, 0.147207,  2,   592.79567,  22, 4315996.000000, 12.000000, 0.913598, 0.108356, 0.396609, 0.873587
DFIDYFLIQR, Yes, 0.58304, 0.985836, 0.018773, 0.092397,  3,   443.89944,  14, 11718003.000000, 12.000000, 0.948106, 0.083219, 0.399879, 0.766208


MeanRateConst/CorrCutOff, 0.499364, 0.900000


MedianRateConst/RMSSCutOff, 0.583043, 0.050000
StandDev/NumberPeptides, 0.077690, 7
TotalIonCurrent, 3.4216e+10
