Peptides, PeptideUnique, RateConstants, Correlations, RootMeanRSS, AbsoluteIsotopeError, Charge, m/z(Sequence), NEH, Abundance, NDP, Rsquared,sigma,CI lower band, CI upper band
YGLLLLLK, No, 0.32936, 0.974290, 0.018118, 0.043763,  2,   466.81258,  6, 49523220.000000, 12.000000, 0.913617, 0.060922, 0.195275, 0.463454
KTTQDVEFR, Yes, 0.30248, -0.401565, 0.136616, 0.459773,  2,   562.29075,  15, 1708670.875000, 4.000000, -1.289672, 0.614577, 0.000000, 1.175877
FDPGHFLDEK, Yes, 1.07379, 0.954740, 0.031988, 0.135863,  3,   402.19262,  17, 31451246.000000, 12.000000, 0.869066, 0.301955, 0.409192, 1.738389
IQEEILYMLDALR, Yes, 1.10900, 0.979764, 0.021761, 0.100294,  3,   536.28847,  26, 11184275.000000, 12.000000, 0.939937, 0.206502, 0.654489, 1.563503
SLDLSNPQDFIDYFLIK, Yes, 0.79929, 0.987705, 0.012195, 0.024099,  2,  1014.51985,  24, 18554264.000000, 11.000000, 0.940355, 0.111169, 0.551591, 1.046991
SLDLSNPQDFIDYFLIK, Yes, 1.27893, 0.981347, 0.012534, 0.264545,  3,   676.68232,  24, 5532039.000000, 12.000000, 0.941298, 0.191622, 0.857178, 1.700691
FDYNDQTFQDFMENFHR, Yes, 1.03598, 0.991136, 0.008649, 0.070527,  3,   751.98134,  30, 19400866.000000, 12.000000, 0.979416, 0.097527, 0.821321, 1.250630
FILEEINR, Yes, 0.51808, 0.965582, 0.028719, 0.134424,  2,   517.28746,  16, 57713572.000000, 12.000000, 0.913310, 0.092222, 0.315100, 0.721059


MeanRateConst/CorrCutOff, 1.059398, 0.900000


MedianRateConst/RMSSCutOff, 1.073790, 0.050000
StandDev/NumberPeptides, 0.153272, 5
TotalIonCurrent, 7.28393e+09
