Peptides, PeptideUnique, RateConstants, Correlations, RootMeanRSS, AbsoluteIsotopeError, Charge, m/z(Sequence), NEH, Abundance, NDP, Rsquared,sigma,CI lower band, CI upper band
MWGLYDGR, Yes, 0.78188, 0.917360, 0.033335, 0.258792,  2,   499.23164,  11, 42883308.000000, 12.000000, 0.707642, 0.220396, 0.296789, 1.266964
QGLGEGKPTSMK, Yes, 0.10511, 0.759726, 0.066440, 0.029888,  3,   411.54830,  22, 24482506.000000, 12.000000, -0.092846, 0.028502, 0.042379, 0.167845
QGLGEGKPTSMK, Yes, 0.25534, 0.906055, 0.056244, 0.097569,  2,   616.81881,  22, 6780538.500000, 12.000000, 0.428456, 0.071424, 0.098140, 0.412547
TDVEINGLFIPK, Yes, 0.12383, 0.966558, 0.021531, 0.080044,  2,   673.37173,  16, 62040276.000000, 12.000000, 0.932663, 0.013596, 0.093909, 0.153756
DVISFFTTSVER, Yes, 0.73555, 0.977275, 0.015219, 0.078658,  2,   700.85646,  17, 84516392.000000, 12.000000, 0.953847, 0.086531, 0.545092, 0.926000
QPVLAITDPDIIK, Yes, 0.76696, 0.980359, 0.016720, 0.054561,  2,   711.91376,  21, 43262148.000000, 12.000000, 0.959515, 0.091417, 0.565749, 0.968164
VDFLQLMINSQNYK, Yes, 0.79255, 0.964794, 0.018034, 0.046378,  2,   856.93744,  21, 35864496.000000, 12.000000, 0.920575, 0.133546, 0.498620, 1.086485
EMFPIINQFTDVLVR, Yes, 0.56786, 0.980889, 0.013568, 0.099245,  3,   607.99044,  23, 14506745.000000, 12.000000, 0.939892, 0.067754, 0.418736, 0.716986
EMFPIINQFTDVLVR, Yes, 0.63709, 0.975214, 0.019116, 0.053243,  2,   911.48202,  23, 40683268.000000, 12.000000, 0.868871, 0.114371, 0.385358, 0.888815
LYPIAGR, Yes, 1.75384, 0.882765, 0.055256, 0.443678,  2,   395.23450,  14, 105496576.000000, 12.000000, -0.150468, 0.996587, 0.865265, 2.642421
VDFLQLMINSQNYK, Yes, 0.97085, 0.970477, 0.016233, 0.093671,  3,   571.62738,  21, 21015986.000000, 12.000000, 0.933091, 0.161459, 0.615478, 1.326214
AISISENEEWKR, Yes, 0.02909, -0.010889, 0.117275, 0.314109,  2,   731.37023,  29, 18601218.000000, 12.000000, -0.644891, 0.015000, 0.000000, 2.993387


MeanRateConst/CorrCutOff, 0.713646, 0.900000


MedianRateConst/RMSSCutOff, 0.766956, 0.050000
StandDev/NumberPeptides, 0.103406, 6
TotalIonCurrent, 1.78387e+10
