Peptides, PeptideUnique, RateConstants, Correlations, RootMeanRSS, AbsoluteIsotopeError, Charge, m/z(Sequence), NEH, Abundance, NDP, Rsquared,sigma,CI lower band, CI upper band
IVVMPGGGITDK, Yes, 0.12241, 0.941920, 0.027974, 0.224193,  2,   593.82866,  15, 52078420.000000, 8.000000, 0.667851, 0.023107, 0.067769, 0.177048
NSSVAMGASLAHSEYSLK, Yes, 0.01042, 0.545730, 0.077563, 0.143476,  3,   617.96835,  39, 19820264.000000, 8.000000, 0.099199, 0.011888, 0.000000, 2.978256
AFDMVHDPMAALETLLTLGFER, Yes, 0.05497, 0.995210, 0.003791, 0.018553,  3,   826.41162,  40, 9357756.000000, 8.000000, 0.984548, 0.002131, 0.049933, 0.060011


MeanRateConst/CorrCutOff, 0.062601, 0.900000


MedianRateConst/RMSSCutOff, 0.054972, 0.050000
StandDev/NumberPeptides, 0.005028, 2
TotalIonCurrent, 1.97636e+09
