Peptides, PeptideUnique, RateConstants, Correlations, RootMeanRSS, AbsoluteIsotopeError, Charge, m/z(Sequence), NEH, Abundance, NDP, Rsquared,sigma,CI lower band, CI upper band
AGLIGGIK, Yes, 0.09658, 0.976763, 0.022944, 0.051322,  2,   364.73688,  13, 54701904.000000, 11.000000, 0.940002, 0.009592, 0.075208, 0.117953
MLELPEAFLAGR, Yes, 0.22857, 0.992259, 0.014121, 0.077392,  2,   673.86046,  27, 48040040.000000, 11.000000, 0.977835, 0.015251, 0.194593, 0.262555
HSHQDSGFITDYR, Yes, 0.16078, 0.962896, 0.033181, 0.151649,  2,   781.85277,  26, 3515202.500000, 10.000000, 0.833964, 0.035855, 0.079667, 0.241887
QLQAASPEFTQAAIMEK, Yes, 0.14828, 0.975112, 0.031711, 0.234446,  2,   931.96946,  44, 4565701.500000, 11.000000, 0.916159, 0.021729, 0.099869, 0.196700
AGEGGGVIQGSASEATLVALLAAR, Yes, 0.00000, -2.000000, 0.111523, 0.057796,  3,   733.39736,  58, 6954570.500000, 9.000000, -0.013538, 0.014454, 0.000000, 4.748594
AGEGGGVIQGSASEATLVALLAAR, Yes, 0.00001, -2.000000, 0.048123, 0.295351,  2,  1099.59240,  58, 2567205.250000, 4.000000, -1.024525, 0.058105, 0.000000, 5.916352
TVESAHVQLAWEHISDLASSVLR, Yes, 0.10578, 0.955408, 0.015534, 0.193430,  4,   637.83431,  50, 9390639.000000, 8.000000, 0.902345, 0.010769, 0.080313, 0.131244
YLLNGVEFADSFNFNPHK, Yes, 0.17649, 0.941471, 0.027278, 0.111235,  3,   704.67769,  29, 13254600.000000, 8.000000, 0.803854, 0.038702, 0.084974, 0.268004


MeanRateConst/CorrCutOff, 0.137582, 0.900000


MedianRateConst/RMSSCutOff, 0.148284, 0.050000
StandDev/NumberPeptides, 0.016843, 5
TotalIonCurrent, 3.27628e+09
