Peptides, PeptideUnique, RateConstants, Correlations, RootMeanRSS, AbsoluteIsotopeError, Charge, m/z(Sequence), NEH, Abundance, NDP, Rsquared,sigma,CI lower band, CI upper band
LLQLVEDR, Yes, 1.21456, 0.963638, 0.031767, 0.108110,  2,   493.28747,  15, 58980524.000000, 12.000000, 0.846496, 0.353843, 0.435759, 1.993367
QVSDLISVLR, Yes, 0.73699, 0.963241, 0.026356, 0.066780,  2,   565.33241,  17, 68271640.000000, 12.000000, 0.887456, 0.138623, 0.431886, 1.042099
ELAQQVQQVAAEYcR, Yes, 1.80400, 0.955838, 0.029612, 0.139695,  2,   896.93596,  42, 5102772.500000, 11.000000, 0.829689, 0.588608, 0.492499, 3.115499
FVINYDYPNSSEDYIHR, Yes, 0.68918, 0.958801, 0.024735, 0.190639,  3,   711.32883,  29, 30963522.000000, 12.000000, 0.841077, 0.159566, 0.337977, 1.040381
PVLNFYEANFPANVMDVIAR, Yes, 0.03662, 0.122255, 0.081292, 0.046159,  3,   760.72089,  37, 11570029.000000, 12.000000, -0.524237, 0.019987, 0.000000, 3.272238


MeanRateConst/CorrCutOff, 1.111183, 0.900000


MedianRateConst/RMSSCutOff, 1.214563, 0.050000
StandDev/NumberPeptides, 0.222150, 4
TotalIonCurrent, 6.70233e+09
