Peptides, PeptideUnique, RateConstants, Correlations, RootMeanRSS, AbsoluteIsotopeError, Charge, m/z(Sequence), NEH, Abundance, NDP, Rsquared,sigma,CI lower band, CI upper band
LIIPTLK, Yes, 0.07098, 0.968468, 0.013545, 0.053628,  2,   399.27838,  6, 108922824.000000, 12.000000, 0.859402, 0.009360, 0.050382, 0.091583
AVLVTGADSGFGHGLAK, Yes, 0.19989, 0.948173, 0.040758, 0.163897,  2,   800.42811,  31, 2663744.000000, 11.000000, 0.773239, 0.044477, 0.100783, 0.298987
AVLVTGADSGFGHGLAK, Yes, 0.31781, 0.994299, 0.010864, 0.060590,  3,   533.95450,  31, 69531360.000000, 12.000000, 0.985746, 0.018743, 0.276557, 0.359064
DIQENYGQDYVHTQK, Yes, 0.35675, 0.983505, 0.018056, 0.126448,  3,   613.28323,  29, 22783842.000000, 12.000000, 0.961888, 0.037092, 0.275111, 0.438387
DIQENYGQDYVHTQK, Yes, 0.32436, 0.961901, 0.025303, 0.213340,  2,   919.42120,  29, 5972435.500000, 12.000000, 0.857826, 0.062688, 0.186388, 0.462339
LVNVSSMGGTVPLQMTSAYAATK, Yes, 0.20578, 0.797440, 0.042281, 0.091207,  3,   776.06423,  39, 10773766.000000, 12.000000, -0.237432, 0.084340, 0.020145, 0.391407
AFLPLLR, Yes, 0.16329, 0.952507, 0.028655, 0.062324,  2,   415.26835,  12, 44270116.000000, 12.000000, 0.839571, 0.024871, 0.108544, 0.218028
TNITGSQDIWDK, Yes, 0.16256, 0.904991, 0.056107, 0.216587,  2,   689.33588,  17, 62598320.000000, 12.000000, -0.684359, 0.044044, 0.065616, 0.259495
LGFTVFAGVLDK, Yes, 0.60472, 0.694823, 0.066746, 0.192130,  2,   633.85827,  13, 20160434.000000, 12.000000, 0.192919, 0.452298, 0.000000, 2.510088


MeanRateConst/CorrCutOff, 0.272419, 0.900000


MedianRateConst/RMSSCutOff, 0.317810, 0.050000
StandDev/NumberPeptides, 0.031455, 5
TotalIonCurrent, 1.15035e+10
