Peptides, PeptideUnique, RateConstants, Correlations, RootMeanRSS, AbsoluteIsotopeError, Charge, m/z(Sequence), NEH, Abundance, NDP, Rsquared,sigma,CI lower band, CI upper band
FFPAMEALR, Yes, 0.05968, 0.577861, 0.091296, 0.119862,  2,   541.27859,  20, 255193104.000000, 12.000000, 0.048389, 0.022689, 0.009740, 0.109618
AYGSYEELAK, Yes, 0.07605, 0.848243, 0.054718, 0.059040,  2,   565.77183,  22, 126798784.000000, 12.000000, 0.386388, 0.017718, 0.037051, 0.115046
AEFGFDLSHIPR, Yes, 0.14773, 0.992608, 0.013315, 0.034637,  3,   463.57009,  25, 223208272.000000, 12.000000, 0.980758, 0.008866, 0.128214, 0.167240
LWAPTELVVNGER, Yes, 0.11127, 0.951070, 0.035680, 0.109143,  3,   495.26830,  24, 16987142.000000, 12.000000, 0.876440, 0.017267, 0.073268, 0.149275
SQGVFLMEAIWSR, Yes, 0.23029, 0.994134, 0.010278, 0.025882,  2,   762.38739,  26, 146252496.000000, 12.000000, 0.985065, 0.012705, 0.202328, 0.258255
SQGVFLmEAIWSR, Yes, 0.01489, 0.665123, 0.042319, 0.137833,  2,   770.38485,  26, 38942236.000000, 12.000000, 0.195149, 0.005534, 0.002707, 0.027068
SISSNLPNTAYVSGTK, Yes, 0.01822, 0.793491, 0.029752, 0.137025,  2,   819.92030,  26, 10499774.000000, 12.000000, 0.171237, 0.006180, 0.004620, 0.031823
AVLcEKPMGVNAAEVR, Yes, 0.13235, 0.992061, 0.013361, 0.034454,  3,   581.96752,  35, 52434132.000000, 12.000000, 0.983698, 0.006961, 0.117029, 0.147672
DYNFVNGScMLYEANHVR, Yes, 0.18316, 0.981144, 0.013899, 0.069847,  3,   730.32281,  32, 45903004.000000, 12.000000, 0.961867, 0.016023, 0.147899, 0.218430
ESPVVPLAESELLAEILEEAR, Yes, 0.19255, 0.984711, 0.014981, 0.043480,  2,  1147.60990,  54, 5730499.500000, 10.000000, 0.585161, 0.049724, 0.080063, 0.305029
WGIVSAGLIANDFTTVLSSLPSSEHQVVAVAAR, Yes, 0.08862, 0.920101, 0.018186, 0.030127,  3,  1132.60345,  65, 29473048.000000, 11.000000, 0.066233, 0.027816, 0.026644, 0.150600
WGIVSAGLIANDFTTVLSSLPSSEHQVVAVAAR, Yes, 0.10238, 0.985464, 0.007411, 0.053266,  4,   849.70440,  65, 11406532.000000, 12.000000, 0.967346, 0.006874, 0.087250, 0.117510
LWAPTELVVNGER, Yes, 0.06451, 0.845204, 0.049119, 0.037982,  2,   742.39881,  24, 170226496.000000, 12.000000, 0.537152, 0.013830, 0.034073, 0.094951


MeanRateConst/CorrCutOff, 0.136866, 0.900000


MedianRateConst/RMSSCutOff, 0.132350, 0.050000
StandDev/NumberPeptides, 0.012104, 7
TotalIonCurrent, 4.06825e+10
