Peptides, PeptideUnique, RateConstants, Correlations, RootMeanRSS, AbsoluteIsotopeError, Charge, m/z(Sequence), NEH, Abundance, NDP, Rsquared,sigma,CI lower band, CI upper band
IMEFFSLR, Yes, 0.25951, 0.991244, 0.010604, 0.042201,  2,   521.77314,  13, 468780320.000000, 12.000000, 0.973207, 0.019704, 0.216145, 0.302881
MGAHVVLTAR, Yes, 0.21711, 0.986315, 0.020112, 0.075792,  2,   527.79494,  19, 215250112.000000, 12.000000, 0.957629, 0.021004, 0.170881, 0.263339
mGAHVVLTAR, Yes, 3.89583, 0.681924, 0.074993, 0.149698,  2,   535.79240,  19, 12264796.000000, 12.000000, 0.356254, 13.988480, 2.249247, 5.542415
EEcALEIIK, Yes, 0.23432, 0.997170, 0.010704, 0.040503,  2,   552.78389,  20, 401912928.000000, 12.000000, 0.421776, 0.095369, 0.024412, 0.444225
FALDGFFSTIR, Yes, 0.25077, 0.997143, 0.006397, 0.018433,  2,   637.33242,  16, 549719744.000000, 12.000000, 0.991949, 0.010855, 0.226879, 0.274660
EISGIINAQASPK, Yes, 0.22484, 0.995640, 0.015246, 0.025577,  2,   664.36442,  31, 514972288.000000, 12.000000, 0.979293, 0.014111, 0.193784, 0.255901
SPLTPILLGNPGR, Yes, 0.17148, 0.989942, 0.017785, 0.008362,  2,   667.89316,  22, 1228492672.000000, 12.000000, 0.953986, 0.014438, 0.139703, 0.203259
YIAGTMEDMTFAEQFIVK, Yes, 0.27645, 0.993698, 0.007586, 0.042838,  2,  1047.49975,  30, 20325558.000000, 12.000000, 0.985076, 0.015929, 0.241395, 0.311514
VMEVNFLSYVVMSTAALPMLK, Yes, 0.19754, 0.993050, 0.011665, 0.112741,  3,   781.74354,  30, 11049083.000000, 12.000000, 0.960969, 0.020196, 0.153093, 0.241997
VmEVNFLSYVVMSTAALPMLK, Yes, 0.10017, 0.954288, 0.026609, 0.127238,  3,   787.07518,  30, 4013504.000000, 12.000000, 0.828449, 0.019803, 0.056582, 0.143753
MGAHVVLTAR, Yes, 0.16932, 0.987083, 0.019237, 0.061424,  3,   352.19905,  19, 549529728.000000, 12.000000, 0.956425, 0.014745, 0.136863, 0.201770
SPLTPILLGNPGR, Yes, 0.03890, 0.937945, 0.037574, 0.155317,  3,   445.59787,  22, 14041151.000000, 6.000000, 0.581074, 0.017644, 0.000000, 3.412736


MeanRateConst/CorrCutOff, 0.222372, 0.900000


MedianRateConst/RMSSCutOff, 0.224842, 0.050000
StandDev/NumberPeptides, 0.017267, 9
TotalIonCurrent, 1.26255e+11
