Peptides, PeptideUnique, RateConstants, Correlations, RootMeanRSS, AbsoluteIsotopeError, Charge, m/z(Sequence), NEH, Abundance, NDP, Rsquared,sigma,CI lower band, CI upper band
SNLGSVVLQLK, Yes, 0.22697, 0.927776, 0.034555, 0.086799,  2,   579.34806,  16, 30527494.000000, 11.000000, 0.728062, 0.052723, 0.109493, 0.344442
VESLLVTAISK, Yes, 0.01861, -0.063392, 0.067726, 0.062982,  2,   580.35026,  17, 28801176.000000, 11.000000, -0.948915, 0.012981, 0.000000, 3.047691
TLATDILMGVLK, Yes, 0.07924, 0.662896, 0.085217, 0.093806,  2,   637.87305,  13, 77939576.000000, 11.000000, 0.297552, 0.040248, 0.000000, 3.029977
FQIYFDNcPLLTIPGR, Yes, 0.05688, 0.576377, 0.079547, 0.020799,  2,   977.49820,  24, 8501628.000000, 11.000000, -0.107387, 0.034656, 0.000000, 3.620292
FQIYFDNcPLLTIPGR, Yes, 0.10607, 0.765303, 0.049064, 0.135372,  3,   652.00123,  24, 2712389.750000, 11.000000, 0.257700, 0.038029, 0.021332, 0.190801


MeanRateConst/CorrCutOff, 0.226968, 0.900000


MedianRateConst/RMSSCutOff, 0.226968, 0.050000
StandDev/NumberPeptides, 0.052723, 1
TotalIonCurrent, 3.41551e+09
