Peptides, PeptideUnique, RateConstants, Correlations, RootMeanRSS, AbsoluteIsotopeError, Charge, m/z(Sequence), NEH, Abundance, NDP, Rsquared,sigma,CI lower band, CI upper band
MDFTAAR, Yes, 0.13378, 0.880461, 0.069857, 0.296777,  2,   406.19198,  14, 20617832.000000, 10.000000, 0.628185, 0.046088, 0.029521, 0.238036
ATVFLAMGK, Yes, 0.33092, 0.968942, 0.029500, 0.056256,  2,   469.26241,  13, 36570648.000000, 10.000000, 0.747496, 0.099922, 0.104876, 0.556957
LDEAEDDFKK, Yes, 0.80850, 0.921901, 0.047538, 0.128154,  2,   605.28531,  19, 1743263.750000, 10.000000, 0.596445, 0.421078, 0.000000, 3.286316
ILEVcVWDAELR, Yes, 0.73602, 0.696862, 0.067233, 0.686111,  2,   751.88722,  22, 23968688.000000, 10.000000, -6.750287, 0.482102, 0.000000, 3.350928
SQALDAFDGADYTAAITFLDK, Yes, 0.64412, 0.954157, 0.032831, 0.087201,  2,  1117.03660,  40, 3531315.250000, 10.000000, 0.640396, 0.237573, 0.106688, 1.181543
FIDIAAAK, Yes, 0.44204, 0.981190, 0.023448, 0.106230,  2,   424.74744,  16, 29167754.000000, 10.000000, 0.949853, 0.070760, 0.281972, 0.602112


MeanRateConst/CorrCutOff, 0.556394, 0.900000


MedianRateConst/RMSSCutOff, 0.644115, 0.050000
StandDev/NumberPeptides, 0.130191, 4
TotalIonCurrent, 2.14157e+09
