Peptides, PeptideUnique, RateConstants, Correlations, RootMeanRSS, AbsoluteIsotopeError, Charge, m/z(Sequence), NEH, Abundance, NDP, Rsquared,sigma,CI lower band, CI upper band
MLEQLDMR, Yes, 0.46740, 0.432693, 0.069209, 0.880272,  2,   518.25171,  16, 65795908.000000, 11.000000, -1.334399, 0.303274, 0.000000, 2.271361
ILVATNLFGR, Yes, 0.09110, 0.983683, 0.021047, 0.063357,  2,   552.33221,  14, 142432192.000000, 9.000000, 0.943533, 0.012604, 0.062036, 0.120164
VAVFFGGLSIK, Yes, 0.09187, 0.958489, 0.028927, 0.126408,  2,   569.33697,  14, 30269786.000000, 12.000000, 0.884906, 0.013480, 0.062203, 0.121542
GSYVSIHSSGFR, Yes, 0.10994, 0.958046, 0.031488, 0.093690,  2,   648.82020,  23, 28762088.000000, 11.000000, 0.888375, 0.014566, 0.077488, 0.142396
FMQDPMEIFVDDETK, Yes, 0.12674, 0.932581, 0.039536, 0.213789,  2,   922.90770,  25, 5209638.500000, 10.000000, 0.735622, 0.034757, 0.048114, 0.205368
VNIAFNYDMPEDSDTYLHR, Yes, 0.26569, 0.952716, 0.021168, 0.099872,  3,   767.34779,  33, 16762584.000000, 12.000000, 0.864792, 0.041031, 0.175382, 0.356000
NcPHIVVGTPGR, Yes, 0.20213, 0.853215, 0.061085, 0.105160,  2,   653.83788,  21, 13507632.000000, 12.000000, 0.499983, 0.056190, 0.078455, 0.325804


MeanRateConst/CorrCutOff, 0.104914, 0.900000


MedianRateConst/RMSSCutOff, 0.109942, 0.050000
StandDev/NumberPeptides, 0.015939, 4
TotalIonCurrent, 6.22284e+09
