Peptides, PeptideUnique, RateConstants, Correlations, RootMeanRSS, AbsoluteIsotopeError, Charge, m/z(Sequence), NEH, Abundance, NDP, Rsquared,sigma,CI lower band, CI upper band
SIQLDGLVWGASK, Yes, 0.14650, 0.988830, 0.017725, 0.125631,  2,   687.37481,  22, 255096768.000000, 12.000000, 0.964364, 0.012363, 0.119289, 0.173708
ITSLEVENQNLR, Yes, 0.17238, 0.996298, 0.008937, 0.037445,  2,   708.37806,  24, 149375088.000000, 12.000000, 0.991685, 0.006894, 0.157205, 0.187550
ATAPQTQHVSPMR, Yes, 0.15010, 0.994833, 0.014469, 0.017784,  3,   475.24187,  32, 77469896.000000, 12.000000, 0.979760, 0.008330, 0.131766, 0.168433
ATAPQTQHVSPMR, Yes, 0.12945, 0.984722, 0.019761, 0.137961,  2,   712.35917,  32, 7251132.000000, 12.000000, 0.965778, 0.009277, 0.109030, 0.149869
AGSSGPGASSGPGGDHSELIVR, Yes, 0.15910, 0.988532, 0.017320, 0.079828,  3,   665.65573,  52, 23839960.000000, 12.000000, 0.970860, 0.012069, 0.132537, 0.185666
SLAGSSGPGASSGPGGDHSELIVR, Yes, 0.15620, 0.992812, 0.011587, 0.034706,  3,   732.36109,  56, 56863904.000000, 12.000000, 0.983219, 0.008401, 0.137706, 0.174686
SSILLDVKPWDDETDMAQLETcVR, Yes, 0.00000, -2.000000, 0.054066, 0.094919,  3,   941.11761,  42, 31210010.000000, 12.000000, -0.028277, 0.006634, 0.000000, 4.471079
QENGASVILR, Yes, 0.04380, 0.843553, 0.050334, 0.243564,  2,   543.79873,  24, 186273584.000000, 12.000000, 0.338941, 0.007646, 0.026976, 0.060634
SLAGSSGPGASSGPGGDHSELIVR, Yes, 0.07394, 0.861595, 0.093160, 0.250986,  2,  1098.03800,  56, 4047950.500000, 7.000000, 0.447371, 0.036818, 0.000000, 2.336899


MeanRateConst/CorrCutOff, 0.156855, 0.900000


MedianRateConst/RMSSCutOff, 0.156196, 0.050000
StandDev/NumberPeptides, 0.009126, 5
TotalIonCurrent, 2.1762e+10
