Peptides, PeptideUnique, RateConstants, Correlations, RootMeanRSS, AbsoluteIsotopeError, Charge, m/z(Sequence), NEH, Abundance, NDP, Rsquared,sigma,CI lower band, CI upper band
QPALDVLYDVMK, Yes, 0.33539, 0.980767, 0.019182, 0.052723,  2,   696.36559,  18, 48755828.000000, 12.000000, 0.953508, 0.040305, 0.246680, 0.424103
FSVLQYVVPEVK, Yes, 0.19257, 0.984689, 0.030410, 0.053645,  2,   704.39776,  17, 231314544.000000, 12.000000, 0.916420, 0.032504, 0.121030, 0.264110
AVEDIHGLFSLSK, Yes, 0.29234, 0.954750, 0.030066, 0.159113,  3,   472.58915,  23, 22066080.000000, 12.000000, 0.909328, 0.044536, 0.194314, 0.390362
VLLATLSIPITPER, Yes, 0.24880, 0.994438, 0.009868, 0.053643,  2,   761.96378,  23, 34691128.000000, 12.000000, 0.983628, 0.015139, 0.215477, 0.282119
LTSLVPFVDAFQLER, Yes, 1.03435, 0.960992, 0.023342, 0.009437,  2,   867.97489,  26, 20501718.000000, 12.000000, 0.909695, 0.204864, 0.583448, 1.485253
DLYNWLEVEFNPLK, Yes, 0.31658, 0.998274, 0.004746, 0.034469,  2,   890.45123,  19, 15959471.000000, 12.000000, 0.989614, 0.015210, 0.283104, 0.350059
LLQQVAQIYQSIEFSR, Yes, 0.15599, 0.787777, 0.056807, 0.104042,  3,   641.68266,  36, 14190741.000000, 12.000000, -0.399261, 0.047263, 0.051967, 0.260017
LVQLDSAISMELWQEAFK, Yes, 0.00000, -2.000000, 0.087566, 0.073898,  3,   703.36259,  36, 24800138.000000, 12.000000, -0.079694, 0.007936, 0.000000, 4.015359
EQPEKEPELQQYVPQLQNNTILR, Yes, 0.00000, -2.000000, 0.047651, 0.231270,  3,   932.15050,  55, 5642328.500000, 4.000000, -0.136804, 0.012593, 0.000000, 5.553503
LESLNIQR, Yes, 0.14227, 0.997076, 0.015474, 0.060698,  2,   486.77726,  18, 166688800.000000, 12.000000, 0.983428, 0.008456, 0.123656, 0.160877
LLDMDGIIVEK, Yes, 0.17534, 0.962324, 0.021549, 0.031810,  2,   623.34158,  15, 63972652.000000, 12.000000, 0.919034, 0.021353, 0.128339, 0.222333


MeanRateConst/CorrCutOff, 0.243326, 0.900000


MedianRateConst/RMSSCutOff, 0.248798, 0.050000
StandDev/NumberPeptides, 0.018670, 7
TotalIonCurrent, 2.0046e+10
