Peptides, PeptideUnique, RateConstants, Correlations, RootMeanRSS, AbsoluteIsotopeError, Charge, m/z(Sequence), NEH, Abundance, NDP, Rsquared,sigma,CI lower band, CI upper band
TVAAVMTcR, Yes, 0.50143, 0.894887, 0.051198, 0.118447,  2,   504.75189,  15, 8682847.000000, 11.000000, 0.646176, 0.181664, 0.096653, 0.906200
WSQVAPPVLK, Yes, 0.21389, 0.905767, 0.043145, 0.009057,  2,   562.82676,  18, 29551706.000000, 11.000000, 0.445778, 0.055942, 0.089242, 0.338536
HLLIGLPSGAILSLPK, Yes, 0.12161, 0.964418, 0.023295, 0.237510,  3,   543.67477,  26, 11211089.000000, 11.000000, 0.917629, 0.012887, 0.092900, 0.150329
ETGMSSLFVFNPIFGK, Yes, 0.00944, 0.559907, 0.072937, 0.273909,  2,   887.44765,  22, 10817670.000000, 11.000000, -0.160346, 0.010999, 0.000000, 4.699799
QLHELAPSIFFYLVDAEQGR, Yes, 0.00544, 0.798345, 0.016108, 0.080454,  3,   778.40233,  43, 36858860.000000, 11.000000, 0.342959, 0.002231, 0.000473, 0.010417


MeanRateConst/CorrCutOff, 0.113649, 0.900000


MedianRateConst/RMSSCutOff, 0.121615, 0.050000
StandDev/NumberPeptides, 0.005519, 3
TotalIonCurrent, 2.95699e+09
