Peptides, PeptideUnique, RateConstants, Correlations, RootMeanRSS, AbsoluteIsotopeError, Charge, m/z(Sequence), NEH, Abundance, NDP, Rsquared,sigma,CI lower band, CI upper band
LATLGALEAK, Yes, 0.38872, 0.996481, 0.009815, 0.053057,  2,   493.79766,  20, 113742488.000000, 12.000000, 0.989985, 0.020168, 0.344330, 0.433108
LYTHSYLGFGLK, Yes, 0.40306, 0.968918, 0.015242, 0.036043,  3,   466.91872,  13, 58269232.000000, 12.000000, 0.934863, 0.050853, 0.291129, 0.514981
WLEAEWIFGGVK, Yes, 0.31177, 0.989036, 0.014451, 0.087981,  2,   717.87444,  19, 124596416.000000, 12.000000, 0.974117, 0.026221, 0.254059, 0.369482
AQALLLEVEEIFK, Yes, 0.41278, 0.983248, 0.025044, 0.042154,  2,   751.92685,  28, 72497568.000000, 12.000000, 0.948128, 0.054728, 0.292321, 0.533232
AQALLLEVEEIFK, Yes, 0.37097, 0.992882, 0.025918, 0.150486,  3,   501.62033,  28, 3275290.250000, 12.000000, 0.951196, 0.050366, 0.260118, 0.481827
QGAETVQELLEVAK, Yes, 0.36042, 0.995865, 0.013266, 0.058578,  2,   757.90666,  32, 64843056.000000, 12.000000, 0.986502, 0.022681, 0.310504, 0.410345
LcMDLTYITALLK, Yes, 0.33752, 0.917693, 0.022587, 0.065187,  2,   777.91713,  13, 3895485.750000, 12.000000, 0.645647, 0.087466, 0.145009, 0.530033
DGFGFADGTLLQLTK, Yes, 0.45931, 0.992833, 0.014464, 0.025990,  2,   791.90922,  21, 107776904.000000, 12.000000, 0.975390, 0.040991, 0.369085, 0.549525
GQETVGTLDLGGASTQITFLPQFEK, Yes, 0.42606, 0.911065, 0.024859, 0.241773,  2,  1319.17397,  44, 3168978.750000, 5.000000, -1.175420, 0.399977, 0.000000, 3.598896
GSAFYAFSYYYDR, Yes, 0.93560, 0.934958, 0.023009, 0.392517,  2,   805.35152,  22, 12882329.000000, 12.000000, 0.208562, 0.350453, 0.164261, 1.706944


MeanRateConst/CorrCutOff, 0.394854, 0.900000


MedianRateConst/RMSSCutOff, 0.388719, 0.050000
StandDev/NumberPeptides, 0.042151, 8
TotalIonCurrent, 1.92033e+10
