Peptides, PeptideUnique, RateConstants, Correlations, RootMeanRSS, AbsoluteIsotopeError, Charge, m/z(Sequence), NEH, Abundance, NDP, Rsquared,sigma,CI lower band, CI upper band
VGQPGAAGPVSPMcPGR, Yes, 0.57595, 0.965035, 0.064005, 0.100520,  2,   819.39798,  40, 44978612.000000, 7.000000, 0.550186, 0.227607, 0.019018, 1.132885
HAFSPVASVESASGETLHSPK, Yes, 0.46780, 0.994303, 0.035051, 0.110705,  3,   713.35527,  48, 41934824.000000, 7.000000, 0.773314, 0.131356, 0.146381, 0.789212
AQNVPLPVSTLVEFVIAATDcTAK, Yes, 1.10208, 0.976285, 0.018206, 0.032778,  3,   848.78412,  42, 17555766.000000, 7.000000, -0.137700, 1.437953, 0.000000, 3.982634


MeanRateConst/CorrCutOff, 0.715277, 0.900000


MedianRateConst/RMSSCutOff, 0.575952, 0.050000
StandDev/NumberPeptides, 0.236185, 2
TotalIonCurrent, 4.28788e+09
