Peptides, PeptideUnique, RateConstants, Correlations, RootMeanRSS, AbsoluteIsotopeError, Charge, m/z(Sequence), NEH, Abundance, NDP, Rsquared,sigma,CI lower band, CI upper band
TLEDILFR, Yes, 1.47589, 0.961130, 0.027132, 0.030743,  2,   503.78202,  11, 204543984.000000, 12.000000, 0.844522, 0.490760, 0.395732, 2.556044
VGPESDKYR, Yes, 0.27841, 0.936884, 0.042000, 0.106799,  2,   525.76436,  18, 2235469.750000, 12.000000, 0.616714, 0.069205, 0.126093, 0.430732
VGPESDKYR, Yes, 0.45425, 0.962838, 0.035345, 0.055090,  3,   350.84533,  18, 6564920.500000, 12.000000, 0.767931, 0.088499, 0.259465, 0.649035
DNccILDER, Yes, 0.36662, 0.974197, 0.031198, 0.143285,  2,   597.74753,  17, 43096996.000000, 12.000000, 0.818825, 0.069340, 0.214008, 0.519241
IHLISMQSTIPY, Yes, 0.38210, 0.892043, 0.045978, 0.083926,  2,   701.87358,  19, 74992432.000000, 12.000000, 0.106433, 0.147318, 0.057852, 0.706343
YEALLLTHETSIR, Yes, 0.62637, 0.975886, 0.018267, 0.039295,  3,   515.94722,  24, 101110680.000000, 12.000000, 0.944957, 0.078698, 0.453160, 0.799588
VAQLEAQcQEPcK, Yes, 0.63244, 0.950279, 0.042131, 0.115881,  2,   780.86088,  35, 17619378.000000, 12.000000, 0.870240, 0.125343, 0.356558, 0.908315
SSTTNGFDDGIIWATWK, Yes, 0.80018, 0.451680, 0.073923, 0.128452,  2,   949.94961,  22, 41820320.000000, 12.000000, -0.273765, 0.762449, 0.000000, 5.376641
cHAGHLNGVYHQGGTYSK, Yes, 0.57572, 0.961513, 0.024658, 0.205664,  3,   662.63936,  33, 2600408.250000, 12.000000, 0.869732, 0.099911, 0.355815, 0.795619
cHAGHLNGVYHQGGTYSK, Yes, 0.40596, 0.968876, 0.025829, 0.138977,  4,   497.23134,  33, 9357607.000000, 12.000000, 0.777918, 0.080604, 0.228555, 0.583373
GIADFLSSYQTDVDNDLR, Yes, 0.01401, -0.004337, 0.099455, 0.160583,  2,  1014.97909,  31, 8970713.000000, 12.000000, -0.189299, 0.011803, 0.000000, 3.862668
YEALLLTHETSIR, Yes, 0.08433, 0.568994, 0.084432, 0.153991,  2,   773.41719,  24, 20317870.000000, 12.000000, -0.595117, 0.031144, 0.015783, 0.152877
EGFGHLSPTGTTEFWLGNEK, Yes, 1.46975, 0.965368, 0.030184, 0.206197,  3,   736.35165,  33, 61447908.000000, 12.000000, 0.195591, 0.577547, 0.198575, 2.740919
QQFLVYcEIDGSGNGWTVLQK, Yes, 0.63090, 0.977656, 0.018292, 0.087482,  2,  1221.59156,  34, 2902775.750000, 7.000000, 0.856819, 0.151737, 0.259611, 1.002186


MeanRateConst/CorrCutOff, 0.527466, 0.900000


MedianRateConst/RMSSCutOff, 0.575717, 0.050000
StandDev/NumberPeptides, 0.092824, 7
TotalIonCurrent, 2.78219e+10
