Peptides, PeptideUnique, RateConstants, Correlations, RootMeanRSS, AbsoluteIsotopeError, Charge, m/z(Sequence), NEH, Abundance, NDP, Rsquared,sigma,CI lower band, CI upper band
GIVLLEELLPK, Yes, 0.28200, 0.995377, 0.021916, 0.077671,  2,   612.38410,  17, 61679000.000000, 10.000000, 0.960013, 0.034845, 0.203178, 0.360830
FQSEQAAGSVSK, Yes, 0.27106, 0.992245, 0.019892, 0.041635,  2,   619.80421,  31, 13066234.000000, 10.000000, 0.971054, 0.021595, 0.222204, 0.319907
KFQSEQAAGSVSK, Yes, 0.05600, 0.834385, 0.077549, 0.404755,  3,   456.23689,  31, 8479836.000000, 10.000000, 0.537337, 0.019014, 0.012989, 0.099016
KFQSEQAAGSVSK, Yes, 0.22570, 0.990414, 0.021915, 0.097494,  2,   683.85169,  31, 2209828.500000, 10.000000, 0.969220, 0.021326, 0.177462, 0.273946
GLLQTEPQNNQAK, Yes, 0.26313, 0.993118, 0.013694, 0.105029,  2,   720.87569,  30, 41831164.000000, 10.000000, 0.984335, 0.016500, 0.225806, 0.300459
STQFEYAWcLVR, Yes, 0.41402, 0.963855, 0.030883, 0.187876,  2,   780.36920,  21, 25033266.000000, 10.000000, 0.864501, 0.090183, 0.210009, 0.618026


MeanRateConst/CorrCutOff, 0.260474, 0.900000


MedianRateConst/RMSSCutOff, 0.271055, 0.050000
StandDev/NumberPeptides, 0.021918, 4
TotalIonCurrent, 4.16173e+09
