Peptides, PeptideUnique, RateConstants, Correlations, RootMeanRSS, AbsoluteIsotopeError, Charge, m/z(Sequence), NEH, Abundance, NDP, Rsquared,sigma,CI lower band, CI upper band
LGGDLGTYVINK, Yes, 0.01640, 0.396433, 0.029030, 0.115507,  2,   625.34298,  13, 203401872.000000, 12.000000, -2.243930, 0.004165, 0.007237, 0.025569
QIWLSSPSSGPK, Yes, 0.03611, 0.108017, 0.094991, 0.051448,  2,   643.84060,  23, 69985944.000000, 12.000000, -1.560825, 0.014915, 0.003283, 0.068937
GTLDNPSSLDETAYER, Yes, 0.00002, -2.000000, 0.023970, 0.208605,  2,   884.40521,  32, 7296281.500000, 2.000000, -4.735241, 0.066382, 0.000000, 6.456770
NWVYSHDGVSLHELLAR, Yes, 0.08175, 0.948030, 0.025648, 0.094434,  3,   666.00602,  31, 54077088.000000, 12.000000, 0.835744, 0.010421, 0.058813, 0.104688


MeanRateConst/CorrCutOff, 0.081750, 0.900000


MedianRateConst/RMSSCutOff, 0.081750, 0.050000
StandDev/NumberPeptides, 0.010421, 1
TotalIonCurrent, 9.86268e+09
