Peptides, PeptideUnique, RateConstants, Correlations, RootMeanRSS, AbsoluteIsotopeError, Charge, m/z(Sequence), NEH, Abundance, NDP, Rsquared,sigma,CI lower band, CI upper band
VGLIcEGAPVR, Yes, 0.24181, 0.976127, 0.026743, 0.112713,  2,   585.81862,  22, 84007456.000000, 12.000000, 0.891040, 0.031646, 0.172158, 0.311464
DKDLALMQDK, Yes, 0.09611, 0.992448, 0.011824, 0.091115,  2,   588.80008,  17, 51297664.000000, 12.000000, 0.978940, 0.005326, 0.084391, 0.107836
TPLYDFHLAHGGK, Yes, 0.05328, 0.769730, 0.053041, 0.114786,  3,   485.91749,  21, 55355312.000000, 12.000000, -0.867975, 0.013451, 0.023670, 0.082881
TPLYDFHLAHGGK, Yes, 0.05434, 0.945143, 0.023119, 0.084409,  4,   364.68994,  21, 68759280.000000, 12.000000, 0.815525, 0.006898, 0.039158, 0.069524
LPFMTSAVMEVFGVSGcR, Yes, 0.02955, 0.899774, 0.033860, 0.148959,  2,   994.47557,  30, 3226643.250000, 11.000000, 0.702557, 0.006075, 0.016013, 0.043082
AHSPILNTEGTVIGTVTSGcPSPSLK, Yes, 0.20142, 0.972360, 0.017165, 0.100395,  3,   875.11805,  44, 28273186.000000, 12.000000, 0.892031, 0.024794, 0.146845, 0.255987
cGYTGEDGVEISVPATGAVHLATTLLK, Yes, 0.00702, 0.543648, 0.020589, 0.081817,  3,   920.46886,  45, 40465356.000000, 12.000000, 0.203841, 0.003397, 0.000000, 3.829765
TPLYDFHLAHGGK, Yes, 0.04497, 0.619958, 0.086600, 0.155085,  2,   728.37260,  21, 8036651.500000, 12.000000, -0.284223, 0.029397, 0.000000, 3.980476
MPFVPTNYYTLK, Yes, 0.00026, 0.627187, 0.047315, 0.059104,  2,   737.37596,  11, 102742464.000000, 12.000000, -0.290258, 0.006226, 0.000000, 4.898765
MVAFAGWSLPVQYR, Yes, 2.37853, 0.868126, 0.052960, 0.334992,  2,   812.91886,  26, 18672660.000000, 12.000000, -3.154054, 2.282317, 1.312743, 3.444317


MeanRateConst/CorrCutOff, 0.039434, 0.900000


MedianRateConst/RMSSCutOff, 0.054341, 0.050000
StandDev/NumberPeptides, 0.005078, 4
TotalIonCurrent, 1.29862e+10
