Peptides, PeptideUnique, RateConstants, Correlations, RootMeanRSS, AbsoluteIsotopeError, Charge, m/z(Sequence), NEH, Abundance, NDP, Rsquared,sigma,CI lower band, CI upper band
AHPLFTFLR, Yes, 0.10968, 0.975998, 0.018731, 0.083805,  3,   367.87831,  14, 452226176.000000, 12.000000, 0.935922, 0.010915, 0.085654, 0.133701
AHPLFTFLR, Yes, 0.07323, 0.969060, 0.022927, 0.091767,  2,   551.31382,  14, 558366720.000000, 12.000000, 0.909506, 0.008354, 0.054839, 0.091613
NDIAWNFEK, Yes, 0.14593, 0.982664, 0.019963, 0.032311,  2,   568.77218,  15, 672673152.000000, 12.000000, 0.738151, 0.043931, 0.049234, 0.242617
FLVGPDGVPVR, Yes, 0.17998, 0.995387, 0.012447, 0.034324,  2,   578.32969,  17, 1823812480.000000, 12.000000, 0.978352, 0.010509, 0.156846, 0.203106
YIIWSPVcR, Yes, 0.99706, 0.838718, 0.042686, 0.451042,  2,   597.31042,  13, 1619581952.000000, 12.000000, -0.833019, 0.452773, 0.000515, 1.993609
DYTEMNDLQK, Yes, 0.20206, 0.998054, 0.018324, 0.048904,  2,   628.77680,  16, 674320832.000000, 12.000000, 0.968704, 0.019341, 0.159494, 0.244630
PLTGGEPVSLGSLR, Yes, 0.14736, 0.994180, 0.012693, 0.043213,  2,   691.88554,  26, 1456960000.000000, 12.000000, 0.981981, 0.008085, 0.129567, 0.165157
PGGGFEPNFTLFEK, Yes, 0.16484, 0.994604, 0.009906, 0.018444,  2,   770.37755,  23, 321887776.000000, 12.000000, 0.983536, 0.008706, 0.145682, 0.184003
LSAAAQSTVYAFSAR, Yes, 0.13784, 0.988131, 0.021553, 0.085511,  2,   771.89917,  37, 169700528.000000, 12.000000, 0.952931, 0.010962, 0.113709, 0.161962
NALPTPSDDPTALMTDPK, Yes, 0.15799, 0.994241, 0.009986, 0.053513,  2,   942.45640,  31, 351462528.000000, 12.000000, 0.983004, 0.008825, 0.138567, 0.177416
YVRPGGGFEPNFTLFEK, Yes, 0.15225, 0.994493, 0.008439, 0.023544,  3,   653.33174,  27, 940413440.000000, 12.000000, 0.981637, 0.008691, 0.133117, 0.171373
GLVVLGFPcNQFGHQENGK, Yes, 0.15661, 0.995031, 0.008333, 0.016053,  3,   701.01432,  34, 259269888.000000, 12.000000, 0.987473, 0.007134, 0.140908, 0.172312


MeanRateConst/CorrCutOff, 0.155453, 0.900000


MedianRateConst/RMSSCutOff, 0.152245, 0.050000
StandDev/NumberPeptides, 0.010421, 10
TotalIonCurrent, 3.26224e+11
