Peptides, PeptideUnique, RateConstants, Correlations, RootMeanRSS, AbsoluteIsotopeError, Charge, m/z(Sequence), NEH, Abundance, NDP, Rsquared,sigma,CI lower band, CI upper band
VTQSNAILR, No, 0.11824, 0.976731, 0.025299, 0.096115,  2,   501.29054,  18, 373630688.000000, 12.000000, 0.942521, 0.011575, 0.092765, 0.143716
PMTLGYWNTR, Yes, 0.05290, 0.907278, 0.023157, 0.066392,  2,   619.80296,  12, 136102096.000000, 12.000000, 0.709485, 0.008585, 0.034009, 0.071798
VDTLENQVMDTR, Yes, 0.17769, 0.963751, 0.021646, 0.183044,  2,   710.84047,  20, 174866224.000000, 12.000000, 0.829751, 0.028500, 0.114957, 0.240415
LLLEYTDSSYEEK, Yes, 0.20536, 0.967710, 0.040085, 0.019652,  2,   795.38267,  22, 88162456.000000, 12.000000, 0.880829, 0.042533, 0.111747, 0.298974
IQLMIVccSPDFEK, Yes, 0.13064, 0.988818, 0.012812, 0.181430,  2,   870.41189,  23, 27334486.000000, 12.000000, 0.941575, 0.012894, 0.102258, 0.159017
FNLGLDFPNLPYLIDGSHK, Yes, 0.11198, 0.981647, 0.017570, 0.070554,  3,   720.70899,  27, 276604640.000000, 12.000000, 0.933009, 0.013016, 0.083333, 0.140627
LLLEYTDSSYEEKR, Yes, 0.05428, 0.438765, 0.074618, 0.640119,  3,   582.62458,  25, 72139704.000000, 12.000000, -0.026513, 0.030013, 0.000000, 3.583732


MeanRateConst/CorrCutOff, 0.134636, 0.900000


MedianRateConst/RMSSCutOff, 0.130638, 0.050000
StandDev/NumberPeptides, 0.014500, 4
TotalIonCurrent, 3.80532e+10
