Peptides, PeptideUnique, RateConstants, Correlations, RootMeanRSS, AbsoluteIsotopeError, Charge, m/z(Sequence), NEH, Abundance, NDP, Rsquared,sigma,CI lower band, CI upper band
ATIAGGGVIPHIHK, Yes, 0.08943, 0.976611, 0.018347, 0.051403,  3,   457.60162,  26, 185230128.000000, 6.000000, 0.952248, 0.009310, 0.065504, 0.113366
ATIAGGGVIPHIHK, Yes, 0.07288, 0.982350, 0.022317, 0.105980,  2,   685.89879,  26, 72397672.000000, 6.000000, 0.923504, 0.010295, 0.046410, 0.099341
AAILEYLTAEVLELAGNASK, Yes, 0.00000, -2.000000, 0.089985, 0.292817,  3,   692.71227,  43, 6062034.000000, 6.000000, -0.321640, 0.019957, 0.000000, 5.688963
SAAILEYLTAEVLELAGNASK, Yes, 0.09182, 0.993723, 0.010149, 0.031524,  3,   721.72294,  46, 34506700.000000, 6.000000, 0.978519, 0.005758, 0.077020, 0.106622
SAAILEYLTAEVLELAGNASK, Yes, 0.08077, 0.997152, 0.016008, 0.086536,  2,  1082.08078,  46, 3966232.750000, 6.000000, 0.945509, 0.010298, 0.054301, 0.107244
ATAAVYSAAILEYLTAEVLELAGNASK, Yes, 0.05935, 0.827622, 0.026796, 0.204980,  3,   913.81986,  59, 2185842.750000, 6.000000, 0.210642, 0.018646, 0.011420, 0.107283
VGATAAVYSAAILEYLTAEVLELAGNASK, Yes, 0.07014, 0.988835, 0.006444, 0.040927,  3,   965.84983,  61, 23514280.000000, 6.000000, 0.970393, 0.005384, 0.056302, 0.083981
VGATAAVYSAAILEYLTAEVLELAGNASK, Yes, 0.06150, 0.970425, 0.013758, 0.085741,  4,   724.63919,  61, 3731650.750000, 6.000000, 0.839285, 0.011533, 0.031850, 0.091142
ILEYLTAEVLELAGNASK, Yes, 0.10217, 0.987269, 0.018860, 0.127565,  3,   645.35419,  35, 4713119.500000, 6.000000, 0.919405, 0.011607, 0.072331, 0.132006


MeanRateConst/CorrCutOff, 0.077757, 0.900000


MedianRateConst/RMSSCutOff, 0.080772, 0.050000
StandDev/NumberPeptides, 0.008024, 6
TotalIonCurrent, 4.67703e+09
