Peptides, PeptideUnique, RateConstants, Correlations, RootMeanRSS, AbsoluteIsotopeError, Charge, m/z(Sequence), NEH, Abundance, NDP, Rsquared,sigma,CI lower band, CI upper band
SPTFGLLFDIDGVLVR, Yes, 0.13750, 0.989710, 0.011576, 0.147607,  2,   874.98272,  21, 8162947.000000, 11.000000, 0.977300, 0.008999, 0.117447, 0.157548
VPVVFVTNAGNILQHNK, Yes, 0.11437, 0.833145, 0.038522, 0.203810,  3,   617.34762,  26, 10605108.000000, 11.000000, 0.414456, 0.028264, 0.051393, 0.177346
LYAIGDNPMSDVYGANLFHQYLQMANR, Yes, 0.11565, 0.885780, 0.048105, 0.335242,  3,  1034.49177,  52, 4983564.000000, 7.000000, 0.086600, 0.076617, 0.000000, 3.378163


MeanRateConst/CorrCutOff, 0.122505, 0.900000


MedianRateConst/RMSSCutOff, 0.115650, 0.050000
StandDev/NumberPeptides, 0.018802, 1
TotalIonCurrent, 1.09382e+09
