Peptides, PeptideUnique, RateConstants, Correlations, RootMeanRSS, AbsoluteIsotopeError, Charge, m/z(Sequence), NEH, Abundance, NDP, Rsquared,sigma,CI lower band, CI upper band
AILSPAFK, No, 1.01894, 0.614765, 0.069245, 0.388421,  2,   423.75781,  15, 8004222.500000, 12.000000, -0.684889, 0.662275, 0.000000, 2.326694
NAVEEcVYEFR, Yes, 0.10725, 0.974180, 0.023804, 0.071636,  2,   708.31663,  24, 50716412.000000, 12.000000, 0.946663, 0.010008, 0.085227, 0.129283
GcALQcAILSPAFK, No, 0.01773, 0.806383, 0.032872, 0.061590,  2,   768.38907,  29, 249434032.000000, 12.000000, 0.464781, 0.003668, 0.009661, 0.025806
VNTHGIFTISTASMVEK, Yes, 0.05069, 0.953387, 0.051882, 0.279768,  3,   612.31711,  25, 19952466.000000, 12.000000, 0.616752, 0.015236, 0.017156, 0.084224
VVNVELPVEANLVWQLGR, Yes, 0.02431, -0.102906, 0.103128, 0.090048,  3,   679.04934,  32, 3429848.250000, 11.000000, -0.493067, 0.019570, 0.000000, 3.757570
VVNVELPVEANLVWQLGR, Yes, 0.43166, 0.731097, 0.064499, 0.178406,  2,  1018.07038,  32, 3221961.500000, 9.000000, -0.258817, 0.391270, 0.000000, 3.074070
NQQITHANNTVSSFK, Yes, 0.10081, 0.967513, 0.076707, 0.299901,  2,   844.92117,  28, 759175.875000, 9.000000, 0.719398, 0.040693, 0.006977, 0.194653
LMNDMTAVALNYGIYK, Yes, 0.06999, 0.843512, 0.049521, 0.508992,  2,   908.95222,  22, 1753663.250000, 7.000000, 0.010722, 0.037925, 0.000000, 1.358078


MeanRateConst/CorrCutOff, 0.107255, 0.900000


MedianRateConst/RMSSCutOff, 0.107255, 0.050000
StandDev/NumberPeptides, 0.010008, 1
TotalIonCurrent, 1.1551e+10
