Peptides, PeptideUnique, RateConstants, Correlations, RootMeanRSS, AbsoluteIsotopeError, Charge, m/z(Sequence), NEH, Abundance, NDP, Rsquared,sigma,CI lower band, CI upper band
AISGVHTVR, Yes, 0.20137, 0.953173, 0.036320, 0.069287,  2,   470.27216,  17, 22098360.000000, 8.000000, 0.806351, 0.040680, 0.105176, 0.297564
HILILQNK, Yes, 0.14722, 0.982001, 0.020214, 0.043624,  2,   489.80836,  12, 137660784.000000, 8.000000, 0.940316, 0.018451, 0.103588, 0.190850
IGTIGHVAHGK, Yes, 0.12746, 0.921322, 0.048898, 0.014055,  3,   363.87697,  19, 20584592.000000, 8.000000, 0.357622, 0.031447, 0.053098, 0.201820
LTPLSHEVISR, Yes, 0.17494, 0.970492, 0.040530, 0.166209,  3,   417.90670,  21, 30350630.000000, 8.000000, 0.692553, 0.048993, 0.059088, 0.290789
IVSLFAEHNDLQYAAPGGLIGVGTK, Yes, 0.15855, 0.953195, 0.019616, 0.080796,  3,   857.45862,  46, 35921312.000000, 8.000000, 0.851676, 0.023021, 0.104112, 0.212986


MeanRateConst/CorrCutOff, 0.152041, 0.900000


MedianRateConst/RMSSCutOff, 0.158549, 0.050000
StandDev/NumberPeptides, 0.026694, 4
TotalIonCurrent, 3.88103e+09
