Peptides, PeptideUnique, RateConstants, Correlations, RootMeanRSS, AbsoluteIsotopeError, Charge, m/z(Sequence), NEH, Abundance, NDP, Rsquared,sigma,CI lower band, CI upper band
VHLVGIDIFTGK, Yes, 0.47240, 0.956754, 0.028338, 0.159573,  2,   649.87700,  13, 194489104.000000, 12.000000, 0.863109, 0.096383, 0.260259, 0.684535
VHLVGIDIFTGK, Yes, 0.31656, 0.992949, 0.013989, 0.053779,  3,   433.58709,  13, 506181600.000000, 12.000000, 0.971422, 0.030139, 0.250229, 0.382899
YEDIcPSTHNMDVPNIK, Yes, 0.22616, 0.995290, 0.007761, 0.048937,  3,   678.30828,  28, 74663288.000000, 12.000000, 0.989572, 0.010459, 0.203141, 0.249182
NDFQLIGIQDGYLSLLQDSGEVR, Yes, 0.26150, 0.991393, 0.009329, 0.051410,  2,  1290.65065,  43, 20071688.000000, 11.000000, 0.978087, 0.019395, 0.218286, 0.304713
NDFQLIGIQDGYLSLLQDSGEVR, Yes, 0.29561, 0.998587, 0.003784, 0.027236,  3,   860.76952,  43, 56146772.000000, 12.000000, 0.994844, 0.010606, 0.272268, 0.318956
YDcGEEILITVLSAMTEEAAVAIK, Yes, 0.23888, 0.925343, 0.037213, 0.035621,  3,   876.10452,  47, 17421592.000000, 12.000000, 0.069064, 0.174342, 0.000000, 2.819432
NGFVVLK, Yes, 8.16650, 0.098027, 0.452906, 1.153203,  2,   388.73689,  6, 516879.468750, 6.000000, -24.013067, 18522690.000000, 0.229817, 16.103186


MeanRateConst/CorrCutOff, 0.267743, 0.900000


MedianRateConst/RMSSCutOff, 0.261499, 0.050000
StandDev/NumberPeptides, 0.017833, 5
TotalIonCurrent, 3.58568e+10
