Peptides, PeptideUnique, RateConstants, Correlations, RootMeanRSS, AbsoluteIsotopeError, Charge, m/z(Sequence), NEH, Abundance, NDP, Rsquared,sigma,CI lower band, CI upper band
SGILPILVHcLER, Yes, 0.41502, 0.959984, 0.026605, 0.176128,  3,   502.95354,  23, 10338725.000000, 8.000000, 0.921110, 0.070672, 0.247906, 0.582130
DAQVVQVVLDGLSNILK, Yes, 0.48877, 0.951225, 0.033886, 0.135429,  2,   906.01729,  27, 3104013.750000, 8.000000, 0.856054, 0.122025, 0.200223, 0.777310
DAQVVQVVLDGLSNILK, Yes, 0.48817, 0.995743, 0.009607, 0.087906,  3,   604.34728,  27, 10350534.000000, 8.000000, 0.988959, 0.032479, 0.411373, 0.564972


MeanRateConst/CorrCutOff, 0.463986, 0.900000


MedianRateConst/RMSSCutOff, 0.488173, 0.050000
StandDev/NumberPeptides, 0.056460, 3
TotalIonCurrent, 6.929e+08
