Peptides, PeptideUnique, RateConstants, Correlations, RootMeanRSS, AbsoluteIsotopeError, Charge, m/z(Sequence), NEH, Abundance, NDP, Rsquared,sigma,CI lower band, CI upper band
TLATWATK, Yes, 0.37151, 0.985350, 0.036783, 0.074998,  2,   446.25036,  9, 251352960.000000, 12.000000, 0.863212, 0.099558, 0.152388, 0.590640
VLANPGNSQVAR, Yes, 0.18687, 0.979746, 0.031844, 0.060904,  2,   613.33601,  28, 37111328.000000, 12.000000, 0.906656, 0.021926, 0.138612, 0.235128
PMIHELLTEGR, Yes, 0.15589, 0.798414, 0.069685, 0.095199,  3,   432.56405,  22, 9783128.000000, 12.000000, 0.284012, 0.050218, 0.045360, 0.266419
SNEILTAIIQGMR, Yes, 0.20137, 0.952844, 0.031587, 0.167867,  3,   482.59753,  26, 5453222.500000, 12.000000, 0.905514, 0.028920, 0.137720, 0.265023
SNEILTAIIQGMR, Yes, 0.19866, 0.979711, 0.020991, 0.039854,  2,   723.39266,  26, 29940218.000000, 12.000000, 0.948112, 0.019329, 0.156120, 0.241208
YMEAFKPFLGIGLK, Yes, 0.19758, 0.970932, 0.032361, 0.182522,  3,   538.63018,  20, 10365006.000000, 12.000000, 0.870646, 0.042007, 0.105121, 0.290037
AAVENLPTFLVELSR, Yes, 0.20002, 0.986107, 0.018460, 0.109103,  2,   829.95923,  29, 30851160.000000, 12.000000, 0.955168, 0.019222, 0.157717, 0.242330
AAVENLPTFLVELSR, Yes, 0.21631, 0.956855, 0.029762, 0.142986,  3,   553.64191,  29, 6901892.500000, 12.000000, 0.901137, 0.032509, 0.144755, 0.287857
LQQVLQMESHIQSTSDR, Yes, 3.11256, 0.914183, 0.103988, 0.454780,  3,   667.33370,  39, 7108676.000000, 5.000000, 0.115782, 13.501707, 0.000000, 6.603298
IQFNDLQSLLcATLQNVLR, Yes, 0.36133, 0.979866, 0.014992, 0.051959,  3,   749.40357,  34, 973402.500000, 10.000000, 0.950476, 0.041597, 0.267233, 0.455432
SSAYESLMEIVK, Yes, 0.00036, -0.067435, 0.037978, 0.047715,  2,   678.83939,  23, 95740248.000000, 12.000000, -0.033814, 0.003172, 0.000000, 4.073125
VQHQDALQISDVVMASLLR, Yes, 0.32145, 0.955024, 0.025740, 0.092959,  3,   708.38077,  40, 15115669.000000, 12.000000, 0.804096, 0.069466, 0.168559, 0.474346
GALQYLVPILTQTLTK, Yes, 0.26012, 0.992380, 0.014977, 0.103659,  3,   587.01698,  22, 16171212.000000, 12.000000, 0.961969, 0.027623, 0.199322, 0.320916


MeanRateConst/CorrCutOff, 0.208705, 0.900000


MedianRateConst/RMSSCutOff, 0.200023, 0.050000
StandDev/NumberPeptides, 0.025481, 7
TotalIonCurrent, 1.19702e+10
