Peptides, PeptideUnique, RateConstants, Correlations, RootMeanRSS, AbsoluteIsotopeError, Charge, m/z(Sequence), NEH, Abundance, NDP, Rsquared,sigma,CI lower band, CI upper band
SAVTTVVNPK, Yes, 0.20379, 0.952840, 0.040542, 0.106294,  2,   508.29276,  13, 67007412.000000, 11.000000, 0.840003, 0.046588, 0.099985, 0.307596
GcQPSDIENPR, Yes, 0.07507, 0.928537, 0.041080, 0.167795,  2,   636.78550,  27, 12267820.000000, 11.000000, 0.779046, 0.011314, 0.049864, 0.100282
LRPEDITQIQPQQLLLK, Yes, 0.28463, 0.976984, 0.032553, 0.199177,  3,   678.39662,  35, 15186536.000000, 8.000000, 0.899987, 0.062778, 0.136182, 0.433073
IGFGSFVEK, Yes, 0.00631, -0.497317, 0.146778, 0.653255,  2,   492.26347,  13, 116350648.000000, 11.000000, -0.373537, 0.019771, 0.000000, 4.326408
LPDGVTINYK, Yes, 0.23691, 0.819307, 0.033749, 1.161102,  2,   560.30586,  11, 45962288.000000, 11.000000, -1.414817, 0.175520, 0.000000, 2.899993
SLGTDLMNEMR, Yes, 0.10282, 0.962051, 0.023205, 0.165544,  2,   633.79447,  19, 32352710.000000, 11.000000, 0.841246, 0.014232, 0.071109, 0.134531


MeanRateConst/CorrCutOff, 0.166578, 0.900000


MedianRateConst/RMSSCutOff, 0.203791, 0.050000
StandDev/NumberPeptides, 0.020404, 4
TotalIonCurrent, 4.30786e+09
