Peptides, PeptideUnique, RateConstants, Correlations, RootMeanRSS, AbsoluteIsotopeError, Charge, m/z(Sequence), NEH, Abundance, NDP, Rsquared,sigma,CI lower band, CI upper band
LASYLDK, No, 0.06674, 0.985671, 0.010347, 0.044414,  2,   405.22380,  10, 1690928000.000000, 9.000000, 0.961965, 0.004346, 0.056724, 0.076766
YcVQLSQIQGLIGSVEEQLAQLR, Yes, 0.00000, -2.000000, 0.054410, 0.329345,  3,   878.13028,  51, 3891380.000000, 8.000000, -2.596827, 0.008881, 0.000000, 5.353614
LAADDFR, No, 0.06548, 1.000000, 0.009486, 0.190461,  2,   404.20340,  16, 1024770240.000000, 2.000000, 0.629807, 0.007154, 0.000000, 12.268443
EVATNSELVQSGK, Yes, 0.28080, 1.000000, 0.033537, 0.811155,  2,   681.34898,  27, 22563242.000000, 3.000000, -4.890817, 0.090547, 0.000000, 1.131927


MeanRateConst/CorrCutOff, 0.066745, 0.900000


MedianRateConst/RMSSCutOff, 0.066745, 0.050000
StandDev/NumberPeptides, 0.004346, 1
TotalIonCurrent, 2.49349e+10
