Peptides, PeptideUnique, RateConstants, Correlations, RootMeanRSS, AbsoluteIsotopeError, Charge, m/z(Sequence), NEH, Abundance, NDP, Rsquared,sigma,CI lower band, CI upper band
MFESFIESVPLFK, Yes, 0.05382, 0.800221, 0.032855, 0.031175,  2,   787.40217,  20, 47650412.000000, 11.000000, 0.273104, 0.012339, 0.026331, 0.081317
NGGNQEVEIAHcHK, Yes, 0.07131, 0.837516, 0.100681, 0.362222,  3,   531.57932,  33, 7390286.500000, 11.000000, 0.506979, 0.028722, 0.007311, 0.135305
AATIIATSEGSLWGLDR, Yes, 0.09071, 0.615337, 0.076686, 0.124561,  2,   880.96250,  34, 44426016.000000, 11.000000, -0.706681, 0.042982, 0.000000, 2.797256
QQPPDLVDFAVEYFTR, Yes, 0.15741, 0.988615, 0.024514, 0.137943,  3,   642.31951,  31, 9711449.000000, 11.000000, 0.934683, 0.021562, 0.109371, 0.205457
NLDQEQLSQVLDAMFEK, Yes, 0.24530, 0.967125, 0.021902, 0.055681,  3,   669.99457,  36, 4009506.500000, 10.000000, 0.934970, 0.030854, 0.175499, 0.315093
GQYFGELALVTNKPR, Yes, 0.05453, 0.909790, 0.027381, 0.183812,  3,   564.97377,  27, 125279480.000000, 11.000000, 0.763044, 0.009759, 0.032789, 0.076280
QQPPDLVDFAVEYFTR, Yes, 0.18695, 0.991893, 0.012754, 0.043912,  2,   962.97562,  31, 9249315.000000, 11.000000, 0.970110, 0.013181, 0.157581, 0.216321
NLDQEQLSQVLDAMFEK, Yes, 0.02965, 0.488881, 0.083752, 0.211454,  2,  1004.48822,  36, 2998110.500000, 10.000000, -0.203685, 0.019590, 0.000000, 4.083580


MeanRateConst/CorrCutOff, 0.161049, 0.900000


MedianRateConst/RMSSCutOff, 0.186951, 0.050000
StandDev/NumberPeptides, 0.015557, 4
TotalIonCurrent, 6.32853e+09
