Peptides, PeptideUnique, RateConstants, Correlations, RootMeanRSS, AbsoluteIsotopeError, Charge, m/z(Sequence), NEH, Abundance, NDP, Rsquared,sigma,CI lower band, CI upper band
PVFVSLR, Yes, 0.06635, 0.955926, 0.022240, 0.044229,  2,   409.25017,  10, 106994056.000000, 12.000000, 0.892098, 0.007716, 0.049372, 0.083337
LLGQEMDPLK, Yes, 13.73084, 0.296767, 0.082808, 0.411146,  2,   572.30754,  17, 82923640.000000, 12.000000, -0.990228, 300983.875000, 12.110842, 15.350830
ILVLNTPNNPLGK, Yes, 0.09038, 0.971064, 0.019824, 0.064057,  2,   696.91409,  17, 136701072.000000, 12.000000, 0.927964, 0.009132, 0.070285, 0.110482
DHMIQSLQSVGLK, Yes, 0.57535, 0.814548, 0.052850, 0.167150,  2,   728.38485,  24, 9111937.000000, 12.000000, 0.100158, 0.231254, 0.066362, 1.084337
GLSAIPVSTFYSQPH, Yes, 0.02973, 0.819542, 0.032651, 0.143030,  2,   802.40938,  29, 88498120.000000, 12.000000, 0.587701, 0.005025, 0.018670, 0.040789
SSMPDLPGAMDEPYDTR, Yes, 0.18099, 0.965583, 0.024007, 0.217320,  2,   941.40330,  35, 11970661.000000, 12.000000, 0.826182, 0.033298, 0.107705, 0.254282
PLIPQGSYFLIADISDFK, Yes, 0.20108, 0.995309, 0.013605, 0.101703,  3,   675.36282,  29, 5913602.500000, 12.000000, 0.970175, 0.018203, 0.161016, 0.241146
GQLGSSNDWQLDPTELASK, Yes, 0.11916, 0.987974, 0.016457, 0.083292,  2,  1023.49235,  38, 31758784.000000, 12.000000, 0.963361, 0.009670, 0.097876, 0.140443
DHMIQSLQSVGLKPLIPQGSYFLIADISDFK, Yes, 0.00000, -2.000000, 0.098620, 0.407409,  4,   865.96008,  54, 24511234.000000, 12.000000, -1.583134, 0.017857, 0.000000, 6.960682


MeanRateConst/CorrCutOff, 0.131595, 0.900000


MedianRateConst/RMSSCutOff, 0.119160, 0.050000
StandDev/NumberPeptides, 0.011696, 5
TotalIonCurrent, 1.29526e+10
