Peptides, PeptideUnique, RateConstants, Correlations, RootMeanRSS, AbsoluteIsotopeError, Charge, m/z(Sequence), NEH, Abundance, NDP, Rsquared,sigma,CI lower band, CI upper band
MQHLIAR, Yes, 0.04637, 0.788660, 0.051392, 0.042863,  2,   434.74471,  16, 22693512.000000, 12.000000, 0.260337, 0.009937, 0.024495, 0.068238
DAVLNAWAEDVDLR, Yes, 0.22060, 0.973280, 0.024211, 0.049884,  2,   793.89409,  29, 17944182.000000, 12.000000, 0.931930, 0.025273, 0.164974, 0.276225
GADFLVTEVENGGSLGSK, Yes, 0.05503, 0.837166, 0.044068, 0.206427,  2,   890.44161,  32, 46451828.000000, 12.000000, 0.519197, 0.011242, 0.030287, 0.079772
RFDEILEASDGIMVAR, Yes, 0.12219, 0.734264, 0.079930, 0.155260,  3,   607.97696,  35, 33394808.000000, 11.000000, 0.047816, 0.063811, 0.000000, 2.754259
FGVEQDVDMVFASFIR, Yes, 0.02770, 0.908237, 0.028906, 0.078395,  2,   930.45347,  28, 11696391.000000, 12.000000, 0.684411, 0.005525, 0.015542, 0.039862
FGVEQDVDMVFASFIR, Yes, 0.05401, 0.902437, 0.029185, 0.049552,  3,   620.63807,  28, 12608816.000000, 12.000000, 0.676649, 0.008623, 0.035036, 0.072993
EATESFASDPILYR, Yes, 0.12423, 0.974300, 0.052452, 0.095508,  2,   799.88846,  31, 46042620.000000, 11.000000, 0.266372, 0.039462, 0.036306, 0.212159
LDIDSAPITAR, Yes, 2.18786, 0.573252, 0.086036, 0.830805,  2,   586.31949,  23, 56468340.000000, 12.000000, -5.669437, 2.276198, 0.944833, 3.430883
NTGIIcTIGPASR, Yes, 0.04325, 0.834351, 0.043135, 0.074203,  2,   680.35609,  23, 46139332.000000, 12.000000, 0.237120, 0.009903, 0.021453, 0.065046
ITLDNAYMEK, Yes, 0.10621, 0.617211, 0.062873, 0.183063,  2,   599.29462,  15, 85842120.000000, 12.000000, -1.189074, 0.040122, 0.017900, 0.194518
AGKPVIcATQMLESMIK, Yes, 0.02747, 0.858428, 0.046387, 0.120242,  3,   626.32795,  31, 17195752.000000, 11.000000, 0.591155, 0.007454, 0.010856, 0.044075


MeanRateConst/CorrCutOff, 0.100772, 0.900000


MedianRateConst/RMSSCutOff, 0.054014, 0.050000
StandDev/NumberPeptides, 0.008914, 3
TotalIonCurrent, 1.04492e+10
