Peptides, PeptideUnique, RateConstants, Correlations, RootMeanRSS, AbsoluteIsotopeError, Charge, m/z(Sequence), NEH, Abundance, NDP, Rsquared,sigma,CI lower band, CI upper band
DYSGQTPLHVAAR, Yes, 0.06392, 0.930911, 0.063168, 0.302108,  2,   707.85731,  29, 101251376.000000, 8.000000, -1.668364, 0.020023, 0.016573, 0.111266
LSYVLGQPGLSLNDR, Yes, 0.75480, 0.972699, 0.027917, 0.068836,  2,   816.44121,  26, 43381500.000000, 8.000000, 0.584466, 0.247215, 0.170233, 1.339374
SHLVVHSSMEPDVGLLR, Yes, 0.18732, 0.960463, 0.038906, 0.159814,  3,   625.99637,  32, 12267944.000000, 8.000000, 0.836842, 0.050952, 0.066837, 0.307804


MeanRateConst/CorrCutOff, 0.335348, 0.900000


MedianRateConst/RMSSCutOff, 0.187321, 0.050000
StandDev/NumberPeptides, 0.040753, 2
TotalIonCurrent, 4.29924e+09
