Peptides, PeptideUnique, RateConstants, Correlations, RootMeanRSS, AbsoluteIsotopeError, Charge, m/z(Sequence), NEH, Abundance, NDP, Rsquared,sigma,CI lower band, CI upper band
EPIMPAPGQEETVR, Yes, 0.11390, 0.941726, 0.041090, 0.064735,  2,   777.38504,  35, 5169700.500000, 8.000000, 0.750651, 0.025493, 0.053615, 0.174176
YMAGPSSGQIYGPGPR, Yes, 0.03219, 0.940429, 0.064909, 0.361394,  2,   819.39066,  35, 6398973.500000, 4.000000, 0.231605, 0.035978, 0.000000, 4.973166
YYEPYYAAGPSYGGR, Yes, 0.16017, 0.962411, 0.027025, 0.164035,  2,   857.38080,  31, 7793022.000000, 9.000000, 0.825631, 0.026064, 0.100068, 0.220277
SEGDTAYGQQVQPNTWK, Yes, 0.26364, 0.806241, 0.072928, 0.353448,  2,   954.93976,  34, 3500827.000000, 9.000000, -0.520187, 0.153838, 0.000000, 2.638816
MLYDMENPPADDYFGR, Yes, 0.04719, 0.680821, 0.101701, 0.489839,  2,   967.40838,  30, 3933943.500000, 5.000000, 0.182475, 0.054642, 0.000000, 2.825323
TYITDPVSAPcAPPLQPK, Yes, 0.04197, 0.683754, 0.065426, 0.344643,  2,   978.00078,  34, 4818649.500000, 6.000000, 0.191102, 0.035500, 0.000000, 4.251581
SAQPSPHYMAGPSSGQIYGPGPR, Yes, 0.12142, 0.926967, 0.040755, 0.313896,  3,   781.37093,  56, 6758109.000000, 9.000000, 0.553086, 0.039607, 0.030085, 0.212751


MeanRateConst/CorrCutOff, 0.131829, 0.900000


MedianRateConst/RMSSCutOff, 0.121418, 0.050000
StandDev/NumberPeptides, 0.029171, 3
TotalIonCurrent, 9.93266e+08
