Peptides, PeptideUnique, RateConstants, Correlations, RootMeanRSS, AbsoluteIsotopeError, Charge, m/z(Sequence), NEH, Abundance, NDP, Rsquared,sigma,CI lower band, CI upper band
ISTGVFGYPNEEAAEVVLASLR, Yes, 0.06201, 0.895734, 0.034196, 0.110470,  3,   774.73738,  45, 9269048.000000, 9.000000, 0.360347, 0.020272, 0.015264, 0.108757
YVIHTVGPIAVGQPTASQAAELR, Yes, 0.15486, 0.994009, 0.009575, 0.096225,  3,   793.43241,  51, 43707444.000000, 9.000000, 0.981188, 0.009703, 0.132481, 0.177233
LEVDAIVNAANSSLLGGGGVDGcIHR, Yes, 0.03856, 0.914430, 0.035969, 0.088090,  3,   865.43789,  52, 32251570.000000, 9.000000, 0.500992, 0.016603, 0.000271, 0.076844
AAGSLLTDEcR, Yes, 0.49302, 0.912483, 0.056648, 0.097457,  2,   596.78496,  24, 98920296.000000, 9.000000, 0.747852, 0.150956, 0.144910, 0.841120


MeanRateConst/CorrCutOff, 0.096707, 0.900000


MedianRateConst/RMSSCutOff, 0.154857, 0.050000
StandDev/NumberPeptides, 0.012248, 2
TotalIonCurrent, 4.87934e+09
