Peptides, PeptideUnique, RateConstants, Correlations, RootMeanRSS, AbsoluteIsotopeError, Charge, m/z(Sequence), NEH, Abundance, NDP, Rsquared,sigma,CI lower band, CI upper band
QIDLSTVDLK, Yes, 0.27461, 0.965636, 0.020780, 0.133668,  2,   566.31643,  13, 106844680.000000, 12.000000, 0.911442, 0.035774, 0.195877, 0.353352
ILDDWGEMcK, Yes, 0.25144, 0.978245, 0.021996, 0.151649,  2,   633.77829,  14, 54206316.000000, 12.000000, 0.942606, 0.033057, 0.178682, 0.324198
LcYYIGATDDAATK, Yes, 0.23143, 0.992066, 0.018230, 0.158811,  2,   781.36377,  22, 55968112.000000, 12.000000, 0.967860, 0.021876, 0.183281, 0.279578
DVTFSPATIEEELIK, Yes, 0.03082, 0.150490, 0.076942, 0.135071,  2,   846.44053,  27, 24252806.000000, 12.000000, -0.667126, 0.012067, 0.004256, 0.057376
LRPGDcEVcISYLGR, Yes, 0.18439, 0.992077, 0.011464, 0.029046,  3,   598.95903,  28, 78180600.000000, 12.000000, 0.966234, 0.013701, 0.154234, 0.214544
IINEVSKPLAHHIPVEK, Yes, 0.18524, 0.979005, 0.018094, 0.120227,  3,   642.03866,  33, 20835578.000000, 12.000000, 0.948181, 0.018424, 0.144686, 0.225787
IINEVSKPLAHHIPVEK, Yes, 0.22397, 0.967853, 0.023359, 0.101474,  4,   481.78081,  33, 26479546.000000, 12.000000, 0.896343, 0.029393, 0.159280, 0.288669


MeanRateConst/CorrCutOff, 0.225180, 0.900000


MedianRateConst/RMSSCutOff, 0.231429, 0.050000
StandDev/NumberPeptides, 0.022624, 6
TotalIonCurrent, 1.51437e+10
