Peptides, PeptideUnique, RateConstants, Correlations, RootMeanRSS, AbsoluteIsotopeError, Charge, m/z(Sequence), NEH, Abundance, NDP, Rsquared,sigma,CI lower band, CI upper band
NLDDLTLLK, Yes, 0.63320, 0.804418, 0.035786, 0.155884,  2,   522.80040,  8, 61049768.000000, 11.000000, -0.428108, 0.267058, 0.038159, 1.228244
NcIAQTSAVVK, Yes, 0.03161, 0.908296, 0.024717, 0.061452,  2,   595.81353,  20, 624062336.000000, 11.000000, 0.766885, 0.003923, 0.022874, 0.040356
WMQSELNVEEVVNDR, Yes, 0.08392, 0.958724, 0.031383, 0.114504,  2,   924.43325,  30, 16737966.000000, 10.000000, 0.761011, 0.016115, 0.047464, 0.120372
IVHELNTTVPTASFAGK, Yes, 0.01285, 0.579144, 0.068650, 0.144217,  3,   595.65623,  28, 154900096.000000, 11.000000, -0.031151, 0.009369, 0.000000, 4.372064


MeanRateConst/CorrCutOff, 0.057766, 0.900000


MedianRateConst/RMSSCutOff, 0.083918, 0.050000
StandDev/NumberPeptides, 0.006310, 2
TotalIonCurrent, 1.27774e+10
