Peptides, PeptideUnique, RateConstants, Correlations, RootMeanRSS, AbsoluteIsotopeError, Charge, m/z(Sequence), NEH, Abundance, NDP, Rsquared,sigma,CI lower band, CI upper band
VLLGPVAFK, Yes, 0.06828, 0.595422, 0.062999, 0.204482,  2,   472.30240,  11, 8615930.000000, 10.000000, -0.516083, 0.026174, 0.009069, 0.127486
ADLLTTEEILTLAR, Yes, 0.31589, 0.965598, 0.034215, 0.161565,  2,   779.93796,  25, 9986110.000000, 10.000000, 0.868546, 0.073972, 0.148557, 0.483230
VAVASAMVLLGPVAFK, Yes, 0.09927, 0.994085, 0.021150, 0.144888,  2,   786.96274,  28, 16891856.000000, 10.000000, 0.956647, 0.011676, 0.072853, 0.125678
GPTGVEMEALTSAAMAALTVYDMcK, Yes, 0.10687, 0.974896, 0.013911, 0.066952,  3,   873.07206,  47, 4118812.000000, 10.000000, 0.943387, 0.012044, 0.079623, 0.134116


MeanRateConst/CorrCutOff, 0.174010, 0.900000


MedianRateConst/RMSSCutOff, 0.106870, 0.050000
StandDev/NumberPeptides, 0.016466, 3
TotalIonCurrent, 9.76171e+08
