Peptides, PeptideUnique, RateConstants, Correlations, RootMeanRSS, AbsoluteIsotopeError, Charge, m/z(Sequence), NEH, Abundance, NDP, Rsquared,sigma,CI lower band, CI upper band
GVAPLWMR, Yes, 0.11114, 0.981001, 0.017742, 0.073601,  2,   465.25492,  14, 593718080.000000, 12.000000, 0.950345, 0.009544, 0.090136, 0.132147
GSTASQVLQR, Yes, 0.37466, 0.951639, 0.047528, 0.340780,  2,   523.78309,  23, 536515232.000000, 12.000000, 0.716456, 0.076418, 0.206463, 0.542854
EEGLNAFYK, Yes, 0.14707, 0.989086, 0.019142, 0.076654,  2,   535.76127,  17, 385670240.000000, 12.000000, 0.965082, 0.012748, 0.119014, 0.175130
GIFNGFSITLK, Yes, 0.09267, 0.938631, 0.025013, 0.079957,  2,   598.83733,  12, 169993920.000000, 12.000000, 0.222541, 0.032314, 0.021546, 0.163793
AVEEYScEFGSMK, Yes, 0.12803, 0.998492, 0.014352, 0.055203,  2,   768.82088,  27, 66938396.000000, 12.000000, 0.987102, 0.006494, 0.113741, 0.142329
ALYSNILGEENTYLWR, Yes, 0.09355, 0.971830, 0.018063, 0.078987,  2,   971.48887,  27, 69883304.000000, 12.000000, 0.935185, 0.009023, 0.073688, 0.113409
YYALcGFGGVLScGLTHTAVVPLDLVK, Yes, 0.12657, 0.990296, 0.006019, 0.042426,  3,   970.83461,  36, 15258256.000000, 12.000000, 0.953150, 0.010030, 0.104490, 0.148643
FGFYEVFK, Yes, 0.16122, 0.990162, 0.015437, 0.022465,  2,   518.76056,  8, 174071056.000000, 12.000000, 0.945905, 0.019750, 0.117746, 0.204685
MYKEEGLNAFYK, Yes, 0.06098, 0.215485, 0.108328, 0.190107,  2,   746.86065,  19, 33024304.000000, 12.000000, -0.380297, 0.037063, 0.000000, 3.373579
TAVVPLDLVK, Yes, 0.12194, 0.980759, 0.016489, 0.045719,  2,   527.82898,  12, 126162040.000000, 12.000000, 0.952853, 0.011234, 0.097214, 0.146667


MeanRateConst/CorrCutOff, 0.117282, 0.900000


MedianRateConst/RMSSCutOff, 0.121941, 0.050000
StandDev/NumberPeptides, 0.010484, 7
TotalIonCurrent, 5.53924e+10
