Peptides, PeptideUnique, RateConstants, Correlations, RootMeanRSS, AbsoluteIsotopeError, Charge, m/z(Sequence), NEH, Abundance, NDP, Rsquared,sigma,CI lower band, CI upper band
QGNDFGTQYR, Yes, 0.20335, 0.680678, 0.085570, 0.053455,  2,   593.26780,  20, 234432064.000000, 12.000000, -0.178815, 0.092275, 0.000257, 0.406450
HNFGPITTDIR, Yes, 0.51619, 0.974669, 0.022640, 0.087248,  3,   424.22281,  17, 127009056.000000, 12.000000, 0.868081, 0.080136, 0.339810, 0.692564
HNFGPITTDIR, Yes, 0.28117, 0.983013, 0.019373, 0.058343,  2,   635.83057,  17, 199383248.000000, 12.000000, 0.925668, 0.031670, 0.211464, 0.350873
GVYSTQVGFAGGHTR, Yes, 0.22751, 0.919865, 0.041931, 0.038477,  3,   512.92332,  27, 70171248.000000, 12.000000, 0.422530, 0.068555, 0.076624, 0.378400
GVYSTQVGFAGGHTR, Yes, 0.02733, -0.071706, 0.112957, 0.044861,  2,   768.88134,  27, 40232840.000000, 12.000000, -0.634942, 0.014385, 0.000000, 2.996747
YAEDYHQQYLSK, Yes, 0.27318, 0.942825, 0.034277, 0.127547,  2,   772.85442,  25, 3340753.750000, 12.000000, 0.622727, 0.103008, 0.046458, 0.499894
VFWENHDPTQGMR, Yes, 0.15887, 0.989377, 0.013193, 0.044033,  3,   539.58067,  24, 219878656.000000, 12.000000, 0.970659, 0.011375, 0.133831, 0.183905
VFWENHDPTQGMR, Yes, 0.13685, 0.954058, 0.030740, 0.207576,  2,   808.86736,  24, 17794254.000000, 12.000000, 0.883616, 0.021253, 0.090071, 0.183625
SAVYPTSAVQMEAALR, Yes, 0.04573, 0.957035, 0.023334, 0.057303,  2,   847.43252,  38, 205710704.000000, 12.000000, 0.889132, 0.004264, 0.036346, 0.055118
NPDGYcGLGGTGVScPMAIK, Yes, 0.17717, 0.990645, 0.012428, 0.038833,  2,  1027.46065,  33, 37420404.000000, 12.000000, 0.977220, 0.011467, 0.151929, 0.202405
EGQVFYYAEDYHQQYLSK, Yes, 0.22487, 0.997759, 0.005084, 0.025736,  3,   756.67964,  36, 120716024.000000, 12.000000, 0.994944, 0.007559, 0.208230, 0.241504
EGQVFYYAEDYHQQYLSK, Yes, 0.14707, 0.895254, 0.035525, 0.234690,  2,  1134.51582,  36, 4647048.500000, 10.000000, 0.576040, 0.044816, 0.045693, 0.248455
TVEPFPEGTQMAVFGMGcFWGAER, Yes, 0.19843, 0.985136, 0.009891, 0.119960,  3,   902.07129,  47, 5084250.000000, 12.000000, 0.961936, 0.016202, 0.162772, 0.234092


MeanRateConst/CorrCutOff, 0.209755, 0.900000


MedianRateConst/RMSSCutOff, 0.224867, 0.050000
StandDev/NumberPeptides, 0.016947, 8
TotalIonCurrent, 4.84826e+10
