Peptides, PeptideUnique, RateConstants, Correlations, RootMeanRSS, AbsoluteIsotopeError, Charge, m/z(Sequence), NEH, Abundance, NDP, Rsquared,sigma,CI lower band, CI upper band
HVLVTLGEK, Yes, 0.76020, 0.882861, 0.089081, 0.041653,  2,   498.29784,  11, 302753856.000000, 12.000000, 0.457176, 0.536015, 0.000000, 4.325202
EAFQLFDR, Yes, 0.56889, 0.959298, 0.026779, 0.135358,  2,   513.25617,  18, 154806736.000000, 12.000000, 0.899842, 0.086543, 0.378411, 0.759369
EGNGTVMGAEIR, Yes, 0.35134, 0.960319, 0.038878, 0.148523,  2,   617.29824,  26, 53050812.000000, 12.000000, 0.869355, 0.063908, 0.210682, 0.492004
ILYSQcGDVMR, Yes, 0.31160, 0.977179, 0.018909, 0.010184,  2,   671.31812,  19, 159746832.000000, 12.000000, 0.939734, 0.034165, 0.236404, 0.386796
ALGQNPTNAEVLK, Yes, 0.48413, 0.979515, 0.023006, 0.018176,  2,   677.86988,  26, 160177392.000000, 12.000000, 0.930668, 0.059305, 0.353603, 0.614663


MeanRateConst/CorrCutOff, 0.428991, 0.900000


MedianRateConst/RMSSCutOff, 0.484133, 0.050000
StandDev/NumberPeptides, 0.054545, 4
TotalIonCurrent, 3.01355e+10
