Peptides, PeptideUnique, RateConstants, Correlations, RootMeanRSS, AbsoluteIsotopeError, Charge, m/z(Sequence), NEH, Abundance, NDP, Rsquared,sigma,CI lower band, CI upper band
SEVPLVDVTK, Yes, 0.09490, 0.907609, 0.038251, 0.153488,  2,   543.80570,  14, 89076904.000000, 11.000000, 0.736035, 0.020413, 0.049415, 0.140381
VNGVDDAANFR, Yes, 0.66855, 0.484638, 0.066688, 0.515668,  2,   589.28345,  22, 19297230.000000, 10.000000, -1.132362, 0.422560, 0.000000, 1.796164
YMDIEFDFK, Yes, 0.33179, 0.979198, 0.026070, 0.166272,  2,   604.27063,  11, 15083199.000000, 11.000000, 0.902156, 0.070889, 0.173836, 0.489737
LLQSNPVLEAFGNAK, No, 0.16594, 0.988515, 0.015902, 0.049358,  2,   800.93829,  30, 21533974.000000, 11.000000, 0.970811, 0.012097, 0.138986, 0.192894
LNQVcATHQHFESR, Yes, 0.45017, 0.988289, 0.015354, 0.086113,  4,   432.45741,  32, 6215138.000000, 11.000000, 0.971086, 0.038919, 0.363449, 0.536882
LNQVcATHQHFESR, Yes, 0.37568, 0.992459, 0.012745, 0.112578,  3,   576.27412,  32, 4566562.000000, 11.000000, 0.975948, 0.027709, 0.313937, 0.437417
IFLLTNNNLLLADQK, Yes, 0.37794, 0.976197, 0.016598, 0.197323,  2,   865.49597,  20, 17051520.000000, 11.000000, 0.951672, 0.045558, 0.276431, 0.479448
GDFLFSSDHLIEMATK, Yes, 0.44916, 0.965229, 0.021379, 0.071907,  3,   604.29419,  26, 10356031.000000, 11.000000, 0.929669, 0.068418, 0.296716, 0.601605
EQLLQSNPVLEAFGNAK, Yes, 0.00419, -0.389544, 0.093597, 0.085155,  2,   929.48887,  38, 22703904.000000, 11.000000, -0.214817, 0.007900, 0.000000, 3.797416
NFHVFYQLLSGASEELLYK, Yes, 1.04509, 0.978644, 0.018102, 0.123255,  3,   753.38791,  32, 11753908.000000, 11.000000, -0.006565, 1.657376, 0.000000, 4.274716


MeanRateConst/CorrCutOff, 0.396946, 0.900000


MedianRateConst/RMSSCutOff, 0.377940, 0.050000
StandDev/NumberPeptides, 0.044462, 5
TotalIonCurrent, 6.32096e+09
