Peptides, PeptideUnique, RateConstants, Correlations, RootMeanRSS, AbsoluteIsotopeError, Charge, m/z(Sequence), NEH, Abundance, NDP, Rsquared,sigma,CI lower band, CI upper band
VYSYFEcR, Yes, 0.39971, 0.973751, 0.016572, 0.253134,  2,   562.24749,  13, 35146276.000000, 12.000000, 0.931180, 0.048504, 0.292953, 0.506469
YLLETSGNLDGLEYK, Yes, 0.36097, 0.981755, 0.016858, 0.054778,  2,   857.93033,  22, 153572592.000000, 12.000000, 0.960384, 0.038251, 0.276778, 0.445156
YEETVFYGLQYILNK, Yes, 0.07698, 0.724097, 0.038032, 0.532394,  3,   627.32072,  20, 36616516.000000, 12.000000, 0.353656, 0.038203, 0.000000, 2.719461
YEETVFYGLQYILNK, Yes, 0.01439, 0.877752, 0.059900, 0.361837,  2,   940.47744,  20, 295694688.000000, 12.000000, 0.169782, 0.008809, 0.000000, 4.181608
GVSSQETAGIGASAHLVNFK, Yes, 0.21126, 0.955996, 0.029914, 0.108158,  3,   658.34108,  42, 17901910.000000, 12.000000, 0.888988, 0.031511, 0.141908, 0.280617
KFPVTENSK, Yes, 0.10942, 0.842883, 0.045471, 0.077911,  2,   525.28493,  13, 17360912.000000, 12.000000, 0.349972, 0.026647, 0.050769, 0.168067


MeanRateConst/CorrCutOff, 0.323980, 0.900000


MedianRateConst/RMSSCutOff, 0.360967, 0.050000
StandDev/NumberPeptides, 0.038219, 3
TotalIonCurrent, 1.22657e+10
