Peptides, PeptideUnique, RateConstants, Correlations, RootMeanRSS, AbsoluteIsotopeError, Charge, m/z(Sequence), NEH, Abundance, NDP, Rsquared,sigma,CI lower band, CI upper band
LHHAVIPHGK, Yes, 0.08582, 0.961430, 0.027061, 0.155142,  2,   554.82235,  19, 1421278.625000, 12.000000, 0.876912, 0.010735, 0.062196, 0.109453
SVFPEAIIIR, Yes, 0.10170, 0.983445, 0.019808, 0.089707,  2,   572.83986,  20, 47163132.000000, 12.000000, 0.958499, 0.008197, 0.083653, 0.119738
cDVYDIMHLR, Yes, 0.08910, 0.962375, 0.026498, 0.101922,  3,   441.20577,  15, 21081390.000000, 12.000000, 0.890911, 0.012019, 0.062645, 0.115550
FIHVSHLNASMK, Yes, 0.02489, 0.996052, 0.046716, 0.229251,  2,   692.36371,  21, 54922068.000000, 4.000000, 0.743688, 0.010547, 0.000000, 0.606860
WFLAVPLVSLGFK, Yes, 0.11952, 0.976373, 0.018549, 0.079175,  2,   738.93431,  15, 9974202.000000, 12.000000, 0.930234, 0.014434, 0.087756, 0.151293
AVQHSNVVINLIGR, Yes, 0.17338, 0.994081, 0.011966, 0.012261,  3,   507.29496,  26, 52834480.000000, 12.000000, 0.982654, 0.009403, 0.152689, 0.194079
AVQHSNVVINLIGR, Yes, 0.07657, 0.903639, 0.055969, 0.182592,  2,   760.43880,  26, 6230628.500000, 12.000000, 0.748602, 0.017066, 0.039011, 0.114134
LFGLSPFEPWTTK, Yes, 0.16076, 0.993847, 0.010273, 0.059638,  2,   761.90066,  16, 51566836.000000, 12.000000, 0.981241, 0.010255, 0.138186, 0.183329
NFDFEDVFVNIPR, Yes, 0.12448, 0.960389, 0.021786, 0.064360,  2,   806.39374,  20, 47568816.000000, 12.000000, 0.914679, 0.014576, 0.092399, 0.156561
SSVSGVVATVFGATGFLGR, Yes, 0.09708, 0.967831, 0.029148, 0.125100,  3,   604.65987,  31, 8929003.000000, 12.000000, 0.310862, 0.033316, 0.023752, 0.170406
LMGDLGQLTFLEWDAR, Yes, 0.21022, 0.995274, 0.008038, 0.061831,  2,   932.96673,  27, 28530694.000000, 12.000000, 0.990459, 0.009473, 0.189370, 0.231071
LMGDLGQLTFLEWDAR, Yes, 0.13900, 0.960301, 0.039922, 0.259591,  3,   622.31358,  27, 4971433.000000, 12.000000, 0.665756, 0.045714, 0.038388, 0.239619
IHISDVMPTDLPGLEDLGVQPTPLELK, Yes, 0.00000, -2.000000, 0.039090, 0.083356,  3,   976.51933,  45, 14249829.000000, 12.000000, -0.008321, 0.005280, 0.000000, 4.239267


MeanRateConst/CorrCutOff, 0.114683, 0.900000


MedianRateConst/RMSSCutOff, 0.119524, 0.050000
StandDev/NumberPeptides, 0.013660, 8
TotalIonCurrent, 1.14635e+10
