Peptides, PeptideUnique, RateConstants, Correlations, RootMeanRSS, AbsoluteIsotopeError, Charge, m/z(Sequence), NEH, Abundance, NDP, Rsquared,sigma,CI lower band, CI upper band
LGPNEQYK, Yes, 0.22384, 0.991766, 0.015247, 0.056898,  2,   474.74289,  16, 664456960.000000, 11.000000, 0.973258, 0.017410, 0.185047, 0.262631
KNNPEPWNK, Yes, 0.21392, 0.955798, 0.033354, 0.138723,  2,   563.78561,  15, 54916044.000000, 11.000000, 0.711085, 0.037982, 0.129292, 0.298550
FYSVNVDYSK, Yes, 0.29641, 0.995980, 0.014069, 0.035463,  2,   611.29295,  11, 826553728.000000, 11.000000, 0.971284, 0.029143, 0.231478, 0.361349
LALFNPDVSWDR, Yes, 0.03982, 0.953834, 0.070889, 0.251134,  2,   716.86461,  20, 3019789568.000000, 11.000000, 0.615151, 0.014124, 0.008347, 0.071287


MeanRateConst/CorrCutOff, 0.244724, 0.900000


MedianRateConst/RMSSCutOff, 0.223839, 0.050000
StandDev/NumberPeptides, 0.025407, 3
TotalIonCurrent, 8.98162e+10
