Peptides, PeptideUnique, RateConstants, Correlations, RootMeanRSS, AbsoluteIsotopeError, Charge, m/z(Sequence), NEH, Abundance, NDP, Rsquared,sigma,CI lower band, CI upper band
EGDLPPLWWH, Yes, 0.14162, 0.987410, 0.014174, 0.121658,  2,   625.30366,  17, 68861824.000000, 12.000000, 0.967790, 0.010733, 0.118003, 0.165247
EGDLPPLWWHIVTR, Yes, 0.07435, 0.979855, 0.015334, 0.085063,  3,   573.63862,  22, 141626928.000000, 12.000000, 0.944377, 0.006270, 0.060550, 0.088152
VPEWcLDYWHPSEK, Yes, 0.12454, 0.992863, 0.008996, 0.040006,  3,   615.94701,  24, 117331200.000000, 12.000000, 0.985098, 0.006127, 0.111050, 0.138020
EAEEEFWQNQHPQPY, Yes, 0.12811, 0.996189, 0.009150, 0.096071,  2,   966.41337,  42, 30086854.000000, 12.000000, 0.988789, 0.005705, 0.115553, 0.140665


MeanRateConst/CorrCutOff, 0.117155, 0.900000


MedianRateConst/RMSSCutOff, 0.128109, 0.050000
StandDev/NumberPeptides, 0.006766, 4
TotalIonCurrent, 1.47096e+10
