Peptides, PeptideUnique, RateConstants, Correlations, RootMeanRSS, AbsoluteIsotopeError, Charge, m/z(Sequence), NEH, Abundance, NDP, Rsquared,sigma,CI lower band, CI upper band
EDAIAFAEK, Yes, 0.22778, 0.995536, 0.016351, 0.031809,  2,   497.24800,  23, 210499024.000000, 6.000000, 0.979884, 0.020894, 0.174069, 0.281487
SYGANFSWNK, Yes, 0.08027, 0.969155, 0.029493, 0.047492,  2,   587.26980,  16, 168577616.000000, 6.000000, 0.320090, 0.030799, 0.001104, 0.159444
WENPLMGWASTADPLSNMVLTFSAK, Yes, 0.19140, 0.984246, 0.008006, 0.073218,  2,  1383.66692,  42, 2928341.000000, 6.000000, 0.778707, 0.053400, 0.054134, 0.328674
LDITTLTGVPEEHIK, Yes, 0.13217, 0.967970, 0.039620, 0.205365,  2,   833.45653,  22, 8346731.500000, 6.000000, 0.861151, 0.047894, 0.009052, 0.255284


MeanRateConst/CorrCutOff, 0.157906, 0.900000


MedianRateConst/RMSSCutOff, 0.191404, 0.050000
StandDev/NumberPeptides, 0.033351, 4
TotalIonCurrent, 3.61211e+09
