Peptides, PeptideUnique, RateConstants, Correlations, RootMeanRSS, AbsoluteIsotopeError, Charge, m/z(Sequence), NEH, Abundance, NDP, Rsquared,sigma,CI lower band, CI upper band
QHGDVVSAIK, Yes, 0.31339, 0.968114, 0.046101, 0.066910,  2,   527.28801,  20, 30781592.000000, 11.000000, 0.648909, 0.076417, 0.143126, 0.483663
IVEVNGVcMEGK, Yes, 0.26419, 0.989063, 0.016369, 0.161817,  2,   667.82578,  19, 96759408.000000, 11.000000, 0.975895, 0.021183, 0.216988, 0.311385
AVDPDSPAEASGLR, Yes, 7.12550, 0.930398, 0.120928, 1.254763,  2,   692.83878,  36, 49825980.000000, 11.000000, -36.767662, 395.824432, 5.478139, 8.772859
LLVVDKETDEFFK, Yes, 0.48328, 0.973296, 0.027918, 0.100424,  3,   528.28362,  15, 39561928.000000, 11.000000, 0.731048, 0.147166, 0.155376, 0.811188


MeanRateConst/CorrCutOff, 0.353621, 0.900000


MedianRateConst/RMSSCutOff, 0.313394, 0.050000
StandDev/NumberPeptides, 0.044717, 3
TotalIonCurrent, 1.35544e+10
