Peptides, PeptideUnique, RateConstants, Correlations, RootMeanRSS, AbsoluteIsotopeError, Charge, m/z(Sequence), NEH, Abundance, NDP, Rsquared,sigma,CI lower band, CI upper band
VQVVVPEAETR, Yes, 0.18802, 0.978674, 0.031212, 0.145725,  2,   613.84060,  24, 23530138.000000, 12.000000, 0.888903, 0.022453, 0.138603, 0.237442
GLLPGcMYHVQLK, Yes, 0.15432, 0.950840, 0.024345, 0.122892,  3,   505.93187,  19, 52683488.000000, 12.000000, 0.886853, 0.020549, 0.109094, 0.199549
IEPPLGWSFEPTNVELR, Yes, 0.02435, 0.969986, 0.043781, 0.241767,  2,   992.51236,  32, 19653914.000000, 12.000000, 0.627030, 0.006821, 0.009341, 0.039368
AEDDQPLPGVLLSLSGGVFR, Yes, 0.11032, 0.987993, 0.013249, 0.136169,  3,   690.70039,  39, 4031813.250000, 12.000000, 0.972656, 0.007218, 0.094430, 0.126202
AEDDQPLPGVLLSLSGGVFR, Yes, 0.07089, 0.953433, 0.029439, 0.058451,  2,  1035.54694,  39, 6872515.500000, 12.000000, 0.635799, 0.010092, 0.048675, 0.093099
FEQAFYTYDTSSPSILTLTAIR, Yes, 0.00000, -2.000000, 0.095741, 0.277620,  2,  1262.63393,  37, 8869061.000000, 12.000000, -3.277571, 0.011028, 0.000000, 6.090055
FEQAFYTYDTSSPSILTLTAIR, Yes, 0.00885, 0.847004, 0.034310, 0.065645,  3,   842.09171,  37, 26712154.000000, 12.000000, 0.252504, 0.004784, 0.000000, 4.093738
QINQFDLSGNVITSSEYLSTLWVK, Yes, 0.04720, 0.470697, 0.040924, 0.108229,  3,   914.80434,  36, 4724875.000000, 12.000000, -1.002198, 0.017994, 0.007597, 0.086805
SESLDNPIQTVSLGQSLFFHFPPLLR, Yes, 0.00267, 0.909682, 0.031941, 0.153475,  3,   981.51854,  47, 10381719.000000, 12.000000, -0.232345, 0.004603, 0.000000, 4.360937
GQPLGPAGVQVSLR, Yes, 0.07603, 0.985571, 0.019695, 0.082988,  2,   689.89370,  31, 36156436.000000, 12.000000, 0.964417, 0.005143, 0.064713, 0.087350
FLLFSSLVNK, Yes, 0.03309, 0.924083, 0.024381, 0.070326,  2,   584.34224,  10, 40633352.000000, 12.000000, 0.683256, 0.006278, 0.019267, 0.046905
VIEVGNNDVDDVNIIVFR, Yes, 0.01480, 0.583908, 0.037527, 0.263221,  2,  1015.53129,  26, 2154490.000000, 6.000000, 0.098859, 0.026120, 0.000000, 4.346437


MeanRateConst/CorrCutOff, 0.035980, 0.900000


MedianRateConst/RMSSCutOff, 0.033086, 0.050000
StandDev/NumberPeptides, 0.005850, 6
TotalIonCurrent, 6.96388e+09
