Peptides, PeptideUnique, RateConstants, Correlations, RootMeanRSS, AbsoluteIsotopeError, Charge, m/z(Sequence), NEH, Abundance, NDP, Rsquared,sigma,CI lower band, CI upper band
HSGQDVHVVLK, Yes, 0.20702, 0.976449, 0.022091, 0.040290,  3,   406.89117,  19, 23891022.000000, 11.000000, 0.941654, 0.022428, 0.157047, 0.256993
LGAAPEEESAYVAGER, Yes, 0.00000, -2.000000, 0.082999, 0.139094,  2,   824.89427,  46, 27463974.000000, 11.000000, -0.000050, 0.005562, 0.000000, 4.237621
SYQDPSNAQFLESIR, Yes, 0.16713, 0.931810, 0.035585, 0.122230,  2,   877.92083,  35, 27875674.000000, 11.000000, 0.771043, 0.031856, 0.096146, 0.238107
ASSSILINEAEPTTNIQIR, Yes, 0.13707, 0.952119, 0.041944, 0.260574,  2,  1029.04728,  42, 7750251.000000, 8.000000, 0.779373, 0.038239, 0.046648, 0.227490


MeanRateConst/CorrCutOff, 0.170405, 0.900000


MedianRateConst/RMSSCutOff, 0.167126, 0.050000
StandDev/NumberPeptides, 0.029375, 3
TotalIonCurrent, 2.84065e+09
