Peptides, PeptideUnique, RateConstants, Correlations, RootMeanRSS, AbsoluteIsotopeError, Charge, m/z(Sequence), NEH, Abundance, NDP, Rsquared,sigma,CI lower band, CI upper band
DHAcALAISSTK, Yes, 0.13607, 0.904282, 0.069600, 0.584249,  2,   637.31389,  25, 35413076.000000, 12.000000, -1.084013, 0.036055, 0.056713, 0.215426
GESGIVSVVGDEYK, Yes, 0.13833, 0.952936, 0.030429, 0.085075,  2,   719.85665,  24, 26850494.000000, 12.000000, 0.902643, 0.017272, 0.100315, 0.176348
HSVSTAcTTGAHAVGDSFR, Yes, 0.08617, 0.895812, 0.095348, 0.261061,  3,   654.30253,  38, 3023634.750000, 10.000000, 0.622928, 0.039175, 0.000000, 3.163049
GPNHSVSTAcTTGAHAVGDSFR, Yes, 0.06917, 0.908784, 0.033752, 0.143967,  3,   743.67491,  45, 4323325.500000, 12.000000, 0.491370, 0.014834, 0.036517, 0.101814
VVITGIGLVTPLGVGTQLVWDR, Yes, 0.13599, 0.981560, 0.013245, 0.117642,  3,   765.11414,  27, 10135471.000000, 11.000000, 0.958810, 0.012346, 0.108484, 0.163503
VVITGIGLVTPLGVGTQLVWDR, Yes, 0.03752, 0.818543, 0.033709, 0.216948,  2,  1147.16758,  27, 1268365.875000, 11.000000, 0.400030, 0.011138, 0.012700, 0.062333
DAGVSPEQISYVNAHATSTPLGDAAENR, Yes, 0.06386, 0.921352, 0.025374, 0.165125,  3,   957.45655,  66, 6713944.500000, 7.000000, 0.525730, 0.021785, 0.010557, 0.117169
IYAEILGYGLSGDAGHITAPDPEGEGALR, Yes, 0.00000, -2.000000, 0.062198, 0.230461,  3,   981.48919,  63, 7993574.000000, 9.000000, -0.016864, 0.015630, 0.000000, 4.718328
EADQVATGVAIGMGMVPLEVISETALLFQTK, Yes, 0.05256, 0.859899, 0.032110, 0.172012,  3,  1073.56109,  58, 1294195.125000, 12.000000, 0.340306, 0.018039, 0.012860, 0.092266


MeanRateConst/CorrCutOff, 0.101838, 0.900000


MedianRateConst/RMSSCutOff, 0.135993, 0.050000
StandDev/NumberPeptides, 0.015860, 4
TotalIonCurrent, 3.86084e+09
