Peptides, PeptideUnique, RateConstants, Correlations, RootMeanRSS, AbsoluteIsotopeError, Charge, m/z(Sequence), NEH, Abundance, NDP, Rsquared,sigma,CI lower band, CI upper band
EMNLSETAFVR, Yes, 0.19364, 0.991359, 0.016027, 0.088871,  2,   648.81626,  22, 144154768.000000, 12.000000, 0.975085, 0.014766, 0.161136, 0.226135
TLDEDAHQDIAR, Yes, 0.13619, 0.975894, 0.031995, 0.177867,  2,   692.32858,  29, 32116442.000000, 12.000000, 0.628524, 0.037321, 0.054046, 0.218331
TLDEDAHQDIAR, Yes, 0.26118, 0.986932, 0.019328, 0.047119,  3,   461.88815,  29, 114487464.000000, 12.000000, 0.968119, 0.021174, 0.214581, 0.307787
LQPTDDFTQSSR, Yes, 0.16338, 0.994093, 0.016790, 0.090521,  2,   697.83097,  24, 135378656.000000, 12.000000, 0.975347, 0.012178, 0.136578, 0.190185
KLQPTDDFTQSSR, Yes, 0.15181, 0.987684, 0.015385, 0.135774,  2,   761.87845,  24, 28527034.000000, 12.000000, 0.971598, 0.010729, 0.128201, 0.175428
RGGELDINLRPDGR, Yes, 0.10499, 0.957759, 0.029931, 0.103945,  3,   523.28149,  30, 128415000.000000, 12.000000, 0.902592, 0.011715, 0.079202, 0.130773
NTNSTLTFVTMSGELK, Yes, 0.09795, 0.931159, 0.029880, 0.114043,  3,   581.62583,  19, 14460697.000000, 12.000000, 0.652587, 0.017098, 0.060317, 0.135583
NTNSTLTFVTMSGELK, Yes, 1.26714, 0.920997, 0.030960, 0.281374,  2,   871.93510,  19, 90333408.000000, 12.000000, 0.602391, 0.435720, 0.308131, 2.226156
KLQPTDDFTQSSR, Yes, 0.27561, 0.971964, 0.027440, 0.027359,  3,   508.25472,  24, 67906568.000000, 12.000000, 0.824833, 0.048106, 0.169726, 0.381486
GEPGGQTALYDFYSR, Yes, 0.06408, 0.932003, 0.029906, 0.090647,  2,   830.88373,  30, 184109632.000000, 12.000000, 0.679440, 0.010708, 0.040509, 0.087647


MeanRateConst/CorrCutOff, 0.130864, 0.900000


MedianRateConst/RMSSCutOff, 0.136189, 0.050000
StandDev/NumberPeptides, 0.014452, 5
TotalIonCurrent, 3.08272e+10
