Peptides, PeptideUnique, RateConstants, Correlations, RootMeanRSS, AbsoluteIsotopeError, Charge, m/z(Sequence), NEH, Abundance, NDP, Rsquared,sigma,CI lower band, CI upper band
TVEINNTDAEGR, Yes, 0.18535, 0.996341, 0.012830, 0.039346,  2,   659.81530,  25, 233101184.000000, 12.000000, 0.986826, 0.010046, 0.163243, 0.207466
HNSPSAAHFITR, Yes, 0.09530, 0.982148, 0.027986, 0.041085,  3,   446.56182,  28, 26770130.000000, 12.000000, 0.794409, 0.013791, 0.064947, 0.125655
PLLLLGQLQHLHR, Yes, 0.07245, 0.757795, 0.109559, 0.104411,  4,   385.23859,  25, 2947415.250000, 10.000000, 0.264340, 0.051467, 0.000000, 4.218658
DLGADIIVDMATLTGAQGIATGK, Yes, 0.09117, 0.975453, 0.031303, 0.129537,  3,   744.39111,  40, 4620095.500000, 12.000000, 0.882593, 0.014871, 0.058436, 0.123899


MeanRateConst/CorrCutOff, 0.123941, 0.900000


MedianRateConst/RMSSCutOff, 0.095301, 0.050000
StandDev/NumberPeptides, 0.012537, 3
TotalIonCurrent, 9.58074e+09
