Peptides, PeptideUnique, RateConstants, Correlations, RootMeanRSS, AbsoluteIsotopeError, Charge, m/z(Sequence), NEH, Abundance, NDP, Rsquared,sigma,CI lower band, CI upper band
PHSHYDTEYR, Yes, 0.12751, 0.983041, 0.011706, 0.044431,  3,   435.52666,  21, 2825444.750000, 6.000000, 0.965013, 0.008813, 0.104852, 0.150163
NYVEDIPFLSPVYNPQEVFIR, Yes, 0.00000, -2.000000, 0.134354, 0.092947,  3,   847.10043,  37, 30846422.000000, 6.000000, -1.882500, 0.085487, 0.000000, 8.195894
NYVEDIPFLSPVYNPQEVFIR, Yes, 0.00000, -2.000000, 0.067330, 0.197200,  2,  1270.14701,  37, 11176757.000000, 6.000000, -2.448897, 0.043717, 0.000000, 6.378838


MeanRateConst/CorrCutOff, 0.042504, 0.900000


MedianRateConst/RMSSCutOff, 0.000002, 0.050000
StandDev/NumberPeptides, 0.020265, 1
TotalIonCurrent, 6.10336e+08
