Peptides, PeptideUnique, RateConstants, Correlations, RootMeanRSS, AbsoluteIsotopeError, Charge, m/z(Sequence), NEH, Abundance, NDP, Rsquared,sigma,CI lower band, CI upper band
VESSDVSDLLYK, Yes, 12.17650, 0.964930, 0.057529, 0.114540,  2,   677.84046,  18, 69274672.000000, 12.000000, 0.625571, 41041.351562, 11.053795, 13.299212
KGPGLYYVDDNGTR, Yes, 0.10112, 0.759538, 0.056153, 0.159326,  2,   777.88099,  20, 6282560.000000, 12.000000, 0.183304, 0.036596, 0.020575, 0.181669
GMGLSMGSMIcGWDK, Yes, 0.19837, 0.901848, 0.072064, 0.338522,  2,   815.34824,  22, 4438115.500000, 11.000000, 0.600709, 0.091964, 0.000000, 2.419099
STGSGNTYAYGVMDSGYR, Yes, 0.05579, 0.985822, 0.028493, 0.261704,  2,   943.40470,  30, 3439764.500000, 5.000000, 0.856403, 0.014133, 0.016552, 0.095034
ATAGSYISSLR, Yes, 0.05943, 0.912222, 0.045427, 0.173019,  2,   563.29856,  23, 50321284.000000, 12.000000, 0.757682, 0.009611, 0.038275, 0.080583


MeanRateConst/CorrCutOff, 0.057611, 0.900000


MedianRateConst/RMSSCutOff, 0.059429, 0.050000
StandDev/NumberPeptides, 0.011442, 2
TotalIonCurrent, 4.59859e+09
