Peptides, PeptideUnique, RateConstants, Correlations, RootMeanRSS, AbsoluteIsotopeError, Charge, m/z(Sequence), NEH, Abundance, NDP, Rsquared,sigma,CI lower band, CI upper band
AQSLLSTDR, Yes, 0.31990, 0.978030, 0.031682, 0.147461,  2,   495.76436,  19, 45885696.000000, 11.000000, 0.878948, 0.044841, 0.219987, 0.419813
LVSLYFDTK, Yes, 0.27210, 0.929426, 0.061100, 0.045774,  2,   543.29751,  7, 610068288.000000, 11.000000, 0.628669, 0.154820, 0.000000, 2.503871
TGQAAELGGLLK, Yes, 0.75240, 0.957826, 0.035748, 0.364672,  2,   579.32986,  24, 41458684.000000, 11.000000, 0.821694, 0.145104, 0.429093, 1.075716
EASIDILHSIVK, Yes, 0.29907, 0.975921, 0.026178, 0.106977,  3,   442.25387,  22, 45639128.000000, 11.000000, 0.940699, 0.041004, 0.207703, 0.390429
ALLVEVQLLESK, Yes, 0.34016, 0.977430, 0.032587, 0.039460,  2,   671.40302,  22, 38327780.000000, 11.000000, 0.925862, 0.057655, 0.211696, 0.468621
EQSILELGSLLAK, Yes, 0.29186, 0.991355, 0.016942, 0.076156,  2,   700.90338,  27, 66224332.000000, 11.000000, 0.969667, 0.025703, 0.234590, 0.349128
YQEALHLGSQLLR, Yes, 0.29914, 0.996613, 0.008806, 0.068834,  3,   509.94744,  29, 53153936.000000, 11.000000, 0.992517, 0.012707, 0.270827, 0.327455
IMLNTPEDVQALVSGK, Yes, 0.37309, 0.974086, 0.033364, 0.147520,  2,   857.95583,  28, 31417842.000000, 11.000000, 0.548322, 0.104985, 0.139168, 0.607012
TTANAIYcPPK, Yes, 0.07459, 0.600175, 0.068603, 0.388843,  2,   618.30807,  19, 25427654.000000, 11.000000, -1.934726, 0.029999, 0.007752, 0.141435


MeanRateConst/CorrCutOff, 0.310025, 0.900000


MedianRateConst/RMSSCutOff, 0.299141, 0.050000
StandDev/NumberPeptides, 0.027528, 5
TotalIonCurrent, 2.5218e+10
