Peptides, PeptideUnique, RateConstants, Correlations, RootMeanRSS, AbsoluteIsotopeError, Charge, m/z(Sequence), NEH, Abundance, NDP, Rsquared,sigma,CI lower band, CI upper band
QAIGIALETR, Yes, 0.03643, 0.668637, 0.065820, 0.098716,  2,   536.31147,  24, 301373824.000000, 11.000000, -0.254342, 0.010186, 0.013736, 0.059126
NNNTDLMILK, Yes, 0.08771, 0.922396, 0.039498, 0.141296,  2,   588.30807,  11, 26558362.000000, 11.000000, 0.679307, 0.024872, 0.032289, 0.143124
AAVESLGFILFR, Yes, 0.21175, 0.989491, 0.020590, 0.105107,  2,   661.87698,  23, 60715420.000000, 11.000000, 0.958862, 0.022272, 0.162122, 0.261373
HGGDIIDYLLNQLK, Yes, 0.16143, 0.978629, 0.029059, 0.123510,  3,   533.62274,  21, 3697717.000000, 11.000000, 0.744258, 0.039732, 0.072900, 0.249955
VINDKHDDVMAK, Yes, 0.17197, 0.919190, 0.058781, 0.250152,  3,   462.23449,  18, 2780671.000000, 11.000000, 0.722590, 0.053361, 0.053075, 0.290866


MeanRateConst/CorrCutOff, 0.153627, 0.900000


MedianRateConst/RMSSCutOff, 0.161428, 0.050000
StandDev/NumberPeptides, 0.027205, 3
TotalIonCurrent, 1.12379e+10
