Peptides, PeptideUnique, RateConstants, Correlations, RootMeanRSS, AbsoluteIsotopeError, Charge, m/z(Sequence), NEH, Abundance, NDP, Rsquared,sigma,CI lower band, CI upper band
DTHVMDYR, Yes, 0.10488, 0.950695, 0.030343, 0.063611,  2,   518.72947,  12, 56578576.000000, 12.000000, 0.834571, 0.018111, 0.065017, 0.144739
TKVEAFQTTISK, Yes, 0.20403, 0.988861, 0.014481, 0.074593,  2,   676.87464,  18, 28117230.000000, 12.000000, 0.972907, 0.016121, 0.168552, 0.239516
IEDGNDFGVAIQEK, Yes, 0.22146, 0.978150, 0.028322, 0.058358,  2,   767.87282,  29, 39227924.000000, 12.000000, 0.887901, 0.028142, 0.159514, 0.283396
AFYAELYHIISSNLEK, Yes, 0.42577, 0.970560, 0.028919, 0.160536,  2,   949.48833,  30, 12607423.000000, 12.000000, 0.748935, 0.089164, 0.229518, 0.622017
QNLFQEADDFLcTFLPR, Yes, 0.23064, 0.998059, 0.007254, 0.021260,  3,   705.33857,  32, 24617146.000000, 12.000000, 0.992933, 0.009481, 0.209772, 0.251505
QNLFQEADDFLcTFLPR, Yes, 0.20265, 0.995655, 0.007035, 0.045519,  2,  1057.50422,  32, 12709411.000000, 12.000000, 0.991166, 0.008514, 0.183914, 0.221393
IISLSQLLQEDSLNVADLSSLR, Yes, 0.24115, 0.996515, 0.006391, 0.033014,  3,   805.44274,  44, 24469640.000000, 12.000000, 0.991356, 0.010788, 0.217400, 0.264891
IISLSQLLQEDSLNVADLSSLR, Yes, 0.20469, 0.984304, 0.017096, 0.116023,  2,  1207.66047,  44, 8539897.000000, 12.000000, 0.948943, 0.022942, 0.154191, 0.255181
VEAFQTTISK, Yes, 0.24819, 0.969183, 0.026323, 0.072675,  2,   562.30332,  17, 88729640.000000, 12.000000, 0.900344, 0.034601, 0.172031, 0.324343


MeanRateConst/CorrCutOff, 0.221828, 0.900000


MedianRateConst/RMSSCutOff, 0.221455, 0.050000
StandDev/NumberPeptides, 0.014413, 7
TotalIonCurrent, 1.23812e+10
