Peptides, PeptideUnique, RateConstants, Correlations, RootMeanRSS, AbsoluteIsotopeError, Charge, m/z(Sequence), NEH, Abundance, NDP, Rsquared,sigma,CI lower band, CI upper band
GFFLNHYFSK, Yes, 0.07908, 0.926666, 0.038640, 0.106185,  3,   420.54511,  11, 19937734.000000, 12.000000, 0.697267, 0.020727, 0.033465, 0.124705
LSPNFHEAVTLR, Yes, 0.16473, 0.995998, 0.018559, 0.094537,  3,   461.91749,  23, 75002552.000000, 12.000000, 0.952380, 0.012923, 0.136284, 0.193170
cHVIGTcSSDEK, Yes, 0.09921, 0.969473, 0.035583, 0.113316,  3,   464.86760,  21, 3357484.750000, 12.000000, 0.920904, 0.012048, 0.072694, 0.125728
FVGINASDINYSAGR, Yes, 0.19796, 0.992717, 0.017003, 0.059859,  2,   792.39425,  29, 92529128.000000, 12.000000, 0.962418, 0.015209, 0.164486, 0.231436
DcPVPLPGDGDLLVR, Yes, 0.16970, 0.966798, 0.023074, 0.077025,  2,   811.91398,  25, 61629980.000000, 12.000000, 0.931358, 0.018790, 0.128344, 0.211057
FIGLESVFQAVDYMYTGK, Yes, 0.17349, 0.989227, 0.010720, 0.090521,  3,   690.00805,  26, 16288427.000000, 12.000000, 0.971675, 0.013495, 0.143789, 0.203194
FIGLESVFQAVDYMYTGK, Yes, 0.21804, 0.994939, 0.007784, 0.118921,  2,  1034.50844,  26, 21344762.000000, 12.000000, 0.985189, 0.011441, 0.192863, 0.243226
LSPNFHEAVTLR, Yes, 0.25242, 0.955525, 0.033799, 0.141920,  2,   692.37259,  23, 8496005.000000, 11.000000, 0.875668, 0.046143, 0.149604, 0.355229


MeanRateConst/CorrCutOff, 0.196057, 0.900000


MedianRateConst/RMSSCutOff, 0.173492, 0.050000
StandDev/NumberPeptides, 0.015809, 6
TotalIonCurrent, 1.31087e+10
