Peptides, PeptideUnique, RateConstants, Correlations, RootMeanRSS, AbsoluteIsotopeError, Charge, m/z(Sequence), NEH, Abundance, NDP, Rsquared,sigma,CI lower band, CI upper band
FDSLTDLVEHYK, Yes, 0.05136, 0.848263, 0.038493, 0.184590,  3,   489.57691,  16, 21373506.000000, 7.000000, 0.418808, 0.019117, 0.004584, 0.098141
IQNTGDYYDLYGGEK, Yes, 0.10848, 0.419149, 0.097318, 0.251579,  2,   868.39412,  23, 5132655.500000, 6.000000, -0.191533, 0.073113, 0.000000, 2.478934
WFHPNITGVEAENLLLTR, Yes, 14.49444, 0.922760, 0.044766, 0.065375,  3,   704.04085,  30, 10328798.000000, 7.000000, 0.720128, 460710.156250, 12.868881, 16.119995


MeanRateConst/CorrCutOff, 4.884760, 0.900000


MedianRateConst/RMSSCutOff, 0.108481, 0.050000
StandDev/NumberPeptides, 0.045464, 1
TotalIonCurrent, 8.93258e+08
