Peptides, PeptideUnique, RateConstants, Correlations, RootMeanRSS, AbsoluteIsotopeError, Charge, m/z(Sequence), NEH, Abundance, NDP, Rsquared,sigma,CI lower band, CI upper band
TITSSYYR, No, 0.22479, 0.966951, 0.018817, 0.021236,  2,   495.74817,  10, 202211520.000000, 12.000000, 0.896739, 0.030058, 0.158631, 0.290944
KVVDYTTAK, Yes, 0.68604, 0.973217, 0.017979, 0.082173,  2,   512.78731,  8, 7635202.000000, 12.000000, 0.815942, 0.187431, 0.273510, 1.098577
EFADSLGIPFLETSAK, Yes, 0.71377, 0.988102, 0.014444, 0.017203,  2,   862.94070,  31, 84720216.000000, 12.000000, 0.973193, 0.067369, 0.565491, 0.862049
NATNVEQSFMTMAAEIK, Yes, 0.33185, 0.956829, 0.030093, 0.134884,  3,   628.96584,  35, 12522408.000000, 12.000000, 0.888330, 0.061555, 0.196371, 0.467333
FADDTYTESYISTIGVDFK, No, 0.31668, 0.989281, 0.011621, 0.084777,  2,  1086.50461,  26, 16947212.000000, 12.000000, 0.966252, 0.031268, 0.247857, 0.385497
GAHGIIVVYDVTDQESFNNVK, Yes, 0.00000, -2.000000, 0.100549, 0.094324,  3,   769.05349,  34, 30919930.000000, 12.000000, -0.026175, 0.009823, 0.000000, 4.427603


MeanRateConst/CorrCutOff, 0.454626, 0.900000


MedianRateConst/RMSSCutOff, 0.331852, 0.050000
StandDev/NumberPeptides, 0.049176, 5
TotalIonCurrent, 1.39386e+10
