Peptides, PeptideUnique, RateConstants, Correlations, RootMeanRSS, AbsoluteIsotopeError, Charge, m/z(Sequence), NEH, Abundance, NDP, Rsquared,sigma,CI lower band, CI upper band
SLVSPASFENVR, Yes, 0.10843, 0.999245, 0.013863, 0.088603,  2,   653.34350,  25, 205334320.000000, 9.000000, 0.976769, 0.005911, 0.094797, 0.122059
LTPITYPQGLAMAK, Yes, 0.16829, 0.703591, 0.059095, 0.105190,  2,   752.41561,  23, 107365024.000000, 9.000000, -0.700168, 0.115994, 0.000000, 3.062881
PVNLGLWDTAGQEDYDR, Yes, 0.36683, 0.979886, 0.019040, 0.051253,  2,   974.95541,  32, 22171302.000000, 9.000000, 0.941069, 0.042749, 0.268250, 0.465407
HHcPNTPIILVGTK, Yes, 0.16151, 0.886838, 0.036025, 0.115037,  2,   793.92722,  20, 16970216.000000, 9.000000, -0.225154, 0.086906, 0.000000, 2.788774


MeanRateConst/CorrCutOff, 0.237628, 0.900000


MedianRateConst/RMSSCutOff, 0.366829, 0.050000
StandDev/NumberPeptides, 0.010386, 2
TotalIonCurrent, 7.19248e+09
