Peptides, PeptideUnique, RateConstants, Correlations, RootMeanRSS, AbsoluteIsotopeError, Charge, m/z(Sequence), NEH, Abundance, NDP, Rsquared,sigma,CI lower band, CI upper band
LSESQLSFR, Yes, 0.06996, 0.610846, 0.084801, 0.484753,  2,   533.78000,  20, 49727524.000000, 12.000000, -1.395630, 0.019743, 0.026502, 0.113411
LPDAHSDYAR, Yes, 0.08750, 0.948158, 0.042538, 0.151234,  3,   382.18423,  24, 7570140.000000, 12.000000, 0.550860, 0.014315, 0.055997, 0.119012
AQPSASLGVGYR, Yes, 15.18148, 0.586854, 0.168577, 0.159321,  2,   603.31729,  28, 11383835.000000, 12.000000, -0.250671, 2154194.250000, 12.668271, 17.694683
IFVGNVSAAcTSQELR, Yes, 0.09796, 0.942443, 0.033446, 0.084848,  2,   876.44088,  33, 17510838.000000, 12.000000, 0.805841, 0.014230, 0.066645, 0.129284


MeanRateConst/CorrCutOff, 0.092735, 0.900000


MedianRateConst/RMSSCutOff, 0.097965, 0.050000
StandDev/NumberPeptides, 0.014272, 2
TotalIonCurrent, 2.34573e+09
