Peptides, PeptideUnique, RateConstants, Correlations, RootMeanRSS, AbsoluteIsotopeError, Charge, m/z(Sequence), NEH, Abundance, NDP, Rsquared,sigma,CI lower band, CI upper band
LVNTVNPGAR, Yes, 0.20963, 0.883088, 0.055209, 0.257552,  2,   520.79599,  17, 14177355.000000, 12.000000, 0.038526, 0.055789, 0.086842, 0.332423
ALVEGPLNNLR, Yes, 0.27863, 0.825826, 0.064053, 0.117550,  2,   598.34330,  22, 34924012.000000, 12.000000, 0.242118, 0.100634, 0.057140, 0.500125
NVFLLGFIPAK, Yes, 0.26479, 0.956342, 0.024006, 0.104148,  2,   609.86589,  14, 23217846.000000, 12.000000, 0.852338, 0.045097, 0.165535, 0.364050
GNTSGSHIVNHLVR, Yes, 0.60398, 0.972701, 0.031665, 0.093998,  3,   497.59894,  25, 14759757.000000, 12.000000, 0.798802, 0.120133, 0.339567, 0.868388
YEDAYQYQNIFGPLVK, Yes, 0.23189, 0.867088, 0.038656, 0.080812,  2,   974.47798,  28, 5312010.000000, 11.000000, 0.068854, 0.086402, 0.039370, 0.424402
DINWDSSQWQPLIQDR, Yes, 0.18088, 0.678984, 0.058308, 0.095305,  2,  1000.97667,  33, 8363623.500000, 6.000000, -0.774360, 0.099299, 0.000000, 3.098764
YGVIIVGNPK, Yes, 0.33730, 0.797111, 0.044624, 0.260275,  2,   530.31349,  12, 13273419.000000, 12.000000, 0.208400, 0.116377, 0.081158, 0.593444
IAFFTLPK, Yes, 0.05227, 0.540124, 0.048431, 0.125947,  2,   468.78129,  9, 17257314.000000, 12.000000, -0.151832, 0.016542, 0.015863, 0.088679


MeanRateConst/CorrCutOff, 0.434385, 0.900000


MedianRateConst/RMSSCutOff, 0.603978, 0.050000
StandDev/NumberPeptides, 0.065577, 2
TotalIonCurrent, 4.41543e+09
