Peptides, PeptideUnique, RateConstants, Correlations, RootMeanRSS, AbsoluteIsotopeError, Charge, m/z(Sequence), NEH, Abundance, NDP, Rsquared,sigma,CI lower band, CI upper band
EHVIEALR, Yes, 0.17590, 0.995232, 0.016645, 0.076148,  2,   483.77198,  20, 221235296.000000, 5.000000, 0.961809, 0.018879, 0.123488, 0.228320
VHIGQVIMSIR, Yes, 0.13739, 0.950156, 0.020908, 0.087498,  3,   418.24466,  20, 113940080.000000, 5.000000, 0.884434, 0.023256, 0.072819, 0.201954
FNADEFEDMVAEK, Yes, 0.23555, 0.995513, 0.012932, 0.155625,  2,   772.83230,  28, 88878056.000000, 5.000000, 0.971684, 0.022919, 0.171912, 0.299180
MVSDEYEQLSSEALEAAR, Yes, 0.19098, 0.990055, 0.013312, 0.069947,  2,  1014.46492,  48, 23811896.000000, 5.000000, 0.965173, 0.019665, 0.136381, 0.245577


MeanRateConst/CorrCutOff, 0.184954, 0.900000


MedianRateConst/RMSSCutOff, 0.190979, 0.050000
StandDev/NumberPeptides, 0.021003, 4
TotalIonCurrent, 5.48331e+09
