Peptides, PeptideUnique, RateConstants, Correlations, RootMeanRSS, AbsoluteIsotopeError, Charge, m/z(Sequence), NEH, Abundance, NDP, Rsquared,sigma,CI lower band, CI upper band
ALVDGPcTR, Yes, 0.10645, 0.970415, 0.023411, 0.059558,  2,   494.74766,  16, 360227840.000000, 12.000000, 0.911845, 0.010760, 0.082765, 0.130130
AAIAAAAAAAAAK, Yes, 0.07918, 0.998930, 0.008813, 0.027361,  2,   521.30616,  45, 512231328.000000, 12.000000, 0.995516, 0.001890, 0.075024, 0.083342
VAYISFGPHAGK, Yes, 0.05122, 0.957992, 0.026564, 0.104934,  2,   623.83258,  23, 40029348.000000, 12.000000, 0.866765, 0.005863, 0.038318, 0.064128
cMQLTDFILK, Yes, 0.29359, 0.660632, 0.037250, 0.501027,  2,   634.82251,  11, 308747136.000000, 12.000000, -0.811027, 0.138040, 0.000000, 1.902529
LVAIVDVIDQNR, Yes, 0.06655, 0.977588, 0.023799, 0.138664,  3,   452.26115,  21, 35097156.000000, 12.000000, 0.930940, 0.006533, 0.052171, 0.080930
LVAIVDVIDQNR, Yes, 0.14755, 0.979305, 0.021200, 0.034433,  2,   677.88808,  21, 403088224.000000, 12.000000, 0.938630, 0.013689, 0.117424, 0.177685


MeanRateConst/CorrCutOff, 0.075851, 0.900000


MedianRateConst/RMSSCutOff, 0.079183, 0.050000
StandDev/NumberPeptides, 0.004229, 4
TotalIonCurrent, 5.23559e+10
