Peptides, PeptideUnique, RateConstants, Correlations, RootMeanRSS, AbsoluteIsotopeError, Charge, m/z(Sequence), NEH, Abundance, NDP, Rsquared,sigma,CI lower band, CI upper band
IAWGYPNLK, Yes, 0.05554, 0.987379, 0.017491, 0.068667,  2,   531.29255,  13, 261429568.000000, 12.000000, 0.933089, 0.005146, 0.044212, 0.066867
IALTDNSLIAR, Yes, 0.08013, 0.992376, 0.013675, 0.049003,  2,   593.84313,  21, 416988896.000000, 12.000000, 0.977567, 0.004323, 0.070614, 0.089645
EANNFLWPFK, Yes, 0.07934, 0.992311, 0.010662, 0.036228,  2,   633.31930,  16, 315441184.000000, 12.000000, 0.975848, 0.004502, 0.069436, 0.089252
KAGNFYVPAEPK, Yes, 0.02507, -0.063938, 0.095836, 0.061023,  2,   660.85096,  23, 25184512.000000, 11.000000, -0.749914, 0.013837, 0.000000, 3.326548
TTHFVEGGDAGNR, Yes, 0.10899, 0.991378, 0.014981, 0.036632,  3,   454.21286,  25, 37821672.000000, 12.000000, 0.978199, 0.006354, 0.095001, 0.122973
TTHFVEGGDAGNR, Yes, 0.08817, 0.988805, 0.017551, 0.113809,  2,   680.81566,  25, 8842726.000000, 12.000000, 0.971076, 0.005734, 0.075547, 0.100786
IVEPYIAWGYPNLK, Yes, 0.11812, 0.973680, 0.025922, 0.169533,  2,   831.94813,  21, 41641320.000000, 12.000000, 0.766690, 0.026155, 0.060551, 0.175683
FGIIcMEDLIHEIYTVGK, Yes, 0.09087, 0.992829, 0.019665, 0.158473,  3,   713.36020,  26, 180756304.000000, 12.000000, 0.942305, 0.009925, 0.069027, 0.112715
FGIIcMEDLIHEIYTVGK, Yes, 0.00000, -2.000000, 0.113003, 0.179073,  2,  1069.53666,  26, 8250388.500000, 12.000000, -0.903740, 0.012017, 0.000000, 6.224995


MeanRateConst/CorrCutOff, 0.094269, 0.900000


MedianRateConst/RMSSCutOff, 0.088167, 0.050000
StandDev/NumberPeptides, 0.006492, 6
TotalIonCurrent, 4.32862e+10
