Peptides, PeptideUnique, RateConstants, Correlations, RootMeanRSS, AbsoluteIsotopeError, Charge, m/z(Sequence), NEH, Abundance, NDP, Rsquared,sigma,CI lower band, CI upper band
LGHLVHR, Yes, 0.06723, 0.977069, 0.018994, 0.072218,  2,   416.25103,  13, 35939748.000000, 12.000000, 0.943005, 0.005456, 0.055223, 0.079241
AGVNTVTTLVENK, Yes, 0.12200, 0.988780, 0.013412, 0.083547,  2,   673.36973,  17, 346681536.000000, 12.000000, 0.972325, 0.007594, 0.105285, 0.138712
VPPAINQFTQALDR, Yes, 0.08774, 0.996308, 0.010232, 0.098906,  2,   785.42282,  30, 172797776.000000, 12.000000, 0.985817, 0.003934, 0.079084, 0.096400
VPPAINQFTQALDR, Yes, 0.09592, 0.986576, 0.021774, 0.082427,  3,   523.95097,  30, 58637020.000000, 12.000000, 0.955837, 0.008436, 0.077357, 0.114491
TcTTVAFTQVNSEDK, Yes, 0.15527, 0.975064, 0.026154, 0.092814,  2,   850.89345,  22, 86150608.000000, 12.000000, 0.935144, 0.019689, 0.111940, 0.198610
KTcTTVAFTQVNSEDK, Yes, 0.03675, 0.845613, 0.059675, 0.165196,  2,   914.94092,  23, 5017259.500000, 12.000000, 0.559150, 0.011418, 0.011619, 0.061882
AQLVVIAHDVDPIELVVFLPALcR, Yes, 0.08712, 0.986509, 0.013503, 0.086602,  3,   896.50329,  44, 21768916.000000, 12.000000, 0.957814, 0.007253, 0.071156, 0.103083
NFGIGQDIQPK, Yes, 0.09778, 0.984811, 0.018867, 0.032602,  2,   608.81967,  21, 277960864.000000, 12.000000, 0.953949, 0.007041, 0.082278, 0.113273
KTcTTVAFTQVNSEDK, Yes, 0.00000, -2.000000, 0.083437, 0.398765,  3,   610.29637,  23, 83832472.000000, 12.000000, -0.528836, 0.006950, 0.000000, 4.856228
HWGGNVLGPK, Yes, 0.04489, 0.970834, 0.019937, 0.083261,  2,   532.78544,  15, 305323936.000000, 12.000000, 0.915946, 0.004182, 0.035684, 0.054093


MeanRateConst/CorrCutOff, 0.092965, 0.900000


MedianRateConst/RMSSCutOff, 0.087742, 0.050000
StandDev/NumberPeptides, 0.006201, 6
TotalIonCurrent, 3.19211e+10
