Peptides, PeptideUnique, RateConstants, Correlations, RootMeanRSS, AbsoluteIsotopeError, Charge, m/z(Sequence), NEH, Abundance, NDP, Rsquared,sigma,CI lower band, CI upper band
WPGLFAK, Yes, 0.03381, 0.966461, 0.027262, 0.069622,  2,   409.73160,  10, 41153612.000000, 11.000000, 0.812901, 0.006018, 0.020401, 0.047217
AAGVSVEPFWPGLFAK, Yes, 0.07849, 0.997574, 0.008467, 0.035595,  2,   838.44577,  30, 849162048.000000, 11.000000, 0.985840, 0.003768, 0.070098, 0.086891
AAGVSVEPFWPGLFAK, Yes, 0.09086, 0.980702, 0.026668, 0.145682,  3,   559.29960,  30, 22494928.000000, 11.000000, 0.924832, 0.011904, 0.064336, 0.117385
IYSALILHDDEVTVTEDK, Yes, 0.06470, 0.908240, 0.028693, 0.047486,  3,   687.68439,  28, 33062008.000000, 11.000000, 0.570240, 0.011944, 0.038088, 0.091313
ALANVNIGSLIcNVGAGGPAPAAGAAPAGGAAPSTAAAPAEEK, Yes, 0.04129, 0.963818, 0.010152, 0.041044,  3,  1261.64250,  112, 23622644.000000, 10.000000, 0.906090, 0.004661, 0.030745, 0.051835


MeanRateConst/CorrCutOff, 0.061831, 0.900000


MedianRateConst/RMSSCutOff, 0.064701, 0.050000
StandDev/NumberPeptides, 0.006144, 5
TotalIonCurrent, 4.11118e+10
