Peptides, PeptideUnique, RateConstants, Correlations, RootMeanRSS, AbsoluteIsotopeError, Charge, m/z(Sequence), NEH, Abundance, NDP, Rsquared,sigma,CI lower band, CI upper band
LAAFWLVK, Yes, 0.10233, 0.947604, 0.026625, 0.089148,  2,   474.28928,  10, 29037952.000000, 10.000000, 0.812710, 0.021419, 0.053881, 0.150786
ESEDGELLWR, Yes, 0.10373, 0.980182, 0.021990, 0.095246,  2,   617.29093,  23, 66321976.000000, 10.000000, 0.957814, 0.009049, 0.083262, 0.124204
VLVYEALDYAK, Yes, 0.28592, 0.984087, 0.020812, 0.079674,  2,   642.34771,  17, 103184000.000000, 10.000000, 0.875736, 0.052743, 0.166611, 0.405236
VLFANPPSSTYEEALR, Yes, 0.18592, 0.979733, 0.020172, 0.068814,  2,   897.45704,  34, 37672208.000000, 10.000000, 0.951604, 0.020291, 0.140021, 0.231822
WYAIcISDVGDYEGIK, Yes, 0.06708, 0.984134, 0.026441, 0.094817,  2,   944.94292,  25, 81579520.000000, 10.000000, 0.859141, 0.011317, 0.041481, 0.092684


MeanRateConst/CorrCutOff, 0.114768, 0.900000


MedianRateConst/RMSSCutOff, 0.103733, 0.050000
StandDev/NumberPeptides, 0.013567, 4
TotalIonCurrent, 7.59028e+09
