Peptides, PeptideUnique, RateConstants, Correlations, RootMeanRSS, AbsoluteIsotopeError, Charge, m/z(Sequence), NEH, Abundance, NDP, Rsquared,sigma,CI lower band, CI upper band
MNVLADALK, Yes, 15.90906, -0.208066, 0.222077, 1.539755,  2,   487.77059,  15, 141191184.000000, 12.000000, -1.144721, 6439160.000000, 12.196996, 19.621113
HGYIGEFEIIDDHR, Yes, 0.10710, 0.942246, 0.029777, 0.227119,  2,   850.90499,  28, 12338947.000000, 11.000000, 0.726220, 0.016824, 0.069617, 0.144588
HGYIGEFEIIDDHR, Yes, 0.08989, 0.991407, 0.012386, 0.040162,  3,   567.60575,  28, 224043904.000000, 12.000000, 0.978405, 0.005021, 0.078841, 0.100941
QFGFIVLTTSAGIMDHEEAR, Yes, 0.06760, 0.993093, 0.018683, 0.103733,  3,   741.36853,  40, 102086744.000000, 12.000000, 0.936702, 0.006855, 0.052509, 0.082685
WQNNLLPSR, Yes, 0.04627, 0.980794, 0.020407, 0.060097,  2,   564.30143,  17, 473848960.000000, 12.000000, 0.927823, 0.004146, 0.037141, 0.055394
IVVNLTGR, Yes, 0.02766, 0.954826, 0.027846, 0.117210,  2,   436.27163,  10, 836868544.000000, 12.000000, 0.762435, 0.004925, 0.016815, 0.038496


MeanRateConst/CorrCutOff, 0.067703, 0.900000


MedianRateConst/RMSSCutOff, 0.067597, 0.050000
StandDev/NumberPeptides, 0.005891, 5
TotalIonCurrent, 4.65e+10
