Peptides, PeptideUnique, RateConstants, Correlations, RootMeanRSS, AbsoluteIsotopeError, Charge, m/z(Sequence), NEH, Abundance, NDP, Rsquared,sigma,CI lower band, CI upper band
KADIDLTK, Yes, 0.12539, 0.992407, 0.022230, 0.030356,  2,   452.26092,  10, 84572096.000000, 12.000000, 0.944812, 0.014806, 0.092803, 0.157980
IAFAITAIK, Yes, 0.07070, 0.993534, 0.011488, 0.051160,  2,   474.29984,  16, 220076656.000000, 12.000000, 0.978889, 0.003552, 0.062883, 0.078517
VLNTNIDGR, Yes, 0.16980, 0.954703, 0.035568, 0.185272,  2,   501.27235,  13, 615463744.000000, 12.000000, 0.658921, 0.029462, 0.104952, 0.234644
IPDWFLNR, Yes, 0.08328, 0.986662, 0.011812, 0.017377,  2,   530.78235,  11, 610118400.000000, 12.000000, 0.962305, 0.005967, 0.070146, 0.096410
VITIMQNPR, Yes, 0.06913, 0.981337, 0.014759, 0.055065,  2,   536.30259,  15, 478921312.000000, 12.000000, 0.956648, 0.004577, 0.059058, 0.079207
AGELTEDEVER, Yes, 0.10377, 0.997610, 0.014399, 0.039320,  2,   624.29113,  28, 141765728.000000, 12.000000, 0.986290, 0.005025, 0.092713, 0.114831
YSQVLANGLDNK, Yes, 0.08167, 0.988166, 0.020326, 0.090356,  2,   661.34096,  21, 220132688.000000, 12.000000, 0.954806, 0.006848, 0.066595, 0.096741
RAGELTEDEVER, Yes, 0.05772, 0.955613, 0.031628, 0.132213,  2,   702.34168,  31, 11605085.000000, 12.000000, 0.879544, 0.006023, 0.044468, 0.070979
KADIDLTKR, Yes, 0.13207, 0.996035, 0.018147, 0.094362,  3,   353.87674,  14, 43689200.000000, 12.000000, 0.965505, 0.011697, 0.106324, 0.157814


MeanRateConst/CorrCutOff, 0.077712, 0.900000


MedianRateConst/RMSSCutOff, 0.081668, 0.050000
StandDev/NumberPeptides, 0.005090, 6
TotalIonCurrent, 5.886e+10
