Peptides, PeptideUnique, RateConstants, Correlations, RootMeanRSS, AbsoluteIsotopeError, Charge, m/z(Sequence), NEH, Abundance, NDP, Rsquared,sigma,CI lower band, CI upper band
ALAAFLK, Yes, 0.06151, 0.982486, 0.022023, 0.075042,  2,   367.23397,  14, 249372656.000000, 12.000000, 0.942587, 0.005274, 0.049898, 0.073114
NGVRPSHF, Yes, 0.05893, 0.960066, 0.035774, 0.062714,  2,   457.23558,  16, 16126497.000000, 12.000000, 0.654597, 0.007649, 0.042097, 0.075767
VLQALEGLK, Yes, 0.07222, 0.977268, 0.019104, 0.047328,  2,   485.80021,  16, 665541568.000000, 12.000000, 0.942547, 0.005414, 0.060305, 0.084139
VPEWVDTVK, Yes, 0.47516, 0.797363, 0.042096, 0.297745,  2,   536.78731,  10, 402694368.000000, 12.000000, -0.515621, 0.176949, 0.085701, 0.864627
DVNQQEFVR, Yes, 0.10212, 0.995475, 0.009901, 0.065520,  2,   567.78055,  20, 363814368.000000, 12.000000, 0.990351, 0.003727, 0.093917, 0.110323
NGVRPSHFSR, Yes, 0.05740, 0.933139, 0.052712, 0.067645,  3,   386.20385,  22, 12264791.000000, 12.000000, 0.332043, 0.020940, 0.011312, 0.103490
LKVPEWVDTVK, Yes, 0.17363, 0.964018, 0.018917, 0.085325,  3,   438.58697,  12, 117209160.000000, 12.000000, 0.709540, 0.049180, 0.065388, 0.281877
ELAPYDENWFYTR, Yes, 0.10713, 0.991657, 0.010771, 0.106776,  2,   852.38863,  23, 339921408.000000, 12.000000, 0.982216, 0.005304, 0.095451, 0.118801
NGVRPSHFSR, Yes, 0.03944, 0.977574, 0.019183, 0.045598,  2,   578.80214,  22, 3120385.750000, 12.000000, 0.941725, 0.002876, 0.033113, 0.045771


MeanRateConst/CorrCutOff, 0.073558, 0.900000


MedianRateConst/RMSSCutOff, 0.072222, 0.050000
StandDev/NumberPeptides, 0.004581, 6
TotalIonCurrent, 6.35607e+10
