Peptides, PeptideUnique, RateConstants, Correlations, RootMeanRSS, AbsoluteIsotopeError, Charge, m/z(Sequence), NEH, Abundance, NDP, Rsquared,sigma,CI lower band, CI upper band
AIAYLFPSGLFEK, Yes, 0.02608, 0.899915, 0.063636, 0.161693,  2,   728.39774,  23, 41345288.000000, 7.000000, -0.048681, 0.027693, 0.000000, 4.999668
SATAQAVVYEHGSGK, Yes, 0.12443, 0.950572, 0.027805, 0.056202,  3,   502.25120,  34, 11124744.000000, 7.000000, 0.711688, 0.023081, 0.067958, 0.180912
EQLMFPFHFLDR, Yes, 0.07315, 0.950710, 0.027299, 0.187599,  3,   527.26238,  21, 12027801.000000, 7.000000, 0.579192, 0.030195, 0.000000, 3.803581
IHVNGVDYLIYFPITQDR, Yes, 0.00000, -2.000000, 0.085206, 0.818930,  3,   721.71262,  26, 22556458.000000, 7.000000, -0.012813, 0.029528, 0.000000, 5.385938


MeanRateConst/CorrCutOff, 0.098795, 0.900000


MedianRateConst/RMSSCutOff, 0.124435, 0.050000
StandDev/NumberPeptides, 0.026163, 2
TotalIonCurrent, 1.49993e+09
