Peptides, PeptideUnique, RateConstants, Correlations, RootMeanRSS, AbsoluteIsotopeError, Charge, m/z(Sequence), NEH, Abundance, NDP, Rsquared,sigma,CI lower band, CI upper band
IDRPEAISEER, Yes, 0.01352, 0.821220, 0.026708, 0.086340,  3,   438.89311,  31, 264724752.000000, 12.000000, 0.544468, 0.002457, 0.008109, 0.018923
EMFGLYGQTTGK, Yes, 0.29743, 0.991643, 0.010965, 0.042774,  2,   666.31865,  17, 81616552.000000, 12.000000, 0.977456, 0.020485, 0.252340, 0.342516
NYLPAINGIVFLVDcADHER, Yes, 0.35014, 0.960648, 0.020426, 0.063862,  3,   772.71956,  37, 29123392.000000, 12.000000, 0.807182, 0.075841, 0.183212, 0.517063
EELDSLMTDETIANVPILILGNK, Yes, 0.16159, 0.968551, 0.030147, 0.246696,  2,  1264.66182,  38, 1953095.875000, 6.000000, 0.793225, 0.056422, 0.016552, 0.306628
QGYGEGFR, Yes, 0.03187, 1.000000, 0.050197, 0.220151,  2,   457.21177,  18, 333627744.000000, 3.000000, -58.643192, 0.016034, 0.000000, 4.528799


MeanRateConst/CorrCutOff, 0.269718, 0.900000


MedianRateConst/RMSSCutOff, 0.297428, 0.050000
StandDev/NumberPeptides, 0.037630, 3
TotalIonCurrent, 8.85883e+09
