Peptides, PeptideUnique, RateConstants, Correlations, RootMeanRSS, AbsoluteIsotopeError, Charge, m/z(Sequence), NEH, Abundance, NDP, Rsquared,sigma,CI lower band, CI upper band
AYAALTDEESR, Yes, 0.54172, 0.985979, 0.028828, 0.144595,  2,   613.28838,  29, 12693711.000000, 11.000000, 0.952041, 0.076593, 0.371056, 0.712376
LSQMAVQGLQQFK, Yes, 0.29158, 0.983275, 0.022438, 0.228656,  2,   739.39522,  28, 20561512.000000, 11.000000, 0.933549, 0.036601, 0.210029, 0.373132
QEWWWLYIADR, Yes, 0.23271, 0.789300, 0.052366, 0.061696,  2,   783.38041,  19, 15797212.000000, 11.000000, -0.497625, 0.100793, 0.008125, 0.457287
LIMVLAGASEFDPQYNK, Yes, 0.01036, -0.097352, 0.078968, 0.076868,  2,   948.48221,  32, 6838109.000000, 10.000000, -0.287618, 0.008734, 0.000000, 3.819071
TIQDLVSLK, Yes, 0.34050, 0.975645, 0.016677, 0.060669,  2,   508.80295,  11, 45411520.000000, 11.000000, 0.841924, 0.072074, 0.179906, 0.501088


MeanRateConst/CorrCutOff, 0.391264, 0.900000


MedianRateConst/RMSSCutOff, 0.340497, 0.050000
StandDev/NumberPeptides, 0.055297, 3
TotalIonCurrent, 2.57603e+09
