Peptides, PeptideUnique, RateConstants, Correlations, RootMeanRSS, AbsoluteIsotopeError, Charge, m/z(Sequence), NEH, Abundance, NDP, Rsquared,sigma,CI lower band, CI upper band
TGTQYLLR, Yes, 0.04372, 0.794246, 0.057657, 0.259790,  2,   476.26654,  11, 42043944.000000, 12.000000, 0.349088, 0.014454, 0.011907, 0.075534
SISSALAMVFMGAK, Yes, 0.09415, 0.448297, 0.098073, 0.148189,  2,   706.86744,  27, 2967923.250000, 11.000000, -0.572338, 0.050421, 0.000000, 2.733671
LEENYNMNDALYK, Yes, 0.04504, 0.852256, 0.048981, 0.207131,  2,   808.86666,  23, 2406186.000000, 9.000000, 0.473568, 0.016455, 0.007095, 0.082987
LVLVNAIYFK, Yes, 0.13202, -2.000000, 0.000000, 0.377741,  2,   590.36043,  10, 2983072.000000, 1.000000, 0.000000, inf, 0.132022, 0.132022


MeanRateConst/CorrCutOff, 0.078734, 0.900000


MedianRateConst/RMSSCutOff, 0.094153, 0.050000
StandDev/NumberPeptides, 0.026704, 0
TotalIonCurrent, 6.96136e+08
