Peptides, PeptideUnique, RateConstants, Correlations, RootMeanRSS, AbsoluteIsotopeError, Charge, m/z(Sequence), NEH, Abundance, NDP, Rsquared,sigma,CI lower band, CI upper band
HGTVVLTALGGILK, Yes, 0.00000, -2.000000, 0.030416, 0.114202,  3,   460.28541,  17, 75205736.000000, 12.000000, -2.415009, 0.002875, 0.000000, 4.607544
YLEFISDAIIHVLHSK, Yes, 0.00000, -2.000000, 0.026356, 0.105818,  4,   472.01090,  26, 26414262.000000, 12.000000, -0.339323, 0.002578, 0.000000, 4.411035
YLEFISDAIIHVLHSK, Yes, 0.00494, 0.454688, 0.023019, 0.054653,  3,   629.01211,  26, 15480873.000000, 12.000000, -0.178480, 0.002986, 0.000000, 4.071579
HGTVVLTALGGILK, Yes, 0.00000, -2.000000, 0.053628, 0.178895,  2,   689.92447,  17, 12947297.000000, 12.000000, -1.115557, 0.004805, 0.000000, 4.815511


MeanRateConst/CorrCutOff, 0.001646, 0.900000


MedianRateConst/RMSSCutOff, 0.000001, 0.050000
StandDev/NumberPeptides, 0.002802, 3
TotalIonCurrent, 3.66874e+09
