Peptides, PeptideUnique, RateConstants, Correlations, RootMeanRSS, AbsoluteIsotopeError, Charge, m/z(Sequence), NEH, Abundance, NDP, Rsquared,sigma,CI lower band, CI upper band
DLTSVNILLK, Yes, 0.16952, 0.929282, 0.028835, 0.081797,  2,   558.33716,  10, 39508784.000000, 11.000000, 0.738503, 0.037716, 0.085484, 0.253558
LTTLELLEVR, Yes, 0.28644, 0.984361, 0.021093, 0.066394,  2,   593.85571,  14, 38188956.000000, 11.000000, 0.953896, 0.035425, 0.207504, 0.365369
LVSDGNINSDR, Yes, 0.08591, 0.897526, 0.060963, 0.154502,  2,   595.29401,  20, 48538700.000000, 11.000000, 0.698100, 0.022129, 0.036603, 0.135217
LWEYLLELLR, Yes, 0.22986, 0.904379, 0.056585, 0.100051,  2,   674.38717,  14, 5436055.000000, 11.000000, 0.647562, 0.118983, 0.000000, 2.391174
LSDGNEYLFQAK, Yes, 0.08477, 0.900806, 0.037688, 0.170674,  2,   692.84079,  22, 35143092.000000, 11.000000, 0.645866, 0.017246, 0.046345, 0.123199
DLMLWMEDVIR, Yes, 0.28919, 0.990979, 0.012172, 0.038541,  2,   710.85179,  16, 19316158.000000, 11.000000, 0.952052, 0.028628, 0.225402, 0.352975
LQALDTGWNELHK, Yes, 0.32187, 0.978696, 0.018533, 0.099568,  3,   508.93168,  23, 17378536.000000, 11.000000, 0.952552, 0.034887, 0.244140, 0.399605
MLTAQDMSYDEAR, Yes, 0.25046, 0.953027, 0.037136, 0.167238,  2,   765.83178,  29, 9252736.000000, 11.000000, 0.891723, 0.046678, 0.146458, 0.354468
DGLNEAWADLLELIDTR, Yes, 0.05835, 0.901263, 0.033754, 0.115148,  2,   972.48907,  32, 7071376.500000, 11.000000, 0.679342, 0.011541, 0.032640, 0.084068
VIESTQDLGNDLAGVMALQR, Yes, 0.52993, 0.956855, 0.025246, 0.190304,  3,   710.70016,  40, 3423544.500000, 10.000000, 0.802838, 0.115006, 0.269766, 0.790089


MeanRateConst/CorrCutOff, 0.286990, 0.900000


MedianRateConst/RMSSCutOff, 0.286436, 0.050000
StandDev/NumberPeptides, 0.035321, 4
TotalIonCurrent, 5.59226e+09
