Peptides, PeptideUnique, RateConstants, Correlations, RootMeanRSS, AbsoluteIsotopeError, Charge, m/z(Sequence), NEH, Abundance, NDP, Rsquared,sigma,CI lower band, CI upper band
SLATNEMWR, Yes, 0.00417, 0.649459, 0.040515, 0.141028,  2,   554.26620,  17, 223155888.000000, 12.000000, 0.123761, 0.003375, 0.000000, 4.093451
SGDSEVYQMGDVSQK, Yes, 0.10193, 0.988765, 0.029930, 0.199283,  2,   815.35669,  30, 18969070.000000, 12.000000, 0.930960, 0.012512, 0.074386, 0.129465
NPVTIFSLATNEMWR, Yes, 12.96159, -0.006711, 0.079159, 0.926311,  2,   889.94834,  24, 27774518.000000, 12.000000, -2.292748, 159851.250000, 11.205665, 14.717525
NPVTIFSLATNEMWR, Yes, 0.10565, 0.912702, 0.027517, 0.522266,  3,   593.63465,  24, 6157214.000000, 12.000000, 0.533604, 0.022496, 0.056134, 0.155159


MeanRateConst/CorrCutOff, 0.070582, 0.900000


MedianRateConst/RMSSCutOff, 0.101926, 0.050000
StandDev/NumberPeptides, 0.007132, 3
TotalIonCurrent, 8.38938e+09
