Peptides, PeptideUnique, RateConstants, Correlations, RootMeanRSS, AbsoluteIsotopeError, Charge, m/z(Sequence), NEH, Abundance, NDP, Rsquared,sigma,CI lower band, CI upper band
FLVGFTNK, Yes, 0.09398, 0.982766, 0.012776, 0.058607,  2,   463.26073,  6, 280909856.000000, 12.000000, 0.926080, 0.011036, 0.069694, 0.118272
PFGLVINLNYK, Yes, 0.09492, 0.921614, 0.054732, 0.171717,  2,   639.36625,  12, 27687538.000000, 12.000000, 0.670612, 0.032085, 0.024296, 0.165536
GTEDFIVESLDASFR, Yes, 0.17255, 0.989026, 0.014569, 0.022893,  2,   843.40449,  29, 94311192.000000, 12.000000, 0.975217, 0.012121, 0.145867, 0.199225
GTEDFIVESLDASFR, Yes, 0.16119, 0.993602, 0.012917, 0.090751,  3,   562.60542,  29, 29974984.000000, 12.000000, 0.983554, 0.009468, 0.140351, 0.182031
QATFEYSFIPAEPMGGR, Yes, 0.12046, 0.986397, 0.014989, 0.060042,  2,   950.94854,  38, 40472748.000000, 12.000000, 0.966077, 0.008772, 0.101151, 0.139767
QATFEYSFIPAEPMGGRPF, Yes, 0.18834, 0.986713, 0.051670, 0.198835,  2,  1073.00913,  41, 6134577.500000, 6.000000, 0.006743, 0.114636, 0.000000, 3.750435
GLVINLNYK, Yes, 0.08242, 0.915297, 0.026293, 0.169280,  2,   517.30565,  9, 72209248.000000, 12.000000, 0.647451, 0.015030, 0.049336, 0.115500


MeanRateConst/CorrCutOff, 0.126119, 0.900000


MedianRateConst/RMSSCutOff, 0.120459, 0.050000
StandDev/NumberPeptides, 0.010887, 5
TotalIonCurrent, 1.6633e+10
