Peptides, PeptideUnique, RateConstants, Correlations, RootMeanRSS, AbsoluteIsotopeError, Charge, m/z(Sequence), NEH, Abundance, NDP, Rsquared,sigma,CI lower band, CI upper band
IIFDDFR, Yes, 0.12689, 0.987883, 0.016811, 0.099086,  2,   463.24254,  9, 166267264.000000, 12.000000, 0.947191, 0.013849, 0.096412, 0.157374
FGQVYTEAK, Yes, 68.78338, 0.695075, 0.058982, 0.262906,  2,   521.76383,  16, 75603800.000000, 12.000000, -0.176320, 0.000000, 68.783379, 68.783379
IAVVPGYISR, Yes, 0.06755, 0.937369, 0.033145, 0.101489,  2,   537.81894,  18, 27787206.000000, 12.000000, 0.824252, 0.009028, 0.047683, 0.087425
QQDSTYPIK, Yes, 0.05498, 0.721561, 0.062920, 0.150144,  2,   540.27202,  17, 58947116.000000, 12.000000, 0.410975, 0.013754, 0.024707, 0.085253
FHNWFDDR, Yes, 0.07398, 0.951878, 0.039751, 0.140586,  2,   568.74905,  12, 19178534.000000, 12.000000, 0.800847, 0.015790, 0.039228, 0.108734
FYSLLDPSYAK, Yes, 0.28969, 0.946340, 0.035559, 0.144543,  2,   652.33207,  16, 138446800.000000, 12.000000, 0.826208, 0.060634, 0.156231, 0.423139
DAGAGLLAAAMIAVVPGYISR, Yes, 0.12727, 0.990733, 0.012070, 0.066787,  3,   672.70306,  46, 7703275.500000, 12.000000, 0.979761, 0.007444, 0.110890, 0.143659
DAGAGLLAAAMIAVVPGYISR, Yes, 0.13698, 0.838264, 0.048578, 0.164413,  2,  1008.55095,  46, 3066355.250000, 12.000000, 0.292821, 0.046678, 0.034244, 0.239720
DFELDVLEEAYTTEHWLVR, Yes, 0.12524, 0.876742, 0.032800, 0.047818,  3,   789.04974,  34, 20150836.000000, 12.000000, 0.176449, 0.042078, 0.032625, 0.217853
ENDYYTPTGEFR, Yes, 0.12085, 0.992358, 0.015886, 0.086222,  2,   746.32296,  21, 108329032.000000, 12.000000, 0.969151, 0.009403, 0.100154, 0.141547


MeanRateConst/CorrCutOff, 0.103310, 0.900000


MedianRateConst/RMSSCutOff, 0.120850, 0.050000
StandDev/NumberPeptides, 0.010267, 5
TotalIonCurrent, 1.91473e+10
