Peptides, PeptideUnique, RateConstants, Correlations, RootMeanRSS, AbsoluteIsotopeError, Charge, m/z(Sequence), NEH, Abundance, NDP, Rsquared,sigma,CI lower band, CI upper band
TTLLPGLLK, Yes, 1.08326, 0.758462, 0.048077, 0.099460,  2,   478.31296,  7, 94307480.000000, 12.000000, 0.236948, 0.917152, 0.000000, 2.758999
ASAGSAFFPGR, Yes, 0.01629, 0.762921, 0.043524, 0.077087,  2,   534.26707,  27, 113669912.000000, 12.000000, 0.436545, 0.003960, 0.007576, 0.025007
LFEISDVVVK, Yes, 0.08905, 0.984544, 0.015722, 0.029120,  2,   574.83172,  12, 46727468.000000, 12.000000, 0.956248, 0.007553, 0.072429, 0.105676
AQGASDVVLYK, Yes, 0.12147, 0.996012, 0.011690, 0.079966,  2,   575.80877,  21, 50468948.000000, 12.000000, 0.987282, 0.005752, 0.108805, 0.134126
YDLLcLEGLAR, Yes, 0.13503, 0.983443, 0.015986, 0.051235,  2,   661.84227,  19, 48399408.000000, 12.000000, 0.957177, 0.010899, 0.111045, 0.159022
cAEIFVGGQSIGK, Yes, 0.05287, 0.979674, 0.038632, 0.183867,  2,   683.34520,  25, 29445594.000000, 12.000000, 0.858501, 0.007827, 0.035641, 0.070094
TPGFEIIHGLLDR, Yes, 0.09276, 0.991190, 0.019568, 0.055229,  3,   489.93666,  22, 65936548.000000, 12.000000, 0.954614, 0.008368, 0.074339, 0.111175
EYTAcELMNIYK, Yes, 0.09189, 0.965155, 0.031067, 0.102744,  2,   767.84943,  19, 24928466.000000, 12.000000, 0.868204, 0.014378, 0.060242, 0.123534
ALVAIGTHDLDTLSGPFTYTAK, Yes, 0.03988, 0.958788, 0.025121, 0.128102,  3,   764.40212,  33, 37648112.000000, 12.000000, 0.753164, 0.008064, 0.022126, 0.057625
ADVIHAcDIVEDAAIAYGYNNIQMTLPK, Yes, 0.03342, 0.970570, 0.021801, 0.126993,  3,  1035.83883,  54, 18103686.000000, 10.000000, 0.290041, 0.012644, 0.004813, 0.062018


MeanRateConst/CorrCutOff, 0.082044, 0.900000


MedianRateConst/RMSSCutOff, 0.091888, 0.050000
StandDev/NumberPeptides, 0.008715, 8
TotalIonCurrent, 1.47158e+10
