Peptides, PeptideUnique, RateConstants, Correlations, RootMeanRSS, AbsoluteIsotopeError, Charge, m/z(Sequence), NEH, Abundance, NDP, Rsquared,sigma,CI lower band, CI upper band
ATLLSAEHIVIATGGR, Yes, 0.10021, 0.983060, 0.018919, 0.050423,  3,   536.97377,  33, 25240990.000000, 12.000000, 0.963364, 0.007294, 0.084157, 0.116267
EDTGTFDTVLWAIGR, Yes, 0.07200, 0.951065, 0.023034, 0.014141,  2,   840.91504,  22, 31040370.000000, 12.000000, 0.698680, 0.010088, 0.049799, 0.094206
GALEYGITSDDIFWLK, Yes, 0.10826, 0.978626, 0.019861, 0.033489,  2,   914.46181,  23, 29234736.000000, 12.000000, 0.937306, 0.012074, 0.081687, 0.134838
DAHHYGWEVAQPVQHNWK, Yes, 0.18838, 0.959298, 0.030883, 0.114985,  4,   551.26206,  39, 46716420.000000, 12.000000, 0.647065, 0.033512, 0.114622, 0.262139
GFDQQMSSLVTEHMESHGTQFLK, Yes, 0.09351, 0.983094, 0.012334, 0.136068,  4,   660.05726,  44, 19372190.000000, 12.000000, 0.957339, 0.007730, 0.076500, 0.110525
cGASYAQVMQTVGIHPTcSEEVVK, Yes, 0.04219, 0.944041, 0.015085, 0.201218,  3,   884.41360,  47, 8286259.500000, 12.000000, 0.737999, 0.008719, 0.022998, 0.061380
ASFVDEHTVR, Yes, 0.20779, 0.966005, 0.028074, 0.070150,  2,   580.78837,  20, 22758560.000000, 12.000000, 0.913120, 0.025781, 0.151046, 0.264533
VAVADYVEPSPR, Yes, 0.07989, 0.957859, 0.029716, 0.075145,  2,   651.83806,  27, 35848092.000000, 12.000000, 0.904076, 0.007987, 0.062314, 0.097473
KLPTNQLQVTWEDHASGK, Yes, 0.10793, 0.937004, 0.074219, 0.277783,  3,   684.68847,  33, 4916152.500000, 8.000000, 0.680426, 0.046070, 0.000000, 1.494949
DAHHYGWEVAQPVQHNWK, Yes, 0.02620, 0.670369, 0.072152, 0.449763,  3,   734.68032,  39, 5624111.000000, 10.000000, 0.043554, 0.015633, 0.000000, 3.979257


MeanRateConst/CorrCutOff, 0.090777, 0.900000


MedianRateConst/RMSSCutOff, 0.093512, 0.050000
StandDev/NumberPeptides, 0.008717, 5
TotalIonCurrent, 1.00196e+10
