Peptides, PeptideUnique, RateConstants, Correlations, RootMeanRSS, AbsoluteIsotopeError, Charge, m/z(Sequence), NEH, Abundance, NDP, Rsquared,sigma,CI lower band, CI upper band
QSFVQSGLLAR, Yes, 3.08571, 0.991280, 0.022888, 0.223922,  2,   603.33548,  24, 109557504.000000, 12.000000, 0.931605, 1.422127, 2.438280, 3.733134
AAEAGDLHTALEK, Yes, 2.41855, 0.982437, 0.021180, 0.111158,  3,   442.56136,  32, 46706052.000000, 12.000000, 0.953948, 0.636582, 1.017443, 3.819660
LQGDVAGALEDLER, Yes, 14.69476, 0.732160, 0.089552, 0.541603,  2,   743.38081,  33, 76163464.000000, 12.000000, -1.024724, 762654.875000, 13.090406, 16.299120
QLVLLNPYAALcNR, Yes, 1.96353, 0.957277, 0.024264, 0.138687,  2,   822.94813,  26, 24860960.000000, 12.000000, 0.787948, 0.693341, 0.437495, 3.489563


MeanRateConst/CorrCutOff, 2.489262, 0.900000


MedianRateConst/RMSSCutOff, 2.418552, 0.050000
StandDev/NumberPeptides, 0.807243, 3
TotalIonCurrent, 1.83277e+10
