Peptides, PeptideUnique, RateConstants, Correlations, RootMeanRSS, AbsoluteIsotopeError, Charge, m/z(Sequence), NEH, Abundance, NDP, Rsquared,sigma,CI lower band, CI upper band
GTVLALTEK, Yes, 0.31855, 0.986685, 0.015485, 0.092015,  2,   466.27657,  12, 105598104.000000, 12.000000, 0.967793, 0.030429, 0.251572, 0.385519
GYPTLLLFR, Yes, 0.18489, 0.987980, 0.013320, 0.035910,  2,   540.31603,  10, 116761096.000000, 12.000000, 0.959217, 0.018448, 0.144289, 0.225497
GYPTLLWFR, Yes, 0.15835, 0.954934, 0.018471, 0.071586,  2,   576.81366,  10, 75081512.000000, 12.000000, 0.873425, 0.022592, 0.108628, 0.208076
DLDSLHSFVLR, Yes, 0.97349, 0.896549, 0.035450, 0.344558,  2,   651.34605,  17, 69940888.000000, 12.000000, 0.311347, 0.380111, 0.136871, 1.810107
SFEDTIAQGITFVK, Yes, 0.38680, 0.944055, 0.029749, 0.153013,  3,   519.27160,  22, 4822125.500000, 12.000000, 0.787576, 0.094228, 0.179406, 0.594195
SFEDTIAQGITFVK, Yes, 0.54067, 0.968149, 0.032565, 0.071336,  2,   778.40377,  22, 41277212.000000, 12.000000, 0.882589, 0.112160, 0.293809, 0.787535
VDcTADSDVcSAQGVR, Yes, 0.29614, 0.992001, 0.012483, 0.072518,  2,   870.36982,  33, 28314242.000000, 12.000000, 0.971844, 0.022555, 0.246497, 0.345785
VDcTQHYAVcSEHQVR, Yes, 0.23850, 0.989696, 0.018567, 0.075374,  4,   497.97300,  35, 26092754.000000, 12.000000, 0.976351, 0.018185, 0.198478, 0.278527
VDcTQHYAVcSEHQVR, Yes, 0.23818, 0.984072, 0.019297, 0.106381,  3,   663.62824,  35, 13561125.000000, 12.000000, 0.967902, 0.020481, 0.193103, 0.283260
EFPGLSDVTIAEVDcTAER, Yes, 0.18548, 0.970241, 0.032078, 0.247311,  2,  1054.99388,  39, 7334382.500000, 8.000000, 0.653720, 0.046149, 0.076350, 0.294602


MeanRateConst/CorrCutOff, 0.216924, 0.900000


MedianRateConst/RMSSCutOff, 0.238182, 0.050000
StandDev/NumberPeptides, 0.022364, 6
TotalIonCurrent, 1.41459e+10
