Peptides, PeptideUnique, RateConstants, Correlations, RootMeanRSS, AbsoluteIsotopeError, Charge, m/z(Sequence), NEH, Abundance, NDP, Rsquared,sigma,CI lower band, CI upper band
GKPLFVR, Yes, 0.07238, 0.962503, 0.018347, 0.048068,  2,   408.75815,  10, 331226016.000000, 12.000000, 0.903643, 0.006898, 0.057197, 0.087564
VPDFSDYR, Yes, 0.16906, 0.995628, 0.009470, 0.024509,  2,   499.73253,  13, 540881152.000000, 12.000000, 0.988590, 0.008217, 0.150975, 0.187146
SGPFAPVLSATSR, Yes, 0.12055, 0.964953, 0.037387, 0.052767,  2,   645.34605,  28, 253300272.000000, 12.000000, 0.824325, 0.015441, 0.086568, 0.154539
GAVPAASEPPVLDVK, Yes, 0.07759, 0.973790, 0.026844, 0.173700,  2,   725.40102,  33, 48357500.000000, 12.000000, 0.935827, 0.007263, 0.061606, 0.093579
PLVATVGLNVPASVR, Yes, 0.09274, 0.994527, 0.010116, 0.033512,  2,   746.94594,  26, 239677696.000000, 12.000000, 0.984899, 0.004171, 0.083563, 0.101922
PLVATVGLNVPASVR, Yes, 0.08780, 0.971393, 0.024671, 0.097782,  3,   498.29972,  26, 25573630.000000, 12.000000, 0.931405, 0.008835, 0.068350, 0.107241
EIDQEAAVEVSQLR, Yes, 0.05572, 0.909950, 0.042358, 0.138868,  2,   793.90465,  38, 104271976.000000, 12.000000, 0.736059, 0.009546, 0.034711, 0.076731
NVVSQFVSSMSASADVLAMSK, Yes, 0.22012, 0.993654, 0.016112, 0.097399,  3,   720.02214,  41, 71970280.000000, 12.000000, 0.940299, 0.020485, 0.175030, 0.265207
GVAGALRPLLQGAVPAASEPPVLDVK, Yes, 0.10455, 0.994331, 0.008171, 0.039587,  3,   842.48651,  57, 77293576.000000, 12.000000, 0.983561, 0.005326, 0.092828, 0.116275
GVAGALRPLLQ, Yes, 0.05353, 0.962385, 0.026657, 0.075444,  2,   547.83766,  24, 42489656.000000, 12.000000, 0.919556, 0.004677, 0.043233, 0.063821
YcPcHGSHYDASGR, Yes, 0.17705, 0.951964, 0.028389, 0.351873,  3,   556.22103,  31, 586752.187500, 12.000000, 0.851025, 0.027482, 0.116560, 0.237536


MeanRateConst/CorrCutOff, 0.077759, 0.900000


MedianRateConst/RMSSCutOff, 0.077593, 0.050000
StandDev/NumberPeptides, 0.006130, 7
TotalIonCurrent, 5.72263e+10
