Peptides, PeptideUnique, RateConstants, Correlations, RootMeanRSS, AbsoluteIsotopeError, Charge, m/z(Sequence), NEH, Abundance, NDP, Rsquared,sigma,CI lower band, CI upper band
YTDTMTFK, Yes, 0.22510, 0.870421, 0.030721, 0.030134,  2,   503.73115,  4, 81896968.000000, 12.000000, 0.545712, 0.116493, 0.000000, 2.559975
YFSLPSVIFAR, Yes, 0.14293, 0.984625, 0.022169, 0.138614,  2,   650.35843,  18, 95386984.000000, 12.000000, 0.884920, 0.015944, 0.107835, 0.178022
TDFVLEFPRPVMPN, Yes, 0.16062, 0.966137, 0.029279, 0.070815,  2,   831.42144,  22, 24076486.000000, 12.000000, 0.671284, 0.032833, 0.088355, 0.232885
GHEVVVVIPEVSWQLGK, Yes, 0.41910, 0.979026, 0.036978, 0.093730,  3,   626.01576,  29, 39859292.000000, 12.000000, 0.867216, 0.101558, 0.195570, 0.642627
TYSISHTLEDLDR, Yes, 0.03663, 0.468194, 0.054190, 0.624153,  2,   775.37827,  22, 133750752.000000, 12.000000, -1.769643, 0.017068, 0.000000, 2.965370


MeanRateConst/CorrCutOff, 0.240882, 0.900000


MedianRateConst/RMSSCutOff, 0.160620, 0.050000
StandDev/NumberPeptides, 0.029120, 3
TotalIonCurrent, 1.26739e+10
