Peptides, PeptideUnique, RateConstants, Correlations, RootMeanRSS, AbsoluteIsotopeError, Charge, m/z(Sequence), NEH, Abundance, NDP, Rsquared,sigma,CI lower band, CI upper band
TQSTWVDSFFR, Yes, 1.03653, 0.684231, 0.098108, 1.476674,  2,   687.32787,  16, 13807199.000000, 11.000000, -1.300164, 1.459152, 0.000000, 3.898840
SVFMSSTSASGTGR, Yes, 0.10941, 0.834650, 0.076049, 0.369588,  2,   687.81955,  27, 3108395.250000, 11.000000, -0.468219, 0.052663, 0.000000, 2.814376
AYDLPGDFLTQALTQR, Yes, 0.26435, 0.988233, 0.014140, 0.088163,  2,   904.96251,  30, 7769693.500000, 10.000000, 0.976413, 0.020118, 0.218839, 0.309859
VNIVDLQQVINVDLTHIESR, Yes, 0.29054, 0.992995, 0.012009, 0.114245,  3,   769.08853,  34, 11411490.000000, 11.000000, 0.972534, 0.026613, 0.231237, 0.349834
AYDLPGDFLTQALTQR, Yes, 0.35903, 0.971035, 0.020877, 0.190913,  3,   603.64410,  30, 4829515.500000, 11.000000, 0.939531, 0.045929, 0.256692, 0.461362


MeanRateConst/CorrCutOff, 0.304637, 0.900000


MedianRateConst/RMSSCutOff, 0.290536, 0.050000
StandDev/NumberPeptides, 0.027509, 3
TotalIonCurrent, 1.91628e+09
