Peptides, PeptideUnique, RateConstants, Correlations, RootMeanRSS, AbsoluteIsotopeError, Charge, m/z(Sequence), NEH, Abundance, NDP, Rsquared,sigma,CI lower band, CI upper band
YAPSGFYIASGDISGK, Yes, 0.12432, 0.956141, 0.026977, 0.088319,  2,   816.89884,  30, 68677992.000000, 11.000000, 0.786285, 0.020889, 0.077778, 0.170867
SVADGYSENNVFYGHHAK, Yes, 0.02796, 0.653899, 0.085568, 0.211910,  3,   665.63789,  35, 15630390.000000, 11.000000, -0.009808, 0.017805, 0.000000, 4.271362
LATGSDDNcAAFFEGPPFK, Yes, 0.16466, 0.970072, 0.032144, 0.224734,  2,  1022.45948,  37, 15418427.000000, 9.000000, 0.875153, 0.029438, 0.096772, 0.232541
FGAVFLWDTGSSVGEITGHNK, Yes, 0.05961, 0.945919, 0.023005, 0.144263,  3,   741.36741,  32, 85269544.000000, 11.000000, 0.844374, 0.008737, 0.040148, 0.079080
AHDGGIYAISWSPDSTHLLSASGDK, Yes, 0.15347, 0.996449, 0.006917, 0.092033,  4,   647.06212,  49, 28696098.000000, 11.000000, 0.987761, 0.007887, 0.135893, 0.171042
AHDGGIYAISWSPDSTHLLSASGDK, Yes, 0.09199, 0.973552, 0.011176, 0.313322,  3,   862.41374,  49, 8704291.000000, 7.000000, 0.926477, 0.009202, 0.069477, 0.114511
LHHVSSLAWLDEHTLVTTSHDASVK, Yes, 0.09069, 0.965439, 0.022014, 0.159598,  4,   696.60824,  42, 7765965.500000, 10.000000, 0.816583, 0.020239, 0.044905, 0.136474
cFSIDNPGYEPEVVAVHPGGDTVAVGGTDGNVR, Yes, 0.07819, 0.937742, 0.008883, 0.178410,  3,  1129.19666,  61, 3958748.000000, 5.000000, 0.474028, 0.036732, 0.000000, 3.843390
YTNLTLR, Yes, 0.08100, 0.960354, 0.020478, 0.092390,  2,   440.74798,  7, 149560896.000000, 11.000000, 0.695544, 0.012389, 0.053396, 0.108604
SIQcLTVHR, Yes, 0.08849, 0.855744, 0.045017, 0.012887,  3,   371.86596,  16, 70520712.000000, 11.000000, 0.240944, 0.020438, 0.042948, 0.134025
NIDNPAIADIYTEHAHQVVVAK, Yes, 0.03690, 0.810396, 0.035790, 0.215321,  4,   605.31575,  45, 39001056.000000, 11.000000, 0.513866, 0.008979, 0.016894, 0.056909


MeanRateConst/CorrCutOff, 0.080298, 0.900000


MedianRateConst/RMSSCutOff, 0.081000, 0.050000
StandDev/NumberPeptides, 0.013141, 5
TotalIonCurrent, 1.28296e+10
