Peptides, PeptideUnique, RateConstants, Correlations, RootMeanRSS, AbsoluteIsotopeError, Charge, m/z(Sequence), NEH, Aboundance, NDP, Rsquared,sigma
YLAEVATGEK, Yes, 0.07401, 0.995697, 0.017400, 0.078846,  2,   540.78223,  20, 93161728.000000, 12.000000, 0.971092, 0.004608
AYSEAHEISK, Yes, 0.08255, 0.994934, 0.012481, 0.072206,  2,   567.77490,  25, 7710060.500000, 12.000000, 0.986706, 0.003021
NVTELNEPLSNEER, Yes, 0.02509, 0.981158, 0.016110, 0.041160,  2,   822.39716,  32, 102746944.000000, 12.000000, 0.567116, 0.005232
TAFDDAIAELDTLNEDSYK, Yes, 0.09473, 0.995012, 0.008346, 0.078571,  2,  1065.98926,  35, 16950120.000000, 12.000000, 0.986569, 0.004011
TAFDDAIAELDTLNEDSYK, Yes, 0.09961, 0.986700, 0.015421, 0.051612,  3,   710.99530,  35, 15906545.000000, 12.000000, 0.965038, 0.007355
LGLALNYSVFYYEIQNAPEQAcHLAK, Yes, 0.06826, 0.984661, 0.007541, 0.048513,  3,  1004.83563,  53, 10516848.000000, 12.000000, 0.966915, 0.003752
YDDMAAAMK, Yes, 0.09343, -2.000000, 0.000001, 0.457400,  2,   508.21478,  18, 105074224.000000, 1.000000, 0.000000, 0.002462
EHMQPTHPIR, Yes, 0.46346, -2.000000, 0.071959, 0.487886,  3,   415.87674,  24, 19816416.000000, 1.000000, 0.000000, 658.606018
EHMQPTHPIR, Yes, 0.46346, -2.000000, 0.080223, 0.471358,  2,   623.31146,  24, 1932830.375000, 1.000000, 0.000000, 731.964661


MeanRateConst/CorrCutOff, 0.083833, 0.900000


MedianRateConst/RMSSCutOff, 0.082547, 0.050000
StandDev/NumberPeptides, 0.013309, 5
TotalIonCurrent, 7.27085e+09
