Peptides, PeptideUnique, RateConstants, Correlations, RootMeanRSS, AbsoluteIsotopeError, Charge, m/z(Sequence), NEH, Aboundance, NDP, Rsquared,sigma
EGYENFFGK, Yes, 0.05725, 0.937415, 0.029998, 0.113804,  2,   545.74561,  15, 26068354.000000, 9.000000, 0.819966, 0.009461
EIVADSDVMLK, Yes, 0.04168, 0.727777, 0.037349, 0.277416,  2,   610.31555,  18, 75456104.000000, 9.000000, 0.115252, 0.011376
YMDSYDIVLVK, Yes, 0.06370, 0.956943, 0.030857, 0.123201,  2,   673.33905,  11, 33993668.000000, 9.000000, 0.727853, 0.016231
FPYMVEWYTK, Yes, 0.03614, 0.963167, 0.017666, 0.117721,  2,   682.32318,  10, 49824464.000000, 9.000000, 0.642803, 0.008832
EESLEVVNSILQK, Yes, 0.11058, 0.891193, 0.044183, 0.145032,  2,   744.40118,  26, 22883714.000000, 9.000000, 0.316732, 0.022858
VVSNFMDFDENGVLK, Yes, 0.01355, 0.930638, 0.066610, 0.208849,  2,   857.41125,  20, 63327524.000000, 9.000000, 0.051673, 0.013333
LQQHGIPVFIFSAGIGDVLEEVIR, Yes, 0.06285, 0.976096, 0.013679, 0.061381,  3,   879.81818,  46, 3989668.000000, 9.000000, 0.915463, 0.006909


MeanRateConst/CorrCutOff, 0.054984, 0.900000


MedianRateConst/RMSSCutOff, 0.062852, 0.050000
StandDev/NumberPeptides, 0.012887, 4
TotalIonCurrent, 4.71855e+09
