Peptides, PeptideUnique, RateConstants, Correlations, RootMeanRSS, AbsoluteIsotopeError, Charge, m/z(Sequence), NEH, Aboundance, NDP, Rsquared,sigma
AASGLLSIGLR, Yes, 0.02886, 0.925896, 0.028681, 0.132588,  2,   529.32184,  23, 34515892.000000, 12.000000, 0.808571, 0.003378
TQQYYDILK, Yes, 0.56465, 0.887094, 0.078462, 0.081770,  2,   586.30328,  12, 17880894.000000, 12.000000, 0.493751, 0.358252
HPQVQEAQVVGVK, Yes, 0.03104, 0.968341, 0.071502, 0.241452,  3,   473.59653,  30, 7528620.000000, 12.000000, 0.528520, 0.009940
GGVIAGSPAPPELIR, Yes, 0.04443, 0.980899, 0.018881, 0.106869,  2,   717.40918,  35, 21994262.000000, 12.000000, 0.951273, 0.002861
YIVFVEGYPLTISGK, Yes, 0.03722, 0.989356, 0.014435, 0.092819,  2,   843.46106,  18, 42238748.000000, 12.000000, 0.909216, 0.003585
GGENIYPAELEDFFLK, Yes, 0.06767, 0.995045, 0.009641, 0.103257,  2,   921.45142,  30, 13602273.000000, 12.000000, 0.979990, 0.003224
GATLSHHNIVNNSMLIGQR, Yes, 0.04226, 0.957077, 0.028383, 0.241471,  3,   688.02521,  37, 10004803.000000, 12.000000, 0.847170, 0.005623
FLScYDPINIQFTSGTTGNPK, Yes, 0.01741, 0.889174, 0.028237, 0.168738,  2,  1180.56506,  30, 3011398.250000, 12.000000, 0.612411, 0.004075
IMPHTEAQIVNVETGELTNLNVPGELYIR, Yes, 0.03941, 0.851746, 0.022415, 0.116985,  3,  1084.23071,  53, 2930091.250000, 11.000000, 0.156586, 0.022263


MeanRateConst/CorrCutOff, 0.038194, 0.900000


MedianRateConst/RMSSCutOff, 0.042265, 0.050000
StandDev/NumberPeptides, 0.006920, 4
TotalIonCurrent, 4.69905e+09
