Peptides, PeptideUnique, RateConstants, Correlations, RootMeanRSS, AbsoluteIsotopeError, Charge, m/z(Sequence), NEH, Aboundance, NDP, Rsquared,sigma
GLMPDGTSR, Yes, 0.03770, 0.952287, 0.021065, 0.162451,  2,   467.22656,  16, 53483620.000000, 11.000000, 0.648787, 0.004460
EFGASEcISPQDFSK, Yes, 0.06725, 0.995689, 0.007536, 0.050939,  2,   851.37488,  34, 23998106.000000, 11.000000, 0.983397, 0.002472
VcLLGcGISTGYGAAVNTAK, Yes, 0.05019, 0.957815, 0.025167, 0.144338,  2,  1006.50061,  32, 10344557.000000, 11.000000, 0.889894, 0.005469
VEPGSTcAVFGLGGVGLAVIMGcK, Yes, 0.04580, 0.887791, 0.023436, 0.177002,  3,   793.73383,  39, 7609578.000000, 11.000000, 0.571382, 0.009632
SIQEVLVEMTDGGVDYSFEcIGNVK, Yes, 0.01658, 0.944007, 0.043825, 0.274108,  3,   930.43848,  41, 6348476.500000, 11.000000, 0.364453, 0.008337
VDEFVTGNLSFDQINQAFDLMHSGDSIR, Yes, 0.06386, 0.962015, 0.012919, 0.060735,  3,  1052.49609,  52, 5717254.500000, 11.000000, 0.910496, 0.006571
GTAFGGWK, Yes, 1.82369, 0.367158, 0.112667, 0.247210,  2,   412.20850,  11, 57527552.000000, 11.000000, -0.020570, 3.018111


MeanRateConst/CorrCutOff, 0.054751, 0.900000


MedianRateConst/RMSSCutOff, 0.050195, 0.050000
StandDev/NumberPeptides, 0.013548, 4
TotalIonCurrent, 3.89473e+09
