Peptides, PeptideUnique, RateConstants, Correlations, RootMeanRSS, AbsoluteIsotopeError, Charge, m/z(Sequence), NEH, Aboundance, NDP, Rsquared,sigma
QDLFIVSK, Yes, 0.07329, 0.967178, 0.034812, 0.065269,  2,   475.27130,  11, 50382912.000000, 12.000000, 0.862878, 0.012171
VcALMScAK, Yes, 0.17264, 0.800367, 0.053083, 0.269899,  2,   520.24030,  16, 73346320.000000, 12.000000, -0.050132, 0.051177
MPTLGLGTWK, Yes, 0.03277, 0.994079, 0.012055, 0.049667,  2,   552.29950,  10, 339555936.000000, 12.000000, 0.907925, 0.003067
RQDLFIVSK, Yes, 0.03405, 0.972889, 0.022509, 0.057679,  2,   553.32184,  14, 80045512.000000, 12.000000, 0.870801, 0.003962
SPPGQVTEAVK, Yes, 0.04743, 0.992222, 0.011187, 0.050318,  2,   556.80096,  23, 257053376.000000, 12.000000, 0.981685, 0.001800
HIDcAQVYQNEK, Yes, 0.04566, 0.993178, 0.016794, 0.039430,  2,   752.84607,  26, 35482812.000000, 12.000000, 0.971942, 0.002389
TIGVSNFNPLQIER, Yes, 0.10688, 0.952722, 0.048021, 0.166822,  2,   794.42810,  26, 322894496.000000, 12.000000, 0.122242, 0.020026
GIVVTAYSPLGSPDRPWAK, Yes, 0.03856, 0.966368, 0.023738, 0.075490,  3,   672.03009,  34, 21587086.000000, 12.000000, 0.869913, 0.004707
YKPAVNQIEcHPYLTQEK, Yes, 0.04932, 0.973205, 0.014450, 0.049506,  3,   740.03687,  35, 57355612.000000, 12.000000, 0.945495, 0.003440
VFDFEVSSEDMATLLSYNR, Yes, 0.05047, 0.991480, 0.007777, 0.018901,  2,  1112.01733,  33, 33610916.000000, 12.000000, 0.976980, 0.002280
TLSDLQLDYLDLYLIHWPTGFK, Yes, 0.06731, 0.993739, 0.004617, 0.037105,  3,   884.46338,  26, 38405380.000000, 12.000000, 0.984729, 0.002545
LWcTFHDK, Yes, 0.03320, 0.936810, 0.022008, 0.106169,  2,   553.75806,  8, 19364082.000000, 12.000000, 0.812127, 0.004921
VFDFEVSSEDMATLLSYNR, Yes, 0.04659, 0.987808, 0.011393, 0.045844,  3,   741.68066,  33, 26673378.000000, 12.000000, 0.955413, 0.003085


MeanRateConst/CorrCutOff, 0.044535, 0.900000


MedianRateConst/RMSSCutOff, 0.046585, 0.050000
StandDev/NumberPeptides, 0.010557, 10
TotalIonCurrent, 3.70069e+10
