Peptides, PeptideUnique, RateConstants, Correlations, RootMeanRSS, AbsoluteIsotopeError, Charge, m/z(Sequence), NEH, Aboundance, NDP, Rsquared,sigma
KLELSENR, Yes, 0.06980, 0.978625, 0.027803, 0.048799,  2,   494.77472,  17, 11167651.000000, 11.000000, 0.730188, 0.014328
LLPQVMYLDGYDR, Yes, 0.16262, 0.972619, 0.019619, 0.019286,  2,   791.90033,  20, 39290580.000000, 11.000000, 0.908273, 0.018127
SLDLFNcEVTNLNAYR, Yes, 0.05494, 0.957881, 0.028398, 0.131137,  3,   643.64386,  26, 6007566.500000, 11.000000, 0.843993, 0.008226
SLDLFNcEVTNLNAYR, Yes, 0.32729, 0.650609, 0.065157, 0.784007,  2,   964.96216,  26, 19110230.000000, 11.000000, -3.300380, 0.138868


MeanRateConst/CorrCutOff, 0.095786, 0.900000


MedianRateConst/RMSSCutOff, 0.069802, 0.050000
StandDev/NumberPeptides, 0.058352, 3
TotalIonCurrent, 2.46539e+09
