Peptides, PeptideUnique, RateConstants, Correlations, RootMeanRSS, AbsoluteIsotopeError, Charge, m/z(Sequence), NEH, Aboundance, NDP, Rsquared,sigma
ALLTLADGR, Yes, 0.03735, 0.951486, 0.023962, 0.087521,  2,   465.27435,  17, 11290753.000000, 12.000000, 0.782162, 0.004246
SEIDLLDIR, Yes, 0.14367, 0.922346, 0.036713, 0.169483,  2,   537.29547,  16, 18770584.000000, 12.000000, 0.506643, 0.029264
EISQAYYTVYK, Yes, 0.04461, 0.931075, 0.035183, 0.108534,  2,   682.84027,  18, 12489593.000000, 12.000000, 0.743568, 0.007650
GELSGHFEDLLLAIVHcAR, Yes, 0.00002, 0.348793, 0.082970, 0.159467,  3,   713.03345,  39, 18561486.000000, 12.000000, -1.564697, 0.006274
GAGTDEFTLNR, Yes, 0.02051, 1.000000, 0.011864, 0.139420,  2,   590.78326,  20, 2164764.250000, 3.000000, 0.877844, 0.002707


MeanRateConst/CorrCutOff, 0.061535, 0.900000


MedianRateConst/RMSSCutOff, 0.044612, 0.050000
StandDev/NumberPeptides, 0.055681, 4
TotalIonCurrent, 1.28877e+09
