Peptides, PeptideUnique, RateConstants, Correlations, RootMeanRSS, AbsoluteIsotopeError, Charge, m/z(Sequence), NEH, Aboundance, NDP, Rsquared,sigma
WAGAVITGFR, Yes, 0.05406, 0.940964, 0.044961, 0.204955,  2,   539.29565,  17, 84865752.000000, 12.000000, -0.318676, 0.009134
MAIPLWAGAVITGFR, Yes, 0.01179, 0.864475, 0.022977, 0.125305,  2,   801.94489,  27, 9166609.000000, 12.000000, 0.490099, 0.002630
LSMAIPLWAGAVITGFR, Yes, 0.02384, 0.986762, 0.014030, 0.057462,  3,   601.67102,  30, 6092549.500000, 12.000000, 0.899415, 0.002212
LSMAIPLWAGAVITGFR, Yes, 0.02921, 0.976902, 0.011405, 0.059049,  2,   902.00293,  30, 13351945.000000, 12.000000, 0.935798, 0.001613
NLSMAIPLWAGAVITGFR, Yes, 0.02118, 0.968702, 0.012632, 0.051519,  3,   639.68536,  32, 12070651.000000, 12.000000, 0.890937, 0.001905
NLSmAIPLWAGAVITGFR, Yes, 0.00776, 0.911429, 0.105541, 0.451622,  3,   645.01697,  32, 19774106.000000, 12.000000, -0.064030, 0.010336
NLSMAIPLWAGAVITGFR, Yes, 0.02239, 0.992454, 0.009125, 0.032079,  2,   959.02435,  32, 21980136.000000, 12.000000, 0.934310, 0.001551


MeanRateConst/CorrCutOff, 0.024155, 0.900000


MedianRateConst/RMSSCutOff, 0.023837, 0.050000
StandDev/NumberPeptides, 0.003542, 4
TotalIonCurrent, 4.59922e+09
