Peptides, PeptideUnique, RateConstants, Correlations, RootMeanRSS, AbsoluteIsotopeError, Charge, m/z(Sequence), NEH, Aboundance, NDP, Rsquared,sigma
GPFPQELVR, Yes, 0.45746, 0.796214, 0.072937, 0.134989,  2,   521.78766,  20, 35842444.000000, 12.000000, -0.459418, 0.192328
LSDPANWLK, Yes, 0.04391, 0.974000, 0.015551, 0.072106,  2,   522.27966,  14, 55047056.000000, 12.000000, 0.938459, 0.003141
LNGDFAQLNLK, Yes, 1.45081, -2.000000, 0.077013, 0.708107,  2,   616.83533,  18, 412778.750000, 2.000000, -3.311814, 979.622498
DWVIPPINLPENSR, Yes, 0.09741, 0.880807, 0.050208, 0.609364,  2,   825.43591,  26, 37228144.000000, 12.000000, -0.776051, 0.022029
IDPVNGQITTIAVLDR, Yes, 0.06172, 0.980192, 0.014848, 0.091670,  2,   862.98071,  26, 22317864.000000, 12.000000, 0.956570, 0.003932
MFVLTVAAENQVPLAK, Yes, 0.01190, 0.904359, 0.056129, 0.165819,  2,   865.97913,  29, 46812324.000000, 12.000000, 0.138282, 0.007130
LDERPIHAEPQYPVR, Yes, 0.04333, 0.962506, 0.033496, 0.230758,  3,   607.31982,  37, 8044760.500000, 12.000000, 0.822792, 0.006928
FAILTDPNSNDGLVTVVKPIDFETNR, Yes, 0.05892, 0.973316, 0.010107, 0.070304,  3,   959.16608,  39, 19076634.000000, 12.000000, 0.944735, 0.004128
TFYGEVPENR, Yes, 0.06740, 0.956809, 0.031418, 0.087946,  2,   606.28821,  19, 42998292.000000, 12.000000, 0.761463, 0.007599
QEEGLHAGTMLTTLTAQDPDR, Yes, 0.03942, 0.750564, 0.055350, 0.059254,  3,   762.03400,  44, 13291009.000000, 12.000000, -0.864258, 0.017844
MFVLTVAAENQVPLAK, Yes, 0.06749, 0.960620, 0.025174, 0.293085,  3,   577.65515,  29, 13674975.000000, 12.000000, 0.911750, 0.007239


MeanRateConst/CorrCutOff, 0.057128, 0.900000


MedianRateConst/RMSSCutOff, 0.061724, 0.050000
StandDev/NumberPeptides, 0.010975, 6
TotalIonCurrent, 8.22283e+09
