Peptides, PeptideUnique, RateConstants, Correlations, RootMeanRSS, AbsoluteIsotopeError, Charge, m/z(Sequence), NEH, Aboundance, NDP, Rsquared,sigma
TLIQcLGSVGR, Yes, 68.78338, -0.417755, 0.253448, 1.078830,  2,   602.32935,  18, 6027657.000000, 8.000000, -0.694226, 0.000000
VAAEALLVLQELVR, Yes, 0.16900, 0.995523, 0.011432, 0.102362,  2,   762.46143,  31, 5423924.000000, 8.000000, 0.985224, 0.009267
TVLLEALGSPSEDVR, Yes, 0.00155, 0.886001, 0.036763, 0.121458,  2,   793.42523,  30, 34127432.000000, 8.000000, -0.670971, 0.004593
VLAFLSLAEVGQVAGPGPQR, Yes, 0.14009, 0.969554, 0.020528, 0.067986,  3,   670.37744,  45, 4406412.000000, 8.000000, 0.934165, 0.014914


MeanRateConst/CorrCutOff, 0.103549, 0.900000


MedianRateConst/RMSSCutOff, 0.140090, 0.050000
StandDev/NumberPeptides, 0.089506, 3
TotalIonCurrent, 1.84703e+09
