Peptides, PeptideUnique, RateConstants, Correlations, RootMeanRSS, AbsoluteIsotopeError, Charge, m/z(Sequence), NEH, Aboundance, NDP, Rsquared,sigma
EYQFTILDVR, Yes, 0.05267, 0.492954, 0.063056, 0.176726,  2,   642.33514,  16, 16360091.000000, 12.000000, -0.551850, 0.017220
IHNQNNEQAWK, Yes, 0.07347, 0.950027, 0.034798, 0.131058,  3,   461.22510,  26, 4784746.500000, 12.000000, 0.812608, 0.009356
SWMGYELPFDR, Yes, 0.16669, 0.971130, 0.028997, 0.192200,  2,   700.81879,  19, 18083070.000000, 12.000000, 0.772243, 0.023774
AYDYVEcPVTGAR, Yes, 0.02634, 0.902200, 0.025822, 0.155022,  2,   750.84302,  25, 15613845.000000, 12.000000, 0.756191, 0.003406
YVIDYYDGGEVNK, Yes, 0.11114, 0.984483, 0.012984, 0.060885,  2,   767.85663,  17, 18758980.000000, 12.000000, 0.966985, 0.007594
WVYPSEQMFWNAMLR, Yes, 0.03495, 0.809941, 0.035783, 0.180366,  2,   979.45801,  26, 2755799.250000, 12.000000, 0.582311, 0.007994


MeanRateConst/CorrCutOff, 0.094409, 0.900000


MedianRateConst/RMSSCutOff, 0.111138, 0.050000
StandDev/NumberPeptides, 0.059373, 4
TotalIonCurrent, 2.53902e+09
