Peptides, PeptideUnique, RateConstants, Correlations, RootMeanRSS, AbsoluteIsotopeError, Charge, m/z(Sequence), NEH, Aboundance, NDP, Rsquared,sigma
FGVAEPR, Yes, 0.02032, 0.997209, 0.010766, 0.040959,  2,   388.20850,  16, 1573369856.000000, 12.000000, 0.951309, 0.001179
AGIFQSAK, Yes, 0.52350, 0.785158, 0.087316, 0.553720,  2,   411.22943,  18, 2454854400.000000, 12.000000, -3.086823, 0.222688
NYDSMKDFEEMR, Yes, 0.02587, 0.994565, 0.010390, 0.051900,  2,   782.82397,  23, 137884720.000000, 12.000000, 0.945610, 0.001674
NYDSMKDFEEMR, Yes, 0.02629, 0.992443, 0.011202, 0.023844,  3,   522.21838,  23, 796763456.000000, 12.000000, 0.940453, 0.001793
NYDSMKDFEEMRK, Yes, 0.02591, 0.978901, 0.021994, 0.065006,  3,   564.91669,  23, 119632968.000000, 12.000000, 0.834048, 0.003513
SSGALLPK, Yes, 0.04089, 0.961266, 0.037853, 0.337567,  2,   386.73178,  15, 200183040.000000, 12.000000, -0.302483, 0.006483
KAGIFQSAK, Yes, 0.17219, 0.798730, 0.071649, 0.083769,  2,   475.27689,  19, 24638458.000000, 12.000000, 0.370621, 0.054771
IVALGVAAAYK, Yes, 0.01599, 0.909800, 0.031996, 0.167316,  2,   538.32910,  21, 6497715.500000, 10.000000, 0.532200, 0.004694


MeanRateConst/CorrCutOff, 0.024597, 0.900000


MedianRateConst/RMSSCutOff, 0.025869, 0.050000
StandDev/NumberPeptides, 0.002858, 4
TotalIonCurrent, 1.0651e+11
