Peptides, PeptideUnique, RateConstants, Correlations, RootMeanRSS, AbsoluteIsotopeError, Charge, m/z(Sequence), NEH, Aboundance, NDP, Rsquared,sigma
TGEPNMcPR, Yes, 0.04057, 0.966359, 0.027163, 0.079875,  2,   531.22876,  19, 6092186.500000, 12.000000, 0.404593, 0.010350
PcYGILFGPK, Yes, 0.11745, 0.950974, 0.022032, 0.239912,  2,   576.29950,  13, 41835892.000000, 12.000000, 0.884232, 0.014310
PcYATLFGPK, Yes, 0.04990, 0.932190, 0.028316, 0.132310,  2,   577.28918,  14, 51051700.000000, 12.000000, 0.756895, 0.007652
GVNIGGAGSYIYEK, Yes, 0.02876, 0.511988, 0.078317, 0.131483,  2,   714.36188,  24, 15690077.000000, 12.000000, -0.203673, 0.012900
GVNTGAVGSYIYDK, Yes, 0.07096, 0.985744, 0.017401, 0.024844,  2,   722.35938,  20, 14249839.000000, 12.000000, 0.814518, 0.009594
ASSVTTFTGEPNMcPR, Yes, 0.07797, 0.988318, 0.012302, 0.054451,  2,   877.89545,  29, 197736656.000000, 12.000000, 0.971438, 0.004069
PQTEAPQVTGPIEVPVVR, Yes, 0.05800, 0.967177, 0.044330, 0.269203,  2,   959.02563,  39, 2859439.750000, 7.000000, 0.830817, 0.014579
EKPQTEAPQVTGPIEVPVVR, Yes, 0.04879, 0.916174, 0.045177, 0.157076,  3,   725.39868,  43, 6598026.000000, 11.000000, 0.656893, 0.013351
IYEKPQTEAPQVTGPIEVPVVR, Yes, 0.10176, 0.989227, 0.011223, 0.111403,  3,   817.44781,  45, 10923551.000000, 12.000000, 0.970572, 0.006684
IGGAGSYIYEKPQTEAPQVTGPIEVPVVR, Yes, 0.06345, 0.931546, 0.016849, 0.152316,  3,  1019.20813,  59, 5012092.000000, 9.000000, 0.827733, 0.010201
GVNIGGAGSYIYEKPQTEAPQVTGPIEVPVVR, Yes, 0.09888, 0.994500, 0.005135, 0.023838,  3,  1109.25244,  63, 70964456.000000, 12.000000, 0.984374, 0.004552


MeanRateConst/CorrCutOff, 0.058521, 0.900000


MedianRateConst/RMSSCutOff, 0.058001, 0.050000
StandDev/NumberPeptides, 0.013221, 7
TotalIonCurrent, 1.90646e+10
