Peptides, PeptideUnique, RateConstants, Correlations, RootMeanRSS, AbsoluteIsotopeError, Charge, m/z(Sequence), NEH, Aboundance, NDP, Rsquared,sigma
NQPMTPEAVR, Yes, 0.10052, 0.965195, 0.030062, 0.078886,  2,   571.78479,  24, 17306302.000000, 12.000000, 0.906141, 0.009812
VVLVTGAGGGLGR, Yes, 0.07529, 0.992585, 0.011502, 0.074469,  2,   578.34589,  20, 49108716.000000, 12.000000, 0.982641, 0.003152
IDVVVNNAGILR, Yes, 0.08692, 0.986969, 0.019070, 0.097059,  2,   641.87750,  19, 26635680.000000, 12.000000, 0.953358, 0.007049
AVANYDSVEAGEK, Yes, 0.07461, 0.972133, 0.025306, 0.087050,  2,   676.82007,  30, 14383624.000000, 12.000000, 0.936864, 0.005679
ISDEDWDIIHR, Yes, 0.11187, 0.976474, 0.028126, 0.123191,  3,   466.89313,  21, 12811804.000000, 12.000000, 0.929652, 0.013073
GALVIVNDLGGDFK, Yes, 1.40141, 0.481102, 0.098159, 0.782373,  2,   709.38794,  20, 33461398.000000, 12.000000, -1.783092, 1.980761
LGILGLcNTLAIEGR, Yes, 0.10815, 0.972682, 0.025983, 0.241112,  2,   800.44800,  25, 17549574.000000, 12.000000, 0.824909, 0.012641
ALHGEQYLELYKPLPR, Yes, 0.05505, 0.751264, 0.048032, 0.117410,  4,   482.51636,  33, 18041030.000000, 12.000000, 0.413551, 0.012866


MeanRateConst/CorrCutOff, 0.092892, 0.900000


MedianRateConst/RMSSCutOff, 0.100516, 0.050000
StandDev/NumberPeptides, 0.016313, 6
TotalIonCurrent, 7.81087e+09
