Peptides, PeptideUnique, RateConstants, Correlations, RootMeanRSS, AbsoluteIsotopeError, Charge, m/z(Sequence), NEH, Aboundance, NDP, Rsquared,sigma
AAEMLLFGK, No, 0.02646, 0.967232, 0.015388, 0.043090,  2,   490.26767,  17, 208819008.000000, 12.000000, 0.920550, 0.001954
PGMLDFVNK, Yes, 0.02509, 0.973029, 0.013310, 0.059721,  2,   510.76279,  11, 124336160.000000, 12.000000, 0.889427, 0.002393
QATEGPcNMPK, Yes, 0.01045, 0.951716, 0.035470, 0.076476,  2,   616.77356,  24, 51567644.000000, 12.000000, 0.686142, 0.002247
DILVTSEDGITK, No, 0.09492, 0.966163, 0.028671, 0.033975,  2,   645.84302,  16, 460682592.000000, 12.000000, 0.912165, 0.011882
DFVNSFIDFPK, Yes, 0.03715, 0.973650, 0.011708, 0.015629,  2,   664.82971,  13, 66219872.000000, 12.000000, 0.921101, 0.002358
WDAWNALGSLPK, Yes, 0.02614, 0.995248, 0.006877, 0.025198,  2,   679.34857,  20, 167068416.000000, 12.000000, 0.968950, 0.001186
DFVNSFIDFPKPL, Yes, 0.02484, 0.979492, 0.014766, 0.068237,  2,   769.89813,  17, 22992482.000000, 12.000000, 0.868761, 0.002707
ASQQDFENALNQVK, Yes, 0.01892, 0.955786, 0.054287, 0.220129,  2,   796.38916,  34, 67693112.000000, 12.000000, 0.492848, 0.006353
LYAVNAEEcTTLQAR, Yes, 0.02810, 0.987014, 0.025899, 0.082167,  2,   869.92505,  33, 47116508.000000, 12.000000, 0.903171, 0.002834
SQLGQSPEAcSSYTFPK, Yes, 0.02014, 0.940201, 0.016366, 0.145140,  2,   943.93311,  37, 17957264.000000, 12.000000, 0.787681, 0.002912
WLSEEcMNAIMSFVSR, Yes, 0.02512, 0.968043, 0.014293, 0.131038,  2,   980.44171,  31, 10369503.000000, 12.000000, 0.920999, 0.001968
WLSEEcMNAIMSFVSR, Yes, 0.02933, 0.917979, 0.020383, 0.259917,  3,   653.96356,  31, 8598586.000000, 12.000000, 0.749417, 0.003897
QNYVDLVSSLSSSSEAPSQGK, Yes, 0.02426, 0.972140, 0.019652, 0.144404,  3,   728.35358,  45, 13579799.000000, 12.000000, 0.779009, 0.003668
QNYVDLVSSLSSSSEAPSQGK, Yes, 0.02984, 0.964163, 0.018247, 0.047687,  2,  1092.02673,  45, 22436342.000000, 12.000000, 0.893190, 0.002828
EAWAQGLVTEVFPESTFETEVWTR, No, 0.02712, 0.985767, 0.006224, 0.123989,  3,   938.12036,  46, 25605952.000000, 12.000000, 0.958627, 0.001195


MeanRateConst/CorrCutOff, 0.026965, 0.900000


MedianRateConst/RMSSCutOff, 0.026137, 0.050000
StandDev/NumberPeptides, 0.004102, 12
TotalIonCurrent, 3.88098e+10
