Peptides, PeptideUnique, RateConstants, Correlations, RootMeanRSS, AbsoluteIsotopeError, Charge, m/z(Sequence), NEH, Aboundance, NDP, Rsquared,sigma
IYFMAGSSR, Yes, 0.06703, 0.946178, 0.024910, 0.049047,  2,   516.25256,  17, 55116912.000000, 12.000000, 0.799707, 0.007968
LGVIEDHSNR, Yes, 0.13317, 0.965357, 0.028885, 0.103102,  3,   380.53165,  20, 15377939.000000, 12.000000, 0.913103, 0.014259
SILFVPTSAPR, Yes, 0.15598, 0.858379, 0.057941, 0.054541,  2,   594.34277,  20, 42841972.000000, 12.000000, 0.550454, 0.039753
ELISNASDALDK, No, 0.16817, 0.994383, 0.014604, 0.045470,  2,   638.32495,  25, 142900976.000000, 12.000000, 0.979953, 0.009167
DISTNYYASQK, Yes, 0.01291, 0.946260, 0.067876, 0.291194,  2,   645.30402,  19, 11620680.000000, 12.000000, 0.345147, 0.006674
EFEPLLNWMK, Yes, 0.15425, 0.982237, 0.014070, 0.097765,  2,   653.82861,  15, 23543366.000000, 12.000000, 0.953086, 0.012997
NLLHVTDTGVGMTR, Yes, 0.11111, 0.977207, 0.034800, 0.153231,  3,   505.26456,  18, 30571274.000000, 12.000000, 0.714448, 0.034907
EEASDYLELDTIK, Yes, 0.04852, 0.969568, 0.021634, 0.064687,  2,   763.36700,  25, 106949704.000000, 12.000000, 0.891455, 0.003758
VFITDDFHDMMPK, Yes, 0.14212, 0.980205, 0.022576, 0.165021,  3,   532.57928,  16, 15105571.000000, 12.000000, 0.916695, 0.020698
YSQFINFPIYVWSSK, Yes, 0.83430, 0.809259, 0.043566, 0.265174,  2,   939.97485,  20, 8866615.000000, 12.000000, -1.060961, 0.395547
FQSSHHSTDITSLDQYVER, Yes, 0.20677, 0.967207, 0.033872, 0.343154,  4,   563.26599,  38, 3117257.000000, 3.000000, 0.617900, 0.099855
FQSSHHSTDITSLDQYVER, Yes, 0.13441, 0.955285, 0.035719, 0.287523,  3,   750.68555,  38, 2334581.500000, 9.000000, 0.802444, 0.029714
SGTSEFLNK, Yes, 0.15847, 0.954136, 0.029459, 0.088211,  2,   491.74564,  14, 29732568.000000, 12.000000, 0.856324, 0.021144
YNDTFWK, Yes, 0.12405, 0.951189, 0.030089, 0.154392,  2,   487.22433,  5, 32081854.000000, 12.000000, 0.722838, 0.041114
SGYLLPDTK, Yes, 0.14949, 0.978579, 0.043862, 0.057971,  2,   497.26620,  11, 321588704.000000, 12.000000, 0.856914, 0.034175


MeanRateConst/CorrCutOff, 0.148200, 0.900000


MedianRateConst/RMSSCutOff, 0.142116, 0.050000
StandDev/NumberPeptides, 0.026636, 10
TotalIonCurrent, 1.45973e+10
