Peptides, PeptideUnique, RateConstants, Correlations, RootMeanRSS, AbsoluteIsotopeError, Charge, m/z(Sequence), NEH, Aboundance, NDP, Rsquared,sigma
LTLScEEFIK, Yes, 0.00653, 0.933739, 0.059561, 0.178070,  2,   620.31812,  15, 44787360.000000, 12.000000, 0.224573, 0.004946
SQQSASGAPVLLR, Yes, 0.08019, 0.933492, 0.060174, 0.128910,  2,   657.36224,  33, 45278884.000000, 12.000000, 0.757121, 0.016250
SLLPGcQSVISR, Yes, 0.02471, 0.492057, 0.075737, 0.331071,  2,   658.85321,  24, 3952249.750000, 9.000000, -0.190545, 0.011588
PQQIDIAVPANMR, Yes, 0.02542, 0.899792, 0.057846, 0.165048,  2,   726.88501,  31, 3755850.500000, 11.000000, 0.424089, 0.007874
VLNDQSMAFTGDALLIR, Yes, 0.00817, 0.844009, 0.040861, 0.313242,  2,   932.48529,  30, 3524400.750000, 11.000000, 0.301961, 0.004074
ASPGHTPGcVTFVLNDQSMAFTGDALLIR, Yes, 0.00664, 0.815473, 0.049800, 0.156357,  3,  1025.83911,  52, 2659473.000000, 10.000000, -0.118944, 0.009078
IFTLPGNcLIYPAHDYHGLTVSTVEEER, Yes, 0.03728, 0.956515, 0.010918, 0.044772,  4,   808.64996,  49, 71775480.000000, 12.000000, 0.905614, 0.003426
EAVLIDPVLETAHR, Yes, 0.03161, 0.976820, 0.024793, 0.112888,  3,   521.62274,  30, 31164054.000000, 12.000000, 0.883241, 0.003414
ScTYTYLLGDR, Yes, 0.01406, 0.903148, 0.041682, 0.106143,  2,   674.81372,  14, 26660590.000000, 12.000000, 0.537246, 0.005008


MeanRateConst/CorrCutOff, 0.019552, 0.900000


MedianRateConst/RMSSCutOff, 0.014056, 0.050000
StandDev/NumberPeptides, 0.014022, 5
TotalIonCurrent, 7.05317e+09
