Peptides, PeptideUnique, RateConstants, Correlations, RootMeanRSS, AbsoluteIsotopeError, Charge, m/z(Sequence), NEH, Aboundance, NDP, Rsquared,sigma
TLEDILFR, Yes, 0.49099, 0.971388, 0.020825, 0.052483,  2,   503.78201,  11, 93336312.000000, 12.000000, 0.934075, 0.071701
TSTADYAMFR, Yes, 0.65841, 0.709579, 0.083362, 0.240181,  2,   581.76349,  18, 11997626.000000, 10.000000, -0.031508, 0.482305
DNccILDER, Yes, 0.27174, 0.955222, 0.026424, 0.213030,  2,   597.74750,  17, 15423775.000000, 11.000000, 0.834667, 0.048375
IHLISMQSTIPY, Yes, 0.30836, 0.957894, 0.029350, 0.088896,  2,   701.87360,  19, 39589884.000000, 12.000000, 0.818668, 0.057037
YLQEIYNSNNQK, Yes, 1.56530, 0.943648, 0.047777, 0.513596,  2,   757.36768,  23, 34169736.000000, 12.000000, -0.105632, 0.729160
SSTTNGFDDGIIWATWK, Yes, 0.07226, 0.917392, 0.114579, 0.268866,  2,   949.94958,  22, 15688441.000000, 12.000000, 0.485338, 0.042642
cHAGHLNGVYHQGGTYSK, Yes, 0.00027, -0.283557, 0.259681, 0.458856,  4,   497.23132,  33, 1649600.750000, 9.000000, -0.190913, 0.017128
EGFGHLSPTGTTEFWLGNEK, Yes, 0.53581, 0.971249, 0.020712, 0.194630,  3,   736.35162,  33, 32271986.000000, 12.000000, 0.832859, 0.086351
VGPESDKYR, Yes, 0.24634, 0.956959, 0.054282, 0.094873,  3,   350.84534,  18, 6979479.500000, 12.000000, 0.247288, 0.058905
YEALLLTHETSIR, Yes, 0.45366, 0.978922, 0.018311, 0.057731,  3,   515.94720,  24, 68550056.000000, 12.000000, 0.947267, 0.051141
IHLISMQSTIPYALR, Yes, 0.37081, 0.950650, 0.035147, 0.237694,  3,   581.65887,  28, 8482187.000000, 12.000000, 0.594906, 0.081175
QQFLVYcEIDGSGNGWTVLQK, Yes, 0.34310, 0.939742, 0.031001, 0.138374,  3,   814.73010,  34, 2872215.000000, 11.000000, 0.658859, 0.087066


MeanRateConst/CorrCutOff, 0.396352, 0.900000


MedianRateConst/RMSSCutOff, 0.370807, 0.050000
StandDev/NumberPeptides, 0.098698, 7
TotalIonCurrent, 1.28832e+10
