Peptides, PeptideUnique, RateConstants, Correlations, RootMeanRSS, AbsoluteIsotopeError, Charge, m/z(Sequence), NEH, Aboundance, NDP, Rsquared,sigma
PIQHQDWMSGK, No, 10.85287, -2.000000, 0.133052, 1.326850,  2,   663.81659,  22, 498336.156250, 3.000000, -9.733421, 23614.037109
VVSALPIQHQDWMSGK, Yes, 0.06813, 0.969090, 0.040037, 0.178262,  2,   898.46161,  31, 5257512.500000, 11.000000, 0.840998, 0.012729
VVSALPIQHQDWMSGK, Yes, 0.04839, 0.977722, 0.014873, 0.057983,  3,   599.31018,  31, 152033264.000000, 11.000000, 0.948466, 0.003541
NTATVLDSDGSYFMYSK, Yes, 0.06379, 0.971499, 0.014592, 0.026444,  2,   949.92749,  23, 33300078.000000, 11.000000, 0.943569, 0.004965
ITGFLPAEIAVDWTSNGR, Yes, 0.03609, 0.559050, 0.072070, 0.520542,  3,   649.67053,  32, 2434233.500000, 11.000000, 0.010536, 0.016756
ISWFVNNVEVHTAQTQTHR, No, 0.06880, 0.907983, 0.029028, 0.325169,  3,   756.38208,  35, 24804972.000000, 11.000000, 0.676463, 0.013723
ISWFVNNVEVHTAQTQTHR, No, 0.26495, 0.656291, 0.044019, 1.180696,  4,   567.53833,  35, 96771672.000000, 11.000000, -1.373057, 0.119970


MeanRateConst/CorrCutOff, 0.062279, 0.900000


MedianRateConst/RMSSCutOff, 0.068131, 0.050000
StandDev/NumberPeptides, 0.009523, 4
TotalIonCurrent, 1.54267e+10
