Peptides, PeptideUnique, RateConstants, Correlations, RootMeanRSS, AbsoluteIsotopeError, Charge, m/z(Sequence), NEH, Aboundance, NDP, Rsquared,sigma
LSDLLDWK, Yes, 0.17965, 0.942486, 0.024339, 0.099446,  2,   495.26874,  8, 22869454.000000, 12.000000, 0.844928, 0.033745
GADVFLEALAR, Yes, 0.08707, 0.899390, 0.057140, 0.110866,  2,   581.31677,  25, 9516081.000000, 12.000000, 0.685282, 0.018289
QLWDTANTVK, Yes, 0.05831, 0.912536, 0.045326, 0.157669,  2,   588.30640,  13, 6770978.500000, 12.000000, 0.716628, 0.012830
TNNFNVETLK, Yes, 0.20683, 0.946643, 0.027982, 0.172030,  2,   590.30383,  12, 24264270.000000, 12.000000, 0.668632, 0.038656
LPVATIFTTHATLLGR, Yes, 0.05136, 0.980354, 0.020871, 0.126346,  3,   571.00159,  23, 12459919.000000, 12.000000, 0.792433, 0.007245
VTGDEWGDNYYLVGPYTEQGVR, Yes, 0.00312, 0.964940, 0.094539, 0.359791,  3,   840.05554,  35, 68633528.000000, 12.000000, -0.518148, 0.011072
VTGDEWGDNYYLVGPYTEQGVR, Yes, 0.00197, 0.963278, 0.101069, 0.383710,  2,  1259.57971,  35, 61468516.000000, 12.000000, -0.613293, 0.011512


MeanRateConst/CorrCutOff, 0.124036, 0.900000


MedianRateConst/RMSSCutOff, 0.179649, 0.050000
StandDev/NumberPeptides, 0.080727, 4
TotalIonCurrent, 4.56712e+09
