Peptides, PeptideUnique, RateConstants, Correlations, RootMeanRSS, AbsoluteIsotopeError, Charge, m/z(Sequence), NEH, Aboundance, NDP, Rsquared,sigma
EFVEAVLELR, Yes, 0.03107, 0.949570, 0.028702, 0.146555,  2,   602.83221,  21, 18018438.000000, 12.000000, 0.838152, 0.003936
AASADSTTEGTPTDGFTVLSTK, Yes, 0.03190, 0.888281, 0.070010, 0.384866,  2,  1079.01331,  37, 2171864.500000, 11.000000, 0.281282, 0.013466
IGVGAPVYmAAVLEYLTAEILELAGNAAR, Yes, 0.00001, -2.000000, 0.165845, 0.419735,  3,   997.86682,  62, 11886109.000000, 12.000000, -17.424500, 0.021042


MeanRateConst/CorrCutOff, 0.020996, 0.900000


MedianRateConst/RMSSCutOff, 0.031072, 0.050000
StandDev/NumberPeptides, 0.018178, 1
TotalIonCurrent, 7.55386e+08
