Peptides, PeptideUnique, RateConstants, Correlations, RootMeanRSS, AbsoluteIsotopeError, Charge, m/z(Sequence), NEH, Aboundance, NDP, Rsquared,sigma
AITHLNNNFMFGQK, Yes, 0.09544, 0.988086, 0.014808, 0.080964,  3,   545.60846,  22, 40857956.000000, 7.000000, 0.702922, 0.020807
ASLNGADIYSGccTLK, Yes, 0.05068, 0.872628, 0.075298, 0.277405,  2,   865.39783,  27, 3417374.000000, 6.000000, 0.413110, 0.030719
SDALETLGFLNHYQMK, Yes, 0.12512, 0.997038, 0.014646, 0.050778,  3,   622.97333,  27, 29687090.000000, 7.000000, 0.698321, 0.024745


MeanRateConst/CorrCutOff, 0.090412, 0.900000


MedianRateConst/RMSSCutOff, 0.095438, 0.050000
StandDev/NumberPeptides, 0.037474, 2
TotalIonCurrent, 1.25064e+09
