Peptides, PeptideUnique, RateConstants, Correlations, RootMeanRSS, AbsoluteIsotopeError, Charge, m/z(Sequence), NEH, Aboundance, NDP, Rsquared,sigma
VIAINVDDPDAANYK, Yes, 0.07760, 0.970492, 0.026666, 0.167738,  2,   809.40955,  28, 14731671.000000, 11.000000, 0.925817, 0.008784
GIScMNTTVSESPFK, Yes, 0.05614, 0.981499, 0.015665, 0.194958,  2,   829.38165,  23, 9757997.000000, 11.000000, 0.960739, 0.003887
LKPGYLEATVDWFR, Yes, 0.09618, 0.973794, 0.073095, 0.095736,  3,   565.63489,  21, 21609380.000000, 11.000000, -0.272724, 0.074871
VLGILAMIDEGETDWK, Yes, 0.09975, 0.974352, 0.029523, 0.115788,  2,   895.45569,  25, 7300037.000000, 11.000000, 0.896988, 0.016040


MeanRateConst/CorrCutOff, 0.077829, 0.900000


MedianRateConst/RMSSCutOff, 0.077596, 0.050000
StandDev/NumberPeptides, 0.021807, 3
TotalIonCurrent, 1.6998e+09
