Peptides, PeptideUnique, RateConstants, Correlations, RootMeanRSS, AbsoluteIsotopeError, Charge, m/z(Sequence), NEH, Aboundance, NDP, Rsquared,sigma
LYLVDLAGSEK, Yes, 0.13528, 0.694855, 0.066501, 0.287161,  2,   604.33209,  17, 10640114.000000, 8.000000, -0.081020, 0.053255
LITDLQDQNQK, Yes, 0.03581, -0.456241, 0.119263, 0.334655,  2,   658.34625,  20, 19792272.000000, 8.000000, -1.839708, 0.031923
HVAVTNMNEHSSR, Yes, 0.70949, 0.789513, 0.084908, 0.631410,  3,   494.56863,  28, 3940500.000000, 8.000000, -1.620960, 0.349080
GGGSFVQNNQPVGLR, Yes, 0.07429, 0.844675, 0.076502, 0.243891,  2,   765.39459,  30, 2717236.750000, 7.000000, 0.298221, 0.039457
SLSALGNVISALAEGSTYVPYR, Yes, 0.08968, 0.820037, 0.065418, 0.158405,  3,   756.73383,  43, 2925757.750000, 8.000000, -1.202372, 0.051397
SLSALGNVISALAEGSTYVPYR, Yes, 0.00014, 0.071230, 0.144907, 0.415246,  2,  1134.59717,  43, 945702.437500, 7.000000, -0.291576, 0.049928


MeanRateConst/CorrCutOff, 0.174116, 0.900000


MedianRateConst/RMSSCutOff, 0.089685, 0.050000
StandDev/NumberPeptides, 0.266317, 0
TotalIonCurrent, 6.65311e+08
