Peptides, PeptideUnique, RateConstants, Correlations, RootMeanRSS, AbsoluteIsotopeError, Charge, m/z(Sequence), NEH, Aboundance, NDP, Rsquared,sigma
ALINPANVTFK, Yes, 0.01482, -0.459405, 0.069246, 0.250545,  2,   594.34277,  17, 1513030656.000000, 12.000000, -2.012164, 0.006804
ASFSQGPINSANR, Yes, 0.03767, 0.986751, 0.013421, 0.070498,  2,   674.83380,  32, 49832144.000000, 12.000000, 0.971155, 0.001604
LAGVTALScWLPLR, Yes, 0.02109, 0.980350, 0.039770, 0.141099,  2,   778.93451,  23, 44548628.000000, 12.000000, 0.734213, 0.004405
IILGGFSQGGALSLYTALTTQQK, Yes, 0.03898, 0.942467, 0.019097, 0.093235,  3,   789.76880,  39, 4090245.250000, 12.000000, 0.812527, 0.005268
ATAAVIFLHGLGDTGHGWAEAFAGIK, Yes, 0.05036, 0.979313, 0.011166, 0.087286,  4,   653.34204,  51, 9259217.000000, 12.000000, 0.895253, 0.004799
DISVLQcHGDcDPLVPLMFGSLTVER, Yes, 0.03516, 0.980843, 0.006322, 0.058966,  3,   986.81012,  44, 6062437.500000, 12.000000, 0.885426, 0.002937


MeanRateConst/CorrCutOff, 0.040544, 0.900000


MedianRateConst/RMSSCutOff, 0.037675, 0.050000
StandDev/NumberPeptides, 0.006734, 4
TotalIonCurrent, 2.80455e+10
