Peptides, PeptideUnique, RateConstants, Correlations, RootMeanRSS, AbsoluteIsotopeError, Charge, m/z(Sequence), NEH, Aboundance, NDP, Rsquared,sigma
YIILMTLQDR, Yes, 0.02455, 0.529219, 0.038368, 0.074874,  2,   633.34973,  14, 21251554.000000, 12.000000, -0.422990, 0.011993
HNLASYYPEPK, Yes, 0.02515, 0.989830, 0.024884, 0.117136,  2,   659.82495,  22, 36018948.000000, 12.000000, 0.851641, 0.003162
ILGLGDLGcYGMGIPVGK, Yes, 0.03178, 0.920097, 0.018360, 0.117406,  2,   910.47589,  24, 29763590.000000, 12.000000, 0.808792, 0.003658
VRGEEYDDLLDEFMQAVTDK, Yes, 0.02213, 0.959459, 0.011337, 0.059950,  3,   791.70203,  37, 3894458.000000, 12.000000, 0.882329, 0.001976
SLIYTPDYDSFSLDTYSWPK, Yes, 0.02080, 0.977429, 0.014728, 0.074888,  2,  1199.55994,  26, 17250330.000000, 12.000000, 0.789132, 0.003132
HIPDEIFLLTAEQIAQEVSEQHLSQGR, Yes, 0.01948, 0.908809, 0.017692, 0.094538,  4,   772.89789,  66, 6349899.500000, 12.000000, 0.550934, 0.004848
YYENQQSDLDKYIILMTLQDR, Yes, 0.00850, 0.805776, 0.040202, 0.173628,  3,   883.76703,  36, 2689758.750000, 10.000000, 0.129834, 0.007009
GLFITIHDK, Yes, 9.64986, -0.134732, 0.115057, 0.499044,  2,   522.29785,  10, 11101973.000000, 11.000000, -0.667721, 9067.915039
GHIATMLNSWPEDNIK, Yes, 0.01985, 0.748185, 0.029102, 0.057967,  3,   609.30157,  28, 26080354.000000, 12.000000, 0.393092, 0.004772


MeanRateConst/CorrCutOff, 0.021889, 0.900000


MedianRateConst/RMSSCutOff, 0.022130, 0.050000
StandDev/NumberPeptides, 0.002431, 4
TotalIonCurrent, 3.99956e+09
