Peptides, PeptideUnique, RateConstants, Correlations, RootMeanRSS, AbsoluteIsotopeError, Charge, m/z(Sequence), NEH, Aboundance, NDP, Rsquared,sigma
LSENVIDR, Yes, 0.02155, 0.989250, 0.013827, 0.010420,  2,   473.25363,  15, 306425728.000000, 12.000000, 0.921435, 0.001667
VAEELALEQAK, Yes, 0.02020, 0.990457, 0.016504, 0.040878,  2,   600.82715,  30, 322794464.000000, 12.000000, 0.925081, 0.001512
YSSVYGASVSDEDLK, Yes, 9.09285, -0.247066, 0.104707, 1.225637,  2,   810.37537,  27, 261887728.000000, 12.000000, -24.109200, 3065.706299
VTFEADENENITVVK, Yes, 0.02140, 0.965682, 0.038011, 0.119643,  2,   854.42542,  25, 56508844.000000, 12.000000, 0.672904, 0.004873
QNTQQTLScSALASQYMH, Yes, 0.06552, 0.969322, 0.047315, 0.363486,  3,   689.97894,  41, 29287782.000000, 12.000000, -0.967523, 0.013087
QNTQQTLScSALASQYMH, Yes, 0.01713, 0.942733, 0.021722, 0.083796,  2,  1034.46472,  41, 15211423.000000, 12.000000, 0.759017, 0.002872
RVTFEADENENITVVK, Yes, 0.00002, 0.503459, 0.102344, 0.505406,  3,   621.98639,  28, 7269638.500000, 12.000000, -0.511330, 0.007995


MeanRateConst/CorrCutOff, 0.020069, 0.900000


MedianRateConst/RMSSCutOff, 0.021401, 0.050000
StandDev/NumberPeptides, 0.002050, 4
TotalIonCurrent, 5.1205e+10
