Peptides, PeptideUnique, RateConstants, Correlations, RootMeanRSS, AbsoluteIsotopeError, Charge, m/z(Sequence), NEH, Aboundance, NDP, Rsquared,sigma
ISQLEMAR, Yes, 1.48835, 0.546474, 0.045953, 0.603484,  2,   474.25256,  20, 52308144.000000, 12.000000, -2.737357, 1.127568
KESPLLFK, Yes, 0.06692, 0.959457, 0.033989, 0.072973,  2,   481.28946,  11, 14723852.000000, 12.000000, 0.780609, 0.012550
ALTSELANAR, Yes, 0.05863, 0.981672, 0.035697, 0.127643,  2,   523.28546,  25, 214050160.000000, 12.000000, 0.236090, 0.010707
EDAVLEYLK, Yes, 0.07281, 0.797802, 0.082566, 0.423936,  2,   540.28461,  16, 71198288.000000, 12.000000, 0.380815, 0.027498
AQMVQEDLEK, Yes, 0.10142, 0.978651, 0.023237, 0.084338,  2,   595.78973,  24, 31831688.000000, 12.000000, 0.956793, 0.007880
TANDMIHAENMR, Yes, 0.07377, 0.978477, 0.021290, 0.118113,  3,   468.21158,  27, 27253280.000000, 12.000000, 0.949828, 0.005676
EVWFFGLQYQDTK, Yes, 0.13263, 0.988342, 0.013981, 0.051772,  2,   830.90393,  18, 24174710.000000, 12.000000, 0.965724, 0.010744
ILALcMGNHELYMR, No, 0.07946, 0.964081, 0.018330, 0.121701,  3,   574.28253,  25, 18077316.000000, 12.000000, 0.917549, 0.007093
IAQDLEMYGVNYFSIK, Yes, 0.08216, 0.989702, 0.010307, 0.100935,  2,   945.96893,  26, 17149958.000000, 12.000000, 0.973180, 0.004638
FYPEDVSEELIQDITQR, Yes, 0.07213, 0.935012, 0.043469, 0.104547,  2,  1041.50488,  36, 2135674.250000, 12.000000, -0.188948, 0.029847
KGSELWLGVDALGLNIYEQNDR, Yes, 0.02948, 0.712951, 0.042138, 0.243629,  3,   830.75897,  40, 1453584.500000, 9.000000, 0.024005, 0.013735
ESEAVEWQQK, Yes, 0.14802, 0.977777, 0.026721, 0.259179,  2,   617.29095,  27, 24659098.000000, 12.000000, 0.943899, 0.012935
QLFDQVVK, No, 0.46346, -2.000000, 0.010857, 0.484102,  2,   488.77673,  12, 35605500.000000, 1.000000, 0.000000, 3550.564697
APDFVFYAPR, No, 0.46346, -2.000000, 0.049029, 0.506449,  2,   591.80072,  20, 22210768.000000, 1.000000, 0.000000, 9966.307617


MeanRateConst/CorrCutOff, 0.076356, 0.900000


MedianRateConst/RMSSCutOff, 0.073771, 0.050000
StandDev/NumberPeptides, 0.013537, 7
TotalIonCurrent, 1.38523e+10
