Peptides, PeptideUnique, RateConstants, Correlations, RootMeanRSS, AbsoluteIsotopeError, Charge, m/z(Sequence), NEH, Aboundance, NDP, Rsquared,sigma
GNSLFFR, Yes, 0.01202, 0.945286, 0.023808, 0.091217,  2,   420.72177,  11, 143684880.000000, 12.000000, 0.632804, 0.002609
EYSSSFDR, Yes, 0.01864, 0.979982, 0.015485, 0.070303,  2,   495.71179,  17, 61637040.000000, 12.000000, 0.897512, 0.001629
LcSGVLGTVVHGK, Yes, 0.02928, 0.959822, 0.021257, 0.039927,  3,   442.91147,  16, 79394088.000000, 12.000000, 0.892899, 0.002934
VLIQVGYEPLPPTIGR, Yes, 0.02232, 0.980560, 0.017439, 0.109982,  2,   876.50635,  28, 45027572.000000, 12.000000, 0.862662, 0.002498
SAATLITHPFHVITLR, Yes, 0.02044, 0.950244, 0.013040, 0.049264,  4,   445.00842,  27, 62567100.000000, 12.000000, 0.884721, 0.001753
VLQYYQESEKPEELGSVTVQK, Yes, 0.02901, 0.965259, 0.020250, 0.099369,  3,   818.75146,  42, 57296160.000000, 12.000000, 0.833962, 0.003905
TYcYDLR, Yes, 0.00963, 0.920548, 0.050321, 0.113610,  2,   495.72110,  8, 22102684.000000, 12.000000, 0.331189, 0.005980
LcSGVLGTVVHGK, Yes, 0.03934, 0.694712, 0.058002, 0.134178,  2,   663.86359,  16, 2609703.500000, 10.000000, 0.167000, 0.013802


MeanRateConst/CorrCutOff, 0.023939, 0.900000


MedianRateConst/RMSSCutOff, 0.022321, 0.050000
StandDev/NumberPeptides, 0.004929, 5
TotalIonCurrent, 1.29266e+10
