Peptides, PeptideUnique, RateConstants, Correlations, RootMeanRSS, AbsoluteIsotopeError, Charge, m/z(Sequence), NEH, Aboundance, NDP, Rsquared,sigma
ILFDGIPLEK, Yes, 0.07132, 0.986880, 0.016810, 0.044814,  2,   572.83423,  14, 61544604.000000, 12.000000, 0.948861, 0.005865
LTGTIQNDILK, Yes, 0.07948, 0.964925, 0.016769, 0.360094,  2,   608.35077,  13, 59180000.000000, 12.000000, 0.793773, 0.010267
NTQIIIQEESGIPK, Yes, 0.06797, 0.989649, 0.017514, 0.143054,  2,   785.42773,  29, 22374282.000000, 12.000000, 0.961773, 0.004609
GDVGMAGVAIDTVEDTK, Yes, 0.01559, 0.403841, 0.042536, 0.052598,  2,   839.40363,  28, 160663584.000000, 12.000000, -0.423024, 0.005265
ADTLDLPEELPGVKPF, Yes, 0.11415, 0.790795, 0.059828, 0.621774,  2,   870.95636,  28, 20787450.000000, 12.000000, -0.973642, 0.031271
IIADIFQYTAQHMPK, Yes, 0.07443, 0.988287, 0.013697, 0.057053,  3,   592.64313,  28, 39104032.000000, 12.000000, 0.964795, 0.004926
VADPWGGSYMMESLTNDVYEAALK, Yes, 0.05911, 0.990363, 0.013315, 0.075272,  3,   883.07330,  43, 7847554.000000, 12.000000, 0.937800, 0.005297
AGQQGLSVAFDLATHR, Yes, 0.07890, 0.997048, 0.009149, 0.074792,  3,   557.62512,  37, 46449892.000000, 12.000000, 0.991543, 0.002273


MeanRateConst/CorrCutOff, 0.074420, 0.900000


MedianRateConst/RMSSCutOff, 0.074429, 0.050000
StandDev/NumberPeptides, 0.004922, 5
TotalIonCurrent, 9.15356e+09
