Peptides, PeptideUnique, RateConstants, Correlations, RootMeanRSS, AbsoluteIsotopeError, Charge, m/z(Sequence), NEH, Aboundance, NDP, Rsquared,sigma
HVLVTLGEK, Yes, 0.17682, 0.983580, 0.016336, 0.070915,  2,   498.29785,  11, 81270936.000000, 12.000000, 0.958964, 0.016490
EAFQLFDR, Yes, 0.13320, 0.967313, 0.031250, 0.170714,  2,   513.25616,  18, 26825030.000000, 12.000000, 0.913658, 0.016440
EGNGTVMGAEIR, Yes, 0.04360, 0.996006, 0.019065, 0.046202,  2,   617.29822,  26, 3545163520.000000, 12.000000, 0.682284, 0.007509
EGNGTVmGAEIR, Yes, 0.04528, 0.968077, 0.037991, 0.048070,  2,   625.29572,  26, 55416620.000000, 12.000000, 0.881018, 0.005624
ALGQNPTNAEVLK, Yes, 0.13724, 0.976835, 0.027901, 0.367459,  2,   677.86987,  26, 44765520.000000, 12.000000, 0.912812, 0.013471
VFDKEGNGTVMGAEIR, Yes, 0.04550, 0.629479, 0.094029, 0.067172,  3,   574.95416,  29, 265159168.000000, 12.000000, 0.177257, 0.020988
NKDQGTYEDYVEGLR, Yes, 0.04334, 0.573941, 0.117608, 0.343583,  3,   596.27960,  27, 5356399.500000, 11.000000, 0.043710, 0.027368


MeanRateConst/CorrCutOff, 0.107228, 0.900000


MedianRateConst/RMSSCutOff, 0.133200, 0.050000
StandDev/NumberPeptides, 0.059802, 5
TotalIonCurrent, 1.25055e+11
