Peptides, PeptideUnique, RateConstants, Correlations, RootMeanRSS, AbsoluteIsotopeError, Charge, m/z(Sequence), NEH, Aboundance, NDP, Rsquared,sigma
LLPPYLR, Yes, 0.03172, 0.938596, 0.025699, 0.098618,  2,   436.27362,  10, 54367748.000000, 12.000000, 0.780778, 0.004865
AVPEGSVIPR, Yes, 0.08820, 0.948070, 0.042256, 0.062066,  2,   512.79291,  23, 36929508.000000, 12.000000, 0.802549, 0.012357
VYSYFEcR, Yes, 0.03034, 0.849949, 0.034259, 0.120825,  2,   562.24750,  13, 25128134.000000, 12.000000, 0.458223, 0.007782
GTDTVAGIALIK, Yes, 0.13653, 0.980885, 0.021297, 0.084384,  2,   579.84009,  18, 37701672.000000, 12.000000, 0.944947, 0.012732
TPAGNFVTLEEGK, Yes, 0.12523, 0.906665, 0.036607, 0.441878,  2,   681.84863,  22, 8502691.000000, 12.000000, 0.223400, 0.030972
NAQLNIEQDVAPH, Yes, 0.29663, 0.974717, 0.033521, 0.189150,  2,   724.86005,  33, 19389708.000000, 12.000000, 0.872587, 0.039523
YLLETSGNLDGLEYK, Yes, 0.14292, 0.981298, 0.015790, 0.044100,  2,   857.93030,  22, 24848830.000000, 12.000000, 0.951126, 0.011854
WSIENVSFGSGGALLQK, Yes, 0.11860, 0.982462, 0.017259, 0.063940,  2,   896.96503,  31, 20764134.000000, 12.000000, 0.954032, 0.009080
YEETVFYGLQYILNK, Yes, 0.34956, 0.859291, 0.036021, 0.199894,  3,   627.32074,  20, 5150676.000000, 12.000000, 0.558266, 0.101307
GVSSQETAGIGASAHLVNFK, Yes, 0.10208, 0.965509, 0.025951, 0.161149,  3,   658.34106,  42, 20776208.000000, 12.000000, 0.887865, 0.010518


MeanRateConst/CorrCutOff, 0.125071, 0.900000


MedianRateConst/RMSSCutOff, 0.125227, 0.050000
StandDev/NumberPeptides, 0.015972, 5
TotalIonCurrent, 7.3559e+09
