Peptides, PeptideUnique, RateConstants, Correlations, RootMeanRSS, AbsoluteIsotopeError, Charge, m/z(Sequence), NEH, Aboundance, NDP, Rsquared,sigma
IDGNLVIR, Yes, 1.06476, 0.416855, 0.088500, 0.393227,  2,   450.26907,  12, 67619608.000000, 12.000000, -0.433194, 0.794228
IGDTIEFR, Yes, 0.13446, 0.956734, 0.024892, 0.173723,  2,   475.75073,  13, 31926720.000000, 12.000000, 0.809169, 0.018994
STPAITLENPDIK, Yes, 0.08445, 0.996645, 0.008562, 0.053457,  2,   699.87738,  23, 64759792.000000, 12.000000, 0.988616, 0.003143
SVGMIAGGTGITPMLQVIR, Yes, 0.00020, -0.267094, 0.050598, 0.106366,  2,   951.02100,  32, 6582022.500000, 12.000000, -0.029462, 0.004894
APDAWDYSQGFVNEEMIR, Yes, 0.06503, 0.871394, 0.031940, 0.192905,  3,   709.98621,  39, 2844492.250000, 12.000000, 0.665315, 0.014533
MSQYLENMK, Yes, 0.05751, 0.939086, 0.031394, 0.132673,  2,   572.26227,  16, 30922050.000000, 12.000000, 0.575399, 0.013348
GPNGLLVYQGK, Yes, 10.10054, -0.077272, 0.192181, 0.577701,  2,   573.31927,  17, 50971836.000000, 12.000000, -0.312074, 17808.355469


MeanRateConst/CorrCutOff, 0.092142, 0.900000


MedianRateConst/RMSSCutOff, 0.084451, 0.050000
StandDev/NumberPeptides, 0.039045, 3
TotalIonCurrent, 6.96888e+09
