Peptides, PeptideUnique, RateConstants, Correlations, RootMeanRSS, AbsoluteIsotopeError, Charge, m/z(Sequence), NEH, Aboundance, NDP, Rsquared,sigma
FDQcVLDK, Yes, 0.22256, 0.790392, 0.052976, 0.389544,  2,   512.74207,  11, 285063040.000000, 12.000000, -2.097238, 0.076464
PLPENPYHSR, Yes, 0.03102, 0.812159, 0.039951, 0.375290,  3,   403.87189,  23, 17713134.000000, 12.000000, -0.439548, 0.005926
LVNGcALNFFR, Yes, 0.02311, 0.925753, 0.017117, 0.049234,  2,   655.83734,  17, 100915480.000000, 12.000000, 0.616381, 0.003737
PGIVELPTLEELK, Yes, 0.03396, 0.973262, 0.015807, 0.310479,  2,   719.41357,  23, 92641128.000000, 12.000000, 0.712366, 0.003562
LGWVRPDLGQLSK, Yes, 0.01773, 0.970114, 0.018924, 0.109948,  2,   734.91718,  21, 41063644.000000, 12.000000, 0.811565, 0.002361
TDRPLPENPYHSR, Yes, 0.02178, 0.997572, 0.008693, 0.044003,  3,   527.93048,  29, 164741264.000000, 12.000000, 0.956884, 0.001183
TDRPLPENPYHSR, Yes, 0.02351, 0.995509, 0.005129, 0.041340,  4,   396.19965,  29, 281678304.000000, 12.000000, 0.982703, 0.000743
TDRPLPENPYHSR, Yes, 0.01918, 0.975132, 0.009588, 0.050533,  2,   791.39203,  29, 10377091.000000, 12.000000, 0.945648, 0.001003
ARPEPNPVIEGDLKPAK, Yes, 0.02626, 0.992144, 0.007973, 0.020505,  3,   611.00726,  38, 197636672.000000, 12.000000, 0.969236, 0.001182
ARPEPNPVIEGDLKPAK, Yes, 0.02404, 0.992760, 0.007339, 0.047158,  4,   458.50726,  38, 224857680.000000, 12.000000, 0.968594, 0.001074
PGIVELPTLEELKVEEVK, Yes, 0.02784, 0.992767, 0.007250, 0.045084,  3,   674.71716,  32, 175312976.000000, 12.000000, 0.963496, 0.001407
SHcAEPFTEYWTcLDYSNmQLFR, Yes, 0.00027, 0.606208, 0.038775, 0.139260,  3,   991.08765,  41, 1412156.625000, 10.000000, -0.056643, 0.005186
ARPEPNPVIEGDLKPAK, Yes, 0.01063, 0.841614, 0.083559, 0.155279,  2,   916.00720,  38, 1960974.125000, 12.000000, 0.187189, 0.007246
VRPDLGQLSK, Yes, 0.01432, 0.728557, 0.047843, 0.322517,  2,   556.82477,  18, 5256897.000000, 10.000000, 0.181844, 0.005595
SHcAEPFTEYWTcLDYSNMQLFR, Yes, 0.04004, 0.980098, 0.006025, 0.041038,  3,   985.75604,  41, 46035876.000000, 12.000000, 0.832632, 0.003845


MeanRateConst/CorrCutOff, 0.024156, 0.900000


MedianRateConst/RMSSCutOff, 0.023506, 0.050000
StandDev/NumberPeptides, 0.004839, 9
TotalIonCurrent, 5.66588e+10
