Peptides, PeptideUnique, RateConstants, Correlations, RootMeanRSS, AbsoluteIsotopeError, Charge, m/z(Sequence), NEH, Aboundance, NDP, Rsquared,sigma
AMYPDYFSK, Yes, 0.02121, 0.992030, 0.012636, 0.053200,  2,   561.25226,  13, 511061792.000000, 12.000000, 0.885082, 0.002092
EGDLPPLWWH, Yes, 0.02195, 0.987786, 0.016278, 0.085760,  2,   625.30365,  17, 220293392.000000, 12.000000, 0.872927, 0.002338
IFPDSPGGTSFER, Yes, 0.02567, 0.993761, 0.006617, 0.015042,  2,   705.33844,  25, 666946688.000000, 12.000000, 0.978941, 0.000921
cAPPAYLTHQQK, Yes, 0.00667, 0.311009, 0.036100, 0.131152,  3,   471.90295,  27, 46538640.000000, 12.000000, -0.079171, 0.002863
EGDLPPLWWHIVTR, Yes, 0.00002, 0.961295, 0.124657, 0.354784,  2,   859.95428,  22, 97053384.000000, 12.000000, -5.166934, 0.011258
EGDLPPLWWHIVTR, Yes, 0.02199, 0.995128, 0.009306, 0.048709,  3,   573.63861,  22, 518918432.000000, 12.000000, 0.922132, 0.001687
VPEWcLDYWHPSEK, Yes, 0.01131, 0.929955, 0.033444, 0.188366,  2,   923.41687,  24, 15043017.000000, 12.000000, 0.542728, 0.003437
VPEWcLDYWHPSEK, Yes, 0.02401, 0.993919, 0.007300, 0.020708,  3,   615.94702,  24, 323779936.000000, 12.000000, 0.977462, 0.000934
EAEEEFWQNQHPQPY, Yes, 0.02681, 0.994307, 0.009229, 0.028086,  2,   966.41339,  42, 142853424.000000, 12.000000, 0.962213, 0.001410
QLQEETSPDGIMTEALPPAR, Yes, 0.02626, 0.976914, 0.013059, 0.115485,  3,   728.35980,  49, 40653564.000000, 12.000000, 0.925404, 0.001981
QLQEETSPDGIMTEALPPAR, Yes, 0.02208, 0.985704, 0.015676, 0.106408,  2,  1092.03601,  49, 44782992.000000, 12.000000, 0.884418, 0.002230
EAEEEFWQNQHPQPYIFPDSPGGTSFER, Yes, 0.01915, 0.899547, 0.019488, 0.087692,  3,  1108.16187,  68, 5849376.500000, 10.000000, 0.220109, 0.007685


MeanRateConst/CorrCutOff, 0.022365, 0.900000


MedianRateConst/RMSSCutOff, 0.022081, 0.050000
StandDev/NumberPeptides, 0.004643, 9
TotalIonCurrent, 8.59978e+10
