Peptides, PeptideUnique, RateConstants, Correlations, RootMeanRSS, AbsoluteIsotopeError, Charge, m/z(Sequence), NEH, Aboundance, NDP, Rsquared,sigma
NTSELLFK, Yes, 0.02419, 0.951329, 0.023225, 0.071150,  2,   476.26093,  10, 31319276.000000, 11.000000, 0.728275, 0.004482
LLVADKDFSFK, Yes, 0.04580, 0.970828, 0.024455, 0.073720,  3,   428.23956,  13, 27862696.000000, 11.000000, 0.836114, 0.006873
DILDLVHEFPEK, Yes, 0.04107, 0.946645, 0.036458, 0.182316,  3,   485.58905,  20, 12211283.000000, 11.000000, 0.761438, 0.007837
VGGEFFFDPQPTDAPR, Yes, 0.05260, 0.969879, 0.018018, 0.111867,  2,   890.42047,  32, 19506354.000000, 11.000000, 0.881386, 0.004737
QTAQISAELKPYVTDGR, Yes, 0.00292, 0.830060, 0.084925, 0.192941,  3,   626.33026,  35, 23237586.000000, 11.000000, -0.274480, 0.007991


MeanRateConst/CorrCutOff, 0.040913, 0.900000


MedianRateConst/RMSSCutOff, 0.045798, 0.050000
StandDev/NumberPeptides, 0.012112, 4
TotalIonCurrent, 2.74961e+09
