Peptides, PeptideUnique, RateConstants, Correlations, RootMeanRSS, AbsoluteIsotopeError, Charge, m/z(Sequence), NEH, Aboundance, NDP, Rsquared,sigma
LDTDILLGSTcSLK, Yes, 0.00001, -2.000000, 0.113133, 0.337529,  2,   768.40289,  17, 19995978.000000, 12.000000, -0.686713, 0.009293
TILTLTGVSSLEDVK, Yes, 0.04903, 0.950502, 0.028990, 0.120683,  2,   788.44562,  18, 12044067.000000, 12.000000, 0.839017, 0.007121
AVVVGFDPHFSYMK, Yes, 0.04138, 0.918512, 0.034538, 0.162443,  3,   532.93414,  20, 15088431.000000, 12.000000, 0.704449, 0.008056
FIFDcVSQEYGINPER, Yes, 0.03976, 0.960989, 0.023379, 0.152033,  2,   987.45673,  31, 7500890.000000, 12.000000, 0.895955, 0.004161


MeanRateConst/CorrCutOff, 0.043390, 0.900000


MedianRateConst/RMSSCutOff, 0.041383, 0.050000
StandDev/NumberPeptides, 0.004948, 3
TotalIonCurrent, 1.53014e+09
