Peptides, PeptideUnique, RateConstants, Correlations, RootMeanRSS, AbsoluteIsotopeError, Charge, m/z(Sequence), NEH, Aboundance, NDP, Rsquared,sigma
NDEGIAYR, Yes, 0.06237, 0.985722, 0.016163, 0.064168,  2,   469.22232,  18, 141576880.000000, 12.000000, 0.970634, 0.003185
SLSQNYGVLK, Yes, 0.06263, 0.992950, 0.011936, 0.030178,  2,   554.80347,  15, 562784576.000000, 12.000000, 0.971466, 0.003468
QITVNDLPVGR, No, 0.05717, 0.983583, 0.016512, 0.042401,  2,   606.34076,  18, 367454976.000000, 12.000000, 0.954027, 0.003875
SAPDFTATAVVDGAFK, Yes, 0.05831, 0.943927, 0.031708, 0.250512,  3,   532.93500,  29, 7239649.500000, 12.000000, 0.813069, 0.008036
SAPDFTATAVVDGAFK, Yes, 0.07590, 0.994023, 0.009833, 0.043505,  2,   798.89886,  29, 239265856.000000, 12.000000, 0.984953, 0.003043
EGGLGPLNIPLLADVTK, Yes, 0.06903, 0.994695, 0.010777, 0.044255,  2,   853.98798,  27, 86652992.000000, 12.000000, 0.977305, 0.003529
KEGGLGPLNIPLLADVTK, Yes, 0.07224, 0.994579, 0.009079, 0.053552,  3,   612.35938,  28, 157194448.000000, 12.000000, 0.980524, 0.003382
LGcEVLGVSVDSQFTHLAWINTPR, Yes, 0.07703, 0.967716, 0.016647, 0.065737,  4,   675.59570,  40, 2333197.500000, 12.000000, 0.735798, 0.013739
LGcEVLGVSVDSQFTHLAWINTPR, Yes, 0.06199, 0.996899, 0.004703, 0.021833,  3,   900.45850,  40, 86108176.000000, 12.000000, 0.993099, 0.001598
FYPLDFTFVcPTEIIAFSDHAEDFR, Yes, 0.06627, 0.988327, 0.006306, 0.052586,  3,  1013.14075,  42, 14526540.000000, 12.000000, 0.976740, 0.003174


MeanRateConst/CorrCutOff, 0.065102, 0.900000


MedianRateConst/RMSSCutOff, 0.062629, 0.050000
StandDev/NumberPeptides, 0.006293, 9
TotalIonCurrent, 5.415e+10
