Peptides, PeptideUnique, RateConstants, Correlations, RootMeanRSS, AbsoluteIsotopeError, Charge, m/z(Sequence), NEH, Aboundance, NDP, Rsquared,sigma
PYLFQSDPSGAYFAWK, Yes, 0.03474, 0.931686, 0.020417, 0.123515,  2,   938.94885,  29, 7386159.500000, 11.000000, 0.748886, 0.005267
LVQIEYALAAVAGGAPSVGIK, Yes, 0.06716, 0.956728, 0.029295, 0.242974,  2,  1014.08038,  45, 2032254.750000, 10.000000, 0.860097, 0.009420
LVQIEYALAAVAGGAPSVGIK, Yes, 0.11119, 0.997066, 0.007688, 0.068518,  3,   676.38934,  45, 12229567.000000, 11.000000, 0.991419, 0.003533
LAQQYYLVYQEPIPTAQLVQR, Yes, 0.12148, 0.991404, 0.011667, 0.087017,  3,   841.11981,  45, 8899803.000000, 11.000000, 0.966114, 0.009312
GYSFSLTTFSPSGK, Yes, 0.20117, 0.495143, 0.060715, 0.652627,  2,   739.86176,  19, 22578920.000000, 11.000000, -10.027570, 0.083376


MeanRateConst/CorrCutOff, 0.083645, 0.900000


MedianRateConst/RMSSCutOff, 0.111194, 0.050000
StandDev/NumberPeptides, 0.040225, 4
TotalIonCurrent, 1.63844e+09
