Peptides, PeptideUnique, RateConstants, Correlations, RootMeanRSS, AbsoluteIsotopeError, Charge, m/z(Sequence), NEH, Aboundance, NDP, Rsquared,sigma
AQSLLSTDR, Yes, 0.08486, 0.619560, 0.101598, 0.427414,  2,   495.76434,  19, 8389896.000000, 9.000000, -2.930567, 0.039796
EASIDILHSIVK, Yes, 0.12813, 0.966463, 0.028370, 0.099857,  3,   442.25388,  22, 10932388.000000, 9.000000, 0.912057, 0.018049
EQSILELGSLLAK, Yes, 0.14846, 0.988728, 0.021960, 0.031392,  2,   700.90338,  27, 8930319.000000, 9.000000, 0.946573, 0.014346
LYDNLLEQNLIR, Yes, 0.15655, 0.975760, 0.019277, 0.099781,  2,   752.41193,  20, 13661980.000000, 9.000000, 0.948257, 0.017227
YQEALHLGSQLLR, Yes, 0.14918, 0.961042, 0.029884, 0.068586,  3,   509.94745,  29, 14191589.000000, 9.000000, 0.873643, 0.027663


MeanRateConst/CorrCutOff, 0.145582, 0.900000


MedianRateConst/RMSSCutOff, 0.149181, 0.050000
StandDev/NumberPeptides, 0.012194, 4
TotalIonCurrent, 1.13896e+09
