Peptides, PeptideUnique, RateConstants, Correlations, RootMeanRSS, AbsoluteIsotopeError, Charge, m/z(Sequence), NEH, Aboundance, NDP, Rsquared,sigma
FGGSGSQVDSAR, Yes, 0.06910, 0.962465, 0.031281, 0.301670,  2,   584.27307,  28, 11878289.000000, 11.000000, 0.908975, 0.006197
WLPLGLGLNHLGK, Yes, 0.15058, 0.961526, 0.022514, 0.098899,  3,   473.28198,  17, 9677060.000000, 11.000000, 0.863739, 0.022421
SGALLAcGIVNSGVR, Yes, 0.08412, 0.972287, 0.024632, 0.169194,  2,   737.39575,  29, 9535785.000000, 11.000000, 0.822353, 0.011024
EDVLTLLLPVMGDSK, Yes, 0.12717, 0.978333, 0.025892, 0.130594,  2,   815.44202,  20, 8299257.500000, 11.000000, 0.909427, 0.018084
LVGSQEELASWGHEYVR, Yes, 0.17830, 0.963102, 0.032510, 0.106867,  3,   653.99017,  38, 11463095.000000, 11.000000, 0.896528, 0.028351
GEAIEAILAALEVVSEPFR, Yes, 0.13971, 0.980141, 0.020526, 0.073350,  3,   672.03333,  47, 1001394.187500, 11.000000, 0.940930, 0.011956


MeanRateConst/CorrCutOff, 0.124830, 0.900000


MedianRateConst/RMSSCutOff, 0.139712, 0.050000
StandDev/NumberPeptides, 0.041261, 6
TotalIonCurrent, 1.4771e+09
