Peptides, PeptideUnique, RateConstants, Correlations, RootMeanRSS, AbsoluteIsotopeError, Charge, m/z(Sequence), NEH, Aboundance, NDP, Rsquared,sigma
QQIGSSAMPYK, Yes, 2.39129, 0.588425, 0.089694, 0.513728,  2,   605.30023,  24, 9213258.000000, 10.000000, -4.753120, 2.884219
AFIITGQTYTR, Yes, 0.04285, 0.707793, 0.043440, 0.218156,  2,   635.84314,  16, 21813528.000000, 10.000000, 0.224905, 0.011014
NAFDLLLPK, Yes, 0.05356, 0.976249, 0.023208, 0.092507,  2,   515.80023,  13, 16750605.000000, 10.000000, 0.899273, 0.006902
QEGGDNDLIER, Yes, 0.06806, -0.196821, 0.115619, 0.969094,  2,   623.28894,  26, 929539.312500, 4.000000, -2.244627, 0.063669


MeanRateConst/CorrCutOff, 0.053564, 0.900000


MedianRateConst/RMSSCutOff, 0.053564, 0.050000
StandDev/NumberPeptides, 0.000000, 1
TotalIonCurrent, 1.14948e+09
