Peptides, PeptideUnique, RateConstants, Correlations, RootMeanRSS, AbsoluteIsotopeError, Charge, m/z(Sequence), NEH, Aboundance, NDP, Rsquared,sigma
LELcDNR, Yes, 0.01860, 0.982144, 0.015420, 0.021147,  2,   460.21872,  13, 466899616.000000, 12.000000, 0.916549, 0.001506
ERLELcDNR, Yes, 0.02137, 0.982523, 0.013135, 0.028664,  2,   602.79059,  21, 133886920.000000, 12.000000, 0.947834, 0.001252
GDPKEEEEEELVDPLTTVR, Yes, 0.02795, 0.962713, 0.012870, 0.104540,  3,   729.02173,  41, 123060952.000000, 12.000000, 0.922051, 0.001828
GDPKEEEEEELVDPLTTVR, Yes, 0.02013, 0.889876, 0.029681, 0.156833,  2,  1093.02893,  41, 4208572.500000, 12.000000, 0.407645, 0.006527
SQTEEDcTEELFDFLHAR, Yes, 0.00009, 0.870960, 0.074716, 0.223478,  2,  1113.98401,  40, 20388098.000000, 12.000000, -0.681396, 0.005654
SQTEEDcTEELFDFLHAR, Yes, 0.02385, 0.994981, 0.005107, 0.035921,  3,   742.99176,  40, 549953664.000000, 12.000000, 0.985990, 0.000687
MLTGSGDPKEEEEEELVDPLTTVR, Yes, 0.03086, 0.936466, 0.022632, 0.258220,  3,   892.09698,  48, 12012175.000000, 12.000000, 0.004912, 0.004636


MeanRateConst/CorrCutOff, 0.024527, 0.900000


MedianRateConst/RMSSCutOff, 0.023853, 0.050000
StandDev/NumberPeptides, 0.004933, 5
TotalIonCurrent, 4.04416e+10
