Peptides, PeptideUnique, RateConstants, Correlations, RootMeanRSS, AbsoluteIsotopeError, Charge, m/z(Sequence), NEH, Aboundance, NDP, Rsquared,sigma
ALSQPDTVLR, Yes, 0.09973, 0.963962, 0.027567, 0.150026,  2,   550.30896,  20, 27840084.000000, 10.000000, 0.919454, 0.010630
LENcGITAANcK, Yes, 0.13096, 0.964708, 0.027454, 0.094394,  2,   675.81067,  23, 7321373.000000, 10.000000, 0.691245, 0.031328
ELVLSNNDLHEPGVR, Yes, 0.07178, 0.643266, 0.074116, 0.764156,  3,   564.62854,  30, 10101734.000000, 10.000000, -4.398542, 0.025700
WTELLPLIQQYEVVR, Yes, 0.13660, 0.989095, 0.012670, 0.140149,  2,   944.02234,  26, 9614250.000000, 10.000000, 0.970376, 0.009031
WTELLPLIQQYEVVR, Yes, 0.12725, 0.987000, 0.020572, 0.059763,  3,   629.68402,  26, 4514921.000000, 10.000000, 0.943254, 0.015178
TcSLTAAScPYFcSVLTK, Yes, 0.02641, 0.868465, 0.042480, 0.328896,  2,  1033.47327,  26, 3444094.750000, 9.000000, 0.531216, 0.009180
TNELGDGGVGLVLQGLQNPTcK, Yes, 0.06339, 0.900229, 0.036626, 0.099376,  3,   757.38635,  36, 7648622.500000, 10.000000, 0.701039, 0.014160
LLcESLLEPGcQLESLWIK, Yes, 0.03653, 0.438450, 0.074924, 0.111397,  3,   763.39368,  34, 2897018.000000, 10.000000, -0.347757, 0.035919
ELWLGDcDVTNSGcSSLANVLLANR, Yes, 0.00011, 0.931023, 0.079960, 0.233769,  3,   922.10583,  44, 14519099.000000, 10.000000, -1.626591, 0.008992


MeanRateConst/CorrCutOff, 0.123634, 0.900000


MedianRateConst/RMSSCutOff, 0.127245, 0.050000
StandDev/NumberPeptides, 0.016393, 4
TotalIonCurrent, 2.11573e+09
