Peptides, PeptideUnique, RateConstants, Correlations, RootMeanRSS, AbsoluteIsotopeError, Charge, m/z(Sequence), NEH, Aboundance, NDP, Rsquared,sigma
SLEEIYLFSLPIK, Yes, 0.07631, 0.997397, 0.004885, 0.049853,  2,   776.43707,  20, 40724840.000000, 10.000000, 0.991449, 0.002360
ESEIIDFFLGASLK, Yes, 0.08826, 0.993484, 0.009164, 0.059145,  2,   784.91394,  25, 9815883.000000, 10.000000, 0.983960, 0.003953
ESEIIDFFLGASLKDEVLK, Yes, 0.00003, -0.548708, 0.084575, 0.042107,  3,   718.38403,  32, 8146253.500000, 10.000000, -0.126842, 0.010771
IGKPHTVPcK, Yes, 0.02823, 0.977005, 0.018595, 0.052362,  3,   379.54636,  14, 7127271.000000, 10.000000, 0.911991, 0.002851
MAGIDDcYTSAR, Yes, 0.06030, 0.957893, 0.030501, 0.170409,  2,   680.28699,  24, 1934229.875000, 8.000000, 0.840418, 0.008901


MeanRateConst/CorrCutOff, 0.063274, 0.900000


MedianRateConst/RMSSCutOff, 0.076312, 0.050000
StandDev/NumberPeptides, 0.026022, 4
TotalIonCurrent, 1.91437e+09
