Peptides, PeptideUnique, RateConstants, Correlations, RootMeanRSS, AbsoluteIsotopeError, Charge, m/z(Sequence), NEH, Aboundance, NDP, Rsquared,sigma
VADLLYWK, Yes, 0.05864, 0.985547, 0.017366, 0.047437,  2,   504.28165,  8, 122919104.000000, 12.000000, 0.893028, 0.007274
IPGTGTLAPTASVSGSK, Yes, 0.04015, 0.977405, 0.018175, 0.061255,  2,   772.41992,  30, 123495136.000000, 12.000000, 0.939844, 0.002840
LSQQIASHVVSTATQLR, Yes, 0.01647, 0.453078, 0.044017, 0.223763,  2,   920.00775,  37, 3421257.750000, 6.000000, -0.466415, 0.013264
GDGTNPFQAYLDMDLTLTR, Yes, 0.04457, 0.984335, 0.014286, 0.064464,  2,  1064.50439,  29, 22496618.000000, 12.000000, 0.930326, 0.003740
GDGTNPFQAYLDMDLTLTR, Yes, 0.05085, 0.980402, 0.012199, 0.071327,  3,   710.00537,  29, 4852578.000000, 12.000000, 0.951092, 0.003437
QHQAQIDQYVGLVTNQLSH, Yes, 0.00006, 0.013471, 0.037180, 0.210721,  3,   727.03455,  41, 11811287.000000, 12.000000, -0.570254, 0.003381
QHQAQIDQYVGLVTNQLSHIK, Yes, 0.46346, -2.000000, 0.073677, 0.168832,  4,   605.82245,  43, 8608919.000000, 1.000000, 0.000000, 0.000000


MeanRateConst/CorrCutOff, 0.048552, 0.900000


MedianRateConst/RMSSCutOff, 0.044573, 0.050000
StandDev/NumberPeptides, 0.008031, 4
TotalIonCurrent, 7.7262e+09
