Peptides, PeptideUnique, RateConstants, Correlations, RootMeanRSS, AbsoluteIsotopeError, Charge, m/z(Sequence), NEH, Aboundance, NDP, Rsquared,sigma
GVVEVTHDLQK, Yes, 0.17811, 0.974262, 0.028661, 0.095783,  2,   612.83276,  17, 11715264.000000, 12.000000, 0.922340, 0.024416
DNQSGSLLFIGR, Yes, 0.29372, 0.981769, 0.027039, 0.097304,  2,   653.84113,  23, 29572082.000000, 12.000000, 0.890409, 0.036835
TDGALLVNAMFFK, Yes, 0.05124, 0.768297, 0.040043, 0.257772,  2,   713.87360,  18, 11654059.000000, 12.000000, 0.182711, 0.011422
LYGPSSVSFADDFVR, Yes, 0.20580, 0.963601, 0.030367, 0.077968,  2,   830.40430,  26, 25596184.000000, 12.000000, 0.793150, 0.031002
SALQSINEWASQTTDGK, Yes, 0.11109, 0.784265, 0.061137, 0.179084,  2,   918.44214,  36, 6831764.500000, 12.000000, -0.236616, 0.033897
LFYADHPFIFLVR, Yes, 0.17801, 0.988321, 0.010696, 0.066808,  3,   546.63281,  18, 12446809.000000, 12.000000, 0.969804, 0.013270


MeanRateConst/CorrCutOff, 0.213911, 0.900000


MedianRateConst/RMSSCutOff, 0.205799, 0.050000
StandDev/NumberPeptides, 0.054788, 4
TotalIonCurrent, 3.39946e+09
