Peptides, PeptideUnique, RateConstants, Correlations, RootMeanRSS, AbsoluteIsotopeError, Charge, m/z(Sequence), NEH, Aboundance, NDP, Rsquared,sigma
QHINTWVAK, Yes, 0.02382, 0.885174, 0.029872, 0.153494,  2,   548.79852,  15, 11029247.000000, 12.000000, 0.704952, 0.003964
SISSALAMVFMGAK, Yes, 0.03927, 0.951123, 0.025109, 0.162535,  2,   706.86743,  27, 6864690.500000, 12.000000, 0.884713, 0.004035
GTTASQMAQALALDK, Yes, 0.01772, 0.792024, 0.029470, 0.043520,  2,   753.38501,  33, 76963248.000000, 12.000000, 0.390299, 0.002978
LEENYNMNDALYK, Yes, 0.03169, 0.970339, 0.034558, 0.210789,  2,   808.86664,  23, 12147616.000000, 12.000000, 0.737308, 0.005817
cSGNGGGDVHQGFQSLLTEVNK, Yes, 3.55657, -0.453772, 0.106182, 0.647210,  3,   768.69397,  40, 726570.125000, 5.000000, -0.878461, 297.267548
EVLSPGTVNSDTSLVLVNAIYFK, Yes, 0.03876, 0.962604, 0.034245, 0.182108,  2,  1233.65991,  32, 2415240.000000, 12.000000, 0.710331, 0.008771
EVLSPGTVNSDTSLVLVNAIYFK, Yes, 0.06044, 0.990867, 0.007184, 0.082807,  3,   822.77576,  32, 9993225.000000, 12.000000, 0.977685, 0.002810


MeanRateConst/CorrCutOff, 0.042543, 0.900000


MedianRateConst/RMSSCutOff, 0.039275, 0.050000
StandDev/NumberPeptides, 0.012425, 4
TotalIonCurrent, 2.89326e+09
