Peptides, PeptideUnique, RateConstants, Correlations, RootMeanRSS, AbsoluteIsotopeError, Charge, m/z(Sequence), NEH, Aboundance, NDP, Rsquared,sigma
LNLNNTVLSK, Yes, 0.03494, 0.948639, 0.033497, 0.146704,  2,   558.32458,  11, 12297225.000000, 12.000000, 0.739890, 0.006702
VYEELLAIPVVR, Yes, 0.08289, 0.968108, 0.034801, 0.196695,  2,   700.91101,  22, 6801824.000000, 12.000000, 0.889294, 0.011770
SQGSGLSSGGAGEGQGPK, Yes, 0.09055, 0.981208, 0.025118, 0.221726,  2,   780.86609,  44, 1168303.875000, 12.000000, 0.958323, 0.006762
DQVDSAVQELLQLK, Yes, 0.11570, 0.989036, 0.014942, 0.080642,  2,   793.42523,  29, 3893741.250000, 12.000000, 0.975423, 0.006814
NHIEDFAPEVAWVTR, Yes, 0.04251, 0.815105, 0.061246, 0.278238,  3,   595.29694,  31, 4190462.750000, 12.000000, 0.504426, 0.012286
TGQEYKPGNPSAAAVQTVSTK, Yes, 0.06721, 0.923748, 0.041405, 0.112500,  3,   712.03070,  43, 3327844.750000, 12.000000, 0.692573, 0.014155
ERPAPAVSSTcATAEDSSVLYSR, Yes, 0.04720, 0.950630, 0.049516, 0.383409,  3,   818.72369,  55, 3674172.750000, 6.000000, 0.493415, 0.024919
ScQFVAVR, Yes, 0.20242, 0.121831, 0.100323, 0.563130,  2,   483.74493,  17, 3462028.750000, 12.000000, -6.002066, 0.093535
VLEDIQLNLFTR, Yes, 0.03310, 0.278719, 0.059989, 0.177131,  2,   730.90900,  18, 8764492.000000, 12.000000, -1.320043, 0.012661


MeanRateConst/CorrCutOff, 0.064558, 0.900000


MedianRateConst/RMSSCutOff, 0.067209, 0.050000
StandDev/NumberPeptides, 0.023438, 5
TotalIonCurrent, 1.2789e+09
