Peptides, PeptideUnique, RateConstants, Correlations, RootMeanRSS, AbsoluteIsotopeError, Charge, m/z(Sequence), NEH, Aboundance, NDP, Rsquared,sigma
SIALLLTDAPNPNSK, Yes, 0.07093, 0.972684, 0.024259, 0.136182,  2,   777.43030,  27, 10189176.000000, 12.000000, 0.929286, 0.006629
MQSSVSESSFQMGR, Yes, 0.05138, 0.958002, 0.049547, 0.207998,  2,   780.84271,  33, 8499414.000000, 12.000000, 0.797133, 0.009367
LMEGITDSLHLLVK, Yes, 0.06905, 0.956499, 0.040675, 0.225759,  3,   523.62872,  19, 14422383.000000, 12.000000, 0.806888, 0.013834
VSPNPELLSLLQNAEGK, Yes, 0.09825, 0.978605, 0.019984, 0.067984,  2,   904.99127,  35, 7700588.500000, 11.000000, 0.955754, 0.008039
GTGDFIcISMTGGAPWGFR, Yes, 0.03807, 0.957161, 0.022312, 0.243999,  2,  1015.46661,  30, 5206701.500000, 12.000000, 0.884922, 0.004208
QESTSTSYFVAPR, Yes, 0.14375, 0.964522, 0.030346, 0.168073,  2,   736.85443,  27, 9411032.000000, 12.000000, 0.894484, 0.019412


MeanRateConst/CorrCutOff, 0.057360, 0.900000


MedianRateConst/RMSSCutOff, 0.069053, 0.050000
StandDev/NumberPeptides, 0.015584, 4
TotalIonCurrent, 1.86907e+09
