Peptides, PeptideUnique, RateConstants, Correlations, RootMeanRSS, AbsoluteIsotopeError, Charge, m/z(Sequence), NEH, Aboundance, NDP, Rsquared,sigma
GVVVVGVEDR, Yes, 0.11698, 0.990570, 0.014793, 0.035674,  2,   514.79041,  16, 1083550976.000000, 10.000000, 0.976465, 0.006900
FIcDASSLHQVR, Yes, 0.04489, 0.980905, 0.016359, 0.071721,  3,   478.23825,  25, 34558412.000000, 10.000000, 0.952955, 0.002910
GPGGSSLLIEALSNSGPK, Yes, 0.03510, 0.932729, 0.073386, 0.334586,  2,   842.44922,  37, 32673206.000000, 10.000000, 0.551729, 0.012798
GIYLLYEGR, Yes, 0.06256, 0.983150, 0.017624, 0.089723,  2,   542.29529,  14, 42086472.000000, 10.000000, 0.924175, 0.005895


MeanRateConst/CorrCutOff, 0.074810, 0.900000


MedianRateConst/RMSSCutOff, 0.062563, 0.050000
StandDev/NumberPeptides, 0.037572, 3
TotalIonCurrent, 1.87163e+10
