Peptides, PeptideUnique, RateConstants, Correlations, RootMeanRSS, AbsoluteIsotopeError, Charge, m/z(Sequence), NEH, Aboundance, NDP, Rsquared,sigma
EALLAHSFLAR, Yes, 0.02792, 0.970890, 0.015265, 0.049873,  3,   409.89966,  26, 24737706.000000, 12.000000, 0.880736, 0.002484
EPcDWAQQYR, Yes, 0.01319, 0.919518, 0.036310, 0.140457,  2,   676.78802,  25, 10267375.000000, 12.000000, 0.694190, 0.002673
DVLQALRPLLAQAN, Yes, 0.01894, 0.951126, 0.025823, 0.118587,  2,   761.44098,  32, 16005975.000000, 12.000000, 0.803222, 0.002591
LLIQEFHSSPAER, Yes, 0.02133, 0.960703, 0.020694, 0.056533,  3,   509.60358,  32, 48612544.000000, 12.000000, 0.868368, 0.002209
STSNNSELLSALALR, Yes, 0.03059, 0.867911, 0.035939, 0.282206,  2,   788.42047,  32, 31945528.000000, 12.000000, 0.511300, 0.004426
SAQALELAHVLYYR, Yes, 0.03093, 0.926238, 0.022682, 0.121097,  3,   545.29474,  32, 19095150.000000, 12.000000, 0.787216, 0.003434
WLQSEVESWLLAQSGcDVTFNGPR, Yes, 0.02360, 0.672937, 0.024318, 0.257463,  3,   927.10968,  46, 4401739.000000, 12.000000, -0.143055, 0.005116


MeanRateConst/CorrCutOff, 0.022462, 0.900000


MedianRateConst/RMSSCutOff, 0.021325, 0.050000
StandDev/NumberPeptides, 0.007094, 5
TotalIonCurrent, 4.61221e+09
