Peptides, PeptideUnique, RateConstants, Correlations, RootMeanRSS, AbsoluteIsotopeError, Charge, m/z(Sequence), NEH, Aboundance, NDP, Rsquared,sigma
LALGGELVYHR, Yes, 0.03168, 0.968488, 0.027774, 0.078814,  3,   409.89966,  21, 22430542.000000, 12.000000, 0.864508, 0.003797
ELFPVQMEGVK, Yes, 0.04026, 0.687734, 0.046773, 0.486165,  2,   638.83392,  20, 115831200.000000, 12.000000, -0.245159, 0.009027
GSVNSNWIVGATLEK, Yes, 0.01510, 0.935279, 0.024711, 0.074030,  2,   787.91229,  24, 17525020.000000, 12.000000, 0.633418, 0.003142
MQDTSASFGYQLDLPK, Yes, 0.02444, 0.976356, 0.027998, 0.230590,  2,   900.92725,  29, 27917206.000000, 12.000000, 0.785507, 0.004001
RPGEEGTVMSLAGK, Yes, 0.02656, 0.954751, 0.017740, 0.082607,  2,   716.36664,  29, 6680024.500000, 12.000000, 0.897705, 0.001881


MeanRateConst/CorrCutOff, 0.024445, 0.900000


MedianRateConst/RMSSCutOff, 0.026561, 0.050000
StandDev/NumberPeptides, 0.006933, 4
TotalIonCurrent, 5.22449e+09
