Peptides, PeptideUnique, RateConstants, Correlations, RootMeanRSS, AbsoluteIsotopeError, Charge, m/z(Sequence), NEH, Aboundance, NDP, Rsquared,sigma
GSPAVDVAVK, Yes, 9.79463, 0.606461, 0.136240, 1.142476,  2,   471.76639,  19, 126912840.000000, 12.000000, -33.635742, 6706.405273
TSEGSWEPFASGK, Yes, 0.85465, 0.993651, 0.013847, 0.043298,  2,   691.81476,  27, 52357536.000000, 12.000000, 0.972122, 0.078496
TLGISPFHEFADVVFTANDSGHR, Yes, 0.57534, 0.897628, 0.038672, 0.044598,  3,   839.74341,  42, 6698905.500000, 12.000000, -0.023205, 0.216477
TAESGELHGLTTDEK, Yes, 0.86958, 0.968815, 0.027367, 0.091818,  2,   794.37848,  29, 5540895.500000, 12.000000, 0.909320, 0.155801


MeanRateConst/CorrCutOff, 0.862115, 0.900000


MedianRateConst/RMSSCutOff, 0.869585, 0.050000
StandDev/NumberPeptides, 0.010564, 2
TotalIonCurrent, 1.24196e+10
