Peptides, PeptideUnique, RateConstants, Correlations, RootMeanRSS, AbsoluteIsotopeError, Charge, m/z(Sequence), NEH, Aboundance, NDP, Rsquared,sigma
ILTTAASHEFEHTK, Yes, 0.08447, 0.984459, 0.020287, 0.126875,  3,   528.93872,  27, 26426926.000000, 12.000000, 0.953351, 0.006896
IFNTNNLWISLGAVK, Yes, 0.08853, 0.970570, 0.017808, 0.064348,  2,   845.46979,  19, 17723918.000000, 12.000000, 0.926476, 0.008729
IQRPPEDSIQPYEK, Yes, 0.10645, 0.988709, 0.016871, 0.162463,  3,   567.29315,  34, 37131216.000000, 12.000000, 0.964745, 0.006600
TLDGGLNVIQLETAVGAAIK, Yes, 0.09063, 0.909804, 0.035867, 0.100388,  3,   661.70886,  35, 8569740.000000, 12.000000, 0.742404, 0.017330
TLDGGLNVIQLETAVGAAIK, Yes, 0.10391, 0.970344, 0.022618, 0.159455,  2,   992.05969,  35, 8408643.000000, 12.000000, 0.934709, 0.010517
NENTFLDLTVQQIEHLNK, Yes, 0.05345, 0.957101, 0.021447, 0.193321,  3,   719.37091,  30, 33097358.000000, 12.000000, 0.885425, 0.006029
RFESIPDMLELDHLTVSGDVTFGK, Yes, 0.03156, 0.775241, 0.034899, 0.308072,  4,   677.34155,  38, 1724043.250000, 10.000000, 0.516005, 0.009895
GLPDNISSVLNK, Yes, 0.10299, 0.950415, 0.030931, 0.085392,  2,   628.84589,  18, 56706704.000000, 12.000000, 0.816874, 0.012764


MeanRateConst/CorrCutOff, 0.096165, 0.900000


MedianRateConst/RMSSCutOff, 0.090630, 0.050000
StandDev/NumberPeptides, 0.009358, 6
TotalIonCurrent, 5.13107e+09
