Peptides, PeptideUnique, RateConstants, Correlations, RootMeanRSS, AbsoluteIsotopeError, Charge, m/z(Sequence), NEH, Aboundance, NDP, Rsquared,sigma
SLTSPLDDTEVKK, Yes, 0.07417, 0.930415, 0.037495, 0.279627,  3,   478.25583,  18, 35024904.000000, 11.000000, 0.503600, 0.012278
AMPSNSPVAALAATGK, Yes, 0.02507, 0.394482, 0.055809, 0.193812,  2,   743.39014,  37, 20460500.000000, 11.000000, -3.646465, 0.007135
VEQVLSLEPQHELK, Yes, 0.03521, 0.328103, 0.050665, 0.314050,  2,   824.94885,  31, 592933.125000, 5.000000, -1.614159, 0.016028
VEQVLSLEPQHELK, Yes, 0.04228, 0.988595, 0.026885, 0.092876,  3,   550.30164,  31, 55473872.000000, 11.000000, 0.894916, 0.005158
GPFTDVVTTNLK, Yes, 0.04457, 0.994441, 0.014294, 0.089419,  2,   646.34827,  11, 127801360.000000, 9.000000, 0.921160, 0.004986


MeanRateConst/CorrCutOff, 0.053673, 0.900000


MedianRateConst/RMSSCutOff, 0.044566, 0.050000
StandDev/NumberPeptides, 0.017786, 3
TotalIonCurrent, 4.54064e+09
