Peptides, PeptideUnique, RateConstants, Correlations, RootMeanRSS, AbsoluteIsotopeError, Charge, m/z(Sequence), NEH, Aboundance, NDP, Rsquared,sigma,CI lower band, CI upper band
NLLSVAYK, No, 0.03051, 0.986582, 0.007920, 0.019261,  2,   454.26599,  11, 167012352.000000, 10.000000, 0.967180, 0.001528, 0.027058, 0.033971
YDEMVESMK, Yes, 0.02558, 0.984866, 0.009103, 0.128055,  2,   566.23846,  16, 34479736.000000, 12.000000, 0.966207, 0.001251, 0.022823, 0.028328
DSTLIMQLLR, No, 0.03378, 0.991780, 0.007635, 0.027982,  2,   595.33411,  16, 232233136.000000, 9.000000, 0.974800, 0.001750, 0.029748, 0.037820
YLAEFATGNDR, Yes, 0.03165, 0.999119, 0.003126, 0.032553,  2,   628.79895,  22, 72136464.000000, 12.000000, 0.997632, 0.000403, 0.030762, 0.032534
VAGMDVELTVEER, Yes, 0.06332, 0.940622, 0.032068, 0.079901,  2,   724.35852,  26, 10419487.000000, 12.000000, 0.879170, 0.007444, 0.046940, 0.079706
LIccDILDVLDK, Yes, 0.03476, 0.970326, 0.016290, 0.029294,  2,   738.87549,  13, 49856884.000000, 12.000000, 0.889312, 0.003605, 0.026829, 0.042697
AAFDDAIAELDTLSEESYK, Yes, 0.02802, 0.984638, 0.010988, 0.055079,  2,  1044.48633,  42, 16319995.000000, 12.000000, 0.949410, 0.001578, 0.024541, 0.031489
AAFDDAIAELDTLSEESYK, Yes, 0.02861, 0.988624, 0.007771, 0.058099,  3,   696.66003,  42, 17709794.000000, 12.000000, 0.975017, 0.001130, 0.026122, 0.031094
HLIPAANTGESK, Yes, 0.02964, 0.982890, 0.012561, 0.112849,  3,   413.22269,  26, 8800569.000000, 12.000000, 0.963087, 0.001395, 0.026567, 0.032706


MeanRateConst/CorrCutOff, 0.030996, 0.900000


MedianRateConst/RMSSCutOff, 0.030515, 0.050000
StandDev/NumberPeptides, 0.002551, 7
TotalIonCurrent, 1.33329e+10
