Peptides, PeptideUnique, RateConstants, Correlations, RootMeanRSS, AbsoluteIsotopeError, Charge, m/z(Sequence), NEH, Aboundance, NDP, Rsquared,sigma,CI lower band, CI upper band
ELISQFLLNR, Yes, 10.47590, 0.980764, 0.027156, 0.164134,  2,   616.85352,  18, 11258522.000000, 4.000000, 0.944041, 3990.259521, 7.841050, 13.110752
DQSPASHEIATNLGDFALR, Yes, 0.16052, 0.889696, 0.026675, 0.289728,  3,   681.33612,  44, 6891550.500000, 4.000000, 0.635193, 0.044503, 0.018898, 0.302152
VINDFVEK, Yes, 0.22201, -2.000000, 0.000012, 0.205077,  2,   482.26093,  10, 37897984.000000, 1.000000, 0.000000, inf, 0.222008, 0.222008
NHYQAEVFSVNFAESEEAK, Yes, 0.00100, -2.000000, 0.001297, 0.222437,  3,   733.67114,  46, 7126591.500000, 1.000000, -nan(ind), inf, 0.001004, 0.001004


MeanRateConst/CorrCutOff, 2.714859, 0.900000


MedianRateConst/RMSSCutOff, 0.222008, 0.050000
StandDev/NumberPeptides, 5.174866, 0
TotalIonCurrent, 4.52655e+08
