Peptides, PeptideUnique, RateConstants, Correlations, RootMeanRSS, AbsoluteIsotopeError, Charge, m/z(Sequence), NEH, Aboundance, NDP, Rsquared,sigma,CI lower band, CI upper band
VSSSPcAAcADR, Yes, 0.06275, 0.839424, 0.069381, 0.214756,  2,   640.77155,  31, 1414901.125000, 12.000000, 0.704363, 0.012692, 0.034819, 0.090690
TFLcYVVEVQSK, Yes, 0.03971, 0.986062, 0.010514, 0.047058,  2,   736.87634,  15, 39178396.000000, 12.000000, 0.958908, 0.002357, 0.034518, 0.044895
LFMWEEPEVQAALK, Yes, 0.03019, 0.996024, 0.005208, 0.040610,  2,   845.92908,  30, 54742460.000000, 12.000000, 0.990546, 0.000780, 0.028477, 0.031911
ELIDLPPFEIVTGVR, Yes, 0.02558, 0.982142, 0.008792, 0.026588,  2,   849.47723,  25, 105352472.000000, 12.000000, 0.962101, 0.001256, 0.022812, 0.028341
YNVTWYVSSSPcAAcADR, Yes, 0.02043, 0.955723, 0.012362, 0.020087,  2,  1053.95398,  35, 6036754.000000, 12.000000, 0.893774, 0.001673, 0.016748, 0.024110
YNVTWYVSSSPcAAcADR, Yes, 0.01168, 0.858433, 0.011886, 0.170549,  3,   702.97180,  35, 5180568.000000, 12.000000, 0.685910, 0.001331, 0.008754, 0.014615
AFEPWEDIQENFLYYEEK, Yes, 0.02065, 0.969544, 0.008315, 0.065082,  2,  1175.53113,  37, 15390336.000000, 12.000000, 0.915337, 0.001343, 0.017698, 0.023609
AFEPWEDIQENFLYYEEK, Yes, 0.02658, 0.979532, 0.008839, 0.041510,  3,   784.02319,  37, 16511221.000000, 12.000000, 0.944641, 0.001613, 0.023032, 0.030133
LLILVSR, Yes, 0.01365, 0.984225, 0.006064, 0.043694,  2,   407.28146,  9, 90574568.000000, 12.000000, 0.949471, 0.000792, 0.011909, 0.015394


MeanRateConst/CorrCutOff, 0.021253, 0.900000


MedianRateConst/RMSSCutOff, 0.020654, 0.050000
StandDev/NumberPeptides, 0.006800, 7
TotalIonCurrent, 8.4908e+09
