Peptides, PeptideUnique, RateConstants, Correlations, RootMeanRSS, AbsoluteIsotopeError, Charge, m/z(Sequence), NEH, Aboundance, NDP, Rsquared,sigma,CI lower band, CI upper band
FIPQMTAGK, Yes, 0.01708, 0.972317, 0.013727, 0.112706,  2,   496.76532,  15, 218038864.000000, 12.000000, 0.901832, 0.001517, 0.013743, 0.020423
QGLLGINIAEK, Yes, 0.02083, 0.993054, 0.005986, 0.045811,  2,   578.34021,  21, 122458456.000000, 12.000000, 0.985451, 0.000602, 0.019505, 0.022156
SGSDWILNGSK, Yes, 0.03250, 0.954953, 0.021572, 0.040246,  2,   582.28821,  17, 24959312.000000, 12.000000, 0.899862, 0.003104, 0.025670, 0.039336
IFSSEHDIFR, Yes, 0.01691, 0.949272, 0.012991, 0.079649,  2,   625.81183,  20, 13496644.000000, 12.000000, 0.896521, 0.001330, 0.013985, 0.019838
LPANALLGEENK, Yes, 0.01998, 0.992224, 0.007316, 0.043194,  2,   634.84589,  26, 141972432.000000, 12.000000, 0.981473, 0.000681, 0.018481, 0.021479
AQDTAELFFEDVR, Yes, 0.02949, 0.985638, 0.010759, 0.022587,  2,   770.86755,  29, 58544908.000000, 12.000000, 0.966908, 0.001362, 0.026492, 0.032486
AQDTAELFFEDVR, Yes, 0.01970, 0.945607, 0.015817, 0.113054,  3,   514.24744,  29, 4196478.000000, 12.000000, 0.878316, 0.001637, 0.016096, 0.023304
AFVDScLQLHETK, Yes, 0.02358, 0.965906, 0.015147, 0.129070,  2,   774.37976,  23, 9528701.000000, 12.000000, 0.915982, 0.001931, 0.019332, 0.027832
GFYYLMQELPQER, Yes, 0.03631, 0.982225, 0.014182, 0.140226,  2,   837.40320,  27, 54140316.000000, 12.000000, 0.941640, 0.002464, 0.030886, 0.041731
SPAHGISLFLVENGMK, Yes, 0.02034, 0.985610, 0.008320, 0.042357,  3,   567.29938,  29, 40828708.000000, 12.000000, 0.953612, 0.001012, 0.018112, 0.022568
FFQEEVIPHHTEWEK, Yes, 0.03197, 0.960193, 0.013687, 0.035441,  4,   489.73761,  31, 29698402.000000, 12.000000, 0.903744, 0.002366, 0.026765, 0.037178
cIGAIAMTEPGAGSDLQGVR, Yes, 0.02008, 0.996965, 0.003684, 0.038707,  2,  1001.98785,  44, 19373106.000000, 12.000000, 0.992007, 0.000431, 0.019131, 0.021029
SPAHGISLF, Yes, 0.04154, -0.059658, 0.165418, 0.508568,  2,   464.74799,  18, 14497020.000000, 12.000000, -0.678735, 0.032496, 0.000000, 3.418571
IFSSEHDIFR, Yes, 0.01933, 0.987189, 0.009146, 0.046941,  3,   417.54364,  20, 140085536.000000, 12.000000, 0.958591, 0.000986, 0.017164, 0.021503


MeanRateConst/CorrCutOff, 0.021755, 0.900000


MedianRateConst/RMSSCutOff, 0.020080, 0.050000
StandDev/NumberPeptides, 0.004814, 11
TotalIonCurrent, 1.92242e+10
