Peptides, PeptideUnique, RateConstants, Correlations, RootMeanRSS, AbsoluteIsotopeError, Charge, m/z(Sequence), NEH, Aboundance, NDP, Rsquared,sigma,CI lower band, CI upper band
GYSFTTTAER, Yes, 0.06077, 0.992034, 0.025689, 0.216860,  2,   566.76709,  17, 90131920.000000, 4.000000, 0.834641, 0.010216, 0.028264, 0.093286
QEYDESGPSIVHR, Yes, 0.04780, 0.985908, 0.015518, 0.061822,  3,   506.23907,  31, 30475604.000000, 4.000000, 0.968944, 0.004454, 0.033629, 0.061981
TVLSGGTTMYPGIADR, Yes, 0.05288, 1.000000, 0.035098, 0.143525,  2,   819.91144,  25, 9117709.000000, 2.000000, 0.800722, 0.029349, 0.000000, 1.803718
VAPEEHPVLLTEAPLNPK, Yes, 0.07889, 1.000000, 0.034014, 0.321879,  3,   652.02631,  38, 62338336.000000, 2.000000, 0.152793, 0.034891, 0.000000, 0.639003
DLYANTVLSGGTTMYPGIADR, Yes, 0.02472, 1.000000, 0.028281, 0.060148,  3,   739.02820,  33, 27751640.000000, 2.000000, 0.602269, 0.020819, 0.000000, 2.282937
LcYVALDFEQEMATAASSSSLEK, Yes, 0.05617, 0.995364, 0.013822, 0.215323,  3,   850.72943,  50, 8273014.500000, 4.000000, 0.873186, 0.008308, 0.029730, 0.082609
DLYANTVLSGGTTMYPGIADR, Yes, 0.06544, -2.000000, 0.000002, 0.392498,  2,  1108.03857,  33, 21873344.000000, 1.000000, 0.000000, inf, 0.065445, 0.065445
DFEQEmATAASSSSLEKSYELPDGQVITIGNER, Yes, 0.00080, -2.000000, 0.000994, 0.076360,  3,  1206.89661,  75, 43127252.000000, 1.000000, -nan(ind), inf, 0.000797, 0.000797


MeanRateConst/CorrCutOff, 0.054406, 0.900000


MedianRateConst/RMSSCutOff, 0.056169, 0.050000
StandDev/NumberPeptides, 0.005464, 4
TotalIonCurrent, 2.9832e+09
