Peptides, PeptideUnique, RateConstants, Correlations, RootMeanRSS, AbsoluteIsotopeError, Charge, m/z(Sequence), NEH, Aboundance, NDP, Rsquared,sigma,CI lower band, CI upper band
YVVVSTPEK, Yes, 0.06041, 0.903251, 0.028052, 0.058783,  2,   511.28186,  11, 18983628.000000, 12.000000, 0.676535, 0.008505, 0.041689, 0.079128
SEINVEGPPR, Yes, 0.05284, 0.976599, 0.029445, 0.250282,  2,   549.28290,  24, 8662987.000000, 12.000000, 0.901846, 0.004771, 0.042339, 0.063340
SGEYScIFLPEPVGR, Yes, 0.04678, 0.998446, 0.004854, 0.089749,  2,   855.91144,  30, 11660099.000000, 12.000000, 0.995277, 0.000943, 0.044704, 0.048854
SDASYPPITDWFWFK, Yes, 0.06513, 0.986854, 0.009727, 0.069500,  2,   930.43561,  21, 18485654.000000, 12.000000, 0.967489, 0.003576, 0.057257, 0.073000


MeanRateConst/CorrCutOff, 0.057439, 0.900000


MedianRateConst/RMSSCutOff, 0.060409, 0.050000
StandDev/NumberPeptides, 0.009528, 3
TotalIonCurrent, 9.72466e+08
