Peptides, PeptideUnique, RateConstants, Correlations, RootMeanRSS, AbsoluteIsotopeError, Charge, m/z(Sequence), NEH, Aboundance, NDP, Rsquared,sigma,CI lower band, CI upper band
GPWSDSSYEWNK, Yes, 0.01376, 0.841991, 0.037313, 0.096709,  2,   728.31238,  21, 3041878.250000, 11.000000, 0.375139, 0.005968, 0.000460, 0.027056
NYPATFWVNPQFK, Yes, 0.01623, 0.718410, 0.024291, 0.273635,  2,   806.40137,  19, 4324013.000000, 11.000000, 0.366813, 0.003298, 0.008880, 0.023575
DMETIGFAVYQVPR, Yes, 0.00006, -0.317080, 0.017432, 0.042563,  2,   813.40326,  26, 5840287.500000, 11.000000, -0.295745, 0.001443, 0.000000, 2.414454
RPTELMSNPQFIVDGATR, Yes, 0.01898, 0.946703, 0.012942, 0.183351,  3,   678.01422,  36, 3495045.000000, 11.000000, 0.859342, 0.001632, 0.015343, 0.022617
YLGQDYETLR, Yes, 0.07879, 0.894944, 0.036069, 0.041177,  2,   629.30914,  17, 9396134.000000, 11.000000, 0.730351, 0.011177, 0.053886, 0.103692
APSDLYQIILK, Yes, 0.03249, 0.985629, 0.011073, 0.049849,  2,   630.86353,  19, 58535908.000000, 11.000000, 0.956593, 0.001580, 0.028972, 0.036012


MeanRateConst/CorrCutOff, 0.017177, 0.900000


MedianRateConst/RMSSCutOff, 0.018980, 0.050000
StandDev/NumberPeptides, 0.016292, 3
TotalIonCurrent, 1.15962e+09
