Peptides, PeptideUnique, RateConstants, Correlations, RootMeanRSS, AbsoluteIsotopeError, Charge, m/z(Sequence), NEH, Aboundance, NDP, Rsquared,sigma,CI lower band, CI upper band
DSGEFFIR, Yes, 0.00951, 0.861605, 0.018595, 0.163017,  2,   485.73508,  15, 2481499.750000, 11.000000, 0.668597, 0.001813, 0.005470, 0.013550
AFLSSHLQDLSTVVR, Yes, 0.02308, 0.898200, 0.023022, 0.109870,  3,   558.30542,  27, 5971743.000000, 11.000000, 0.630101, 0.003963, 0.014254, 0.031915
AAGLLSTFR, Yes, 0.00259, 0.705916, 0.014716, 0.126008,  2,   468.26907,  17, 5889908.500000, 11.000000, 0.359945, 0.001128, 0.000076, 0.005103
ADFQcFQQAR, No, 0.02140, 0.936587, 0.024140, 0.154409,  2,   635.78528,  27, 1833350.125000, 11.000000, 0.836214, 0.002455, 0.015924, 0.026866


MeanRateConst/CorrCutOff, 0.015453, 0.900000


MedianRateConst/RMSSCutOff, 0.021395, 0.050000
StandDev/NumberPeptides, 0.008404, 2
TotalIonCurrent, 2.49246e+08
