Peptides, PeptideUnique, RateConstants, Correlations, RootMeanRSS, AbsoluteIsotopeError, Charge, m/z(Sequence), NEH, Aboundance, NDP, Rsquared,sigma,CI lower band, CI upper band
VALLDFGATR, Yes, 0.02794, 0.684015, 0.053691, 0.027257,  2,   531.80072,  17, 27429736.000000, 12.000000, 0.458149, 0.006814, 0.012938, 0.042933
IHNLIPVMLK, Yes, 0.06933, 0.981153, 0.012764, 0.114153,  3,   393.24237,  12, 10883097.000000, 12.000000, 0.960192, 0.004830, 0.058698, 0.079959
EAGLPGQATSPMGR, Yes, 0.09919, 0.987336, 0.018788, 0.122866,  2,   686.33789,  35, 6167584.000000, 12.000000, 0.974504, 0.005918, 0.086162, 0.112212
AMFEEAYSNYcR, Yes, 0.05128, 0.973362, 0.023283, 0.094957,  2,   770.81335,  27, 5591066.500000, 12.000000, 0.910546, 0.004759, 0.040804, 0.061756
AVLDSSPFLSEANAER, Yes, 0.10708, 0.978907, 0.022465, 0.039652,  2,   853.42322,  39, 11779148.000000, 12.000000, 0.945287, 0.008774, 0.087764, 0.126387
ALQSTAVEQFSMVFGK, Yes, 0.11714, 0.991211, 0.011789, 0.074876,  2,   871.94275,  31, 3669304.750000, 12.000000, 0.982446, 0.006154, 0.103596, 0.130685
LANFGGLAVGLGIGALAEVAK, Yes, 0.11942, 0.987293, 0.015712, 0.138841,  2,   971.06201,  41, 1907489.500000, 12.000000, 0.968287, 0.008289, 0.101175, 0.137661
FHQDQSSVGGLTAEDIEK, Yes, 0.16689, 0.991172, 0.014148, 0.073058,  3,   654.31305,  39, 1683012.875000, 9.000000, 0.974744, 0.008733, 0.146748, 0.187023
SFTDLYIQVIR, Yes, 0.11221, 0.995670, 0.007127, 0.030568,  2,   677.87189,  15, 15386301.000000, 12.000000, 0.991041, 0.004159, 0.103053, 0.121362


MeanRateConst/CorrCutOff, 0.105034, 0.900000


MedianRateConst/RMSSCutOff, 0.112208, 0.050000
StandDev/NumberPeptides, 0.020518, 5
TotalIonCurrent, 2.00007e+09
