Peptides, PeptideUnique, RateConstants, Correlations, RootMeanRSS, AbsoluteIsotopeError, Charge, m/z(Sequence), NEH, Aboundance, NDP, Rsquared,sigma,CI lower band, CI upper band
AYFTSATMIIAIPTGVK, Yes, 0.01704, 0.957529, 0.009659, 0.077039,  2,   892.48676,  25, 5698420.500000, 10.000000, 0.872587, 0.001703, 0.013188, 0.020893
EVMSVSYASTNLEWLHGcPPPYHTFEEPTYVK, Yes, 0.01606, 0.952860, 0.006071, 0.080761,  4,   942.93921,  56, 17710102.000000, 10.000000, 0.799261, 0.002367, 0.010701, 0.021412
VFSWLATLHGGNIK, Yes, 0.02451, 0.975312, 0.007293, 0.100979,  3,   514.95245,  19, 9370476.000000, 10.000000, 0.948132, 0.001421, 0.021300, 0.027728
SVSYASTNLEWLHGcPPPYHTFEEPTYVK, Yes, 0.02475, 0.974475, 0.003963, 0.099215,  4,   853.15131,  50, 9377654.000000, 10.000000, 0.946448, 0.001482, 0.021403, 0.028107
LGLSGMPR, Yes, 0.06059, 0.111296, 0.110781, 0.847627,  2,   415.73126,  15, 1640214.750000, 10.000000, -0.888502, 0.027393, 0.000000, 1.796275


MeanRateConst/CorrCutOff, 0.020591, 0.900000


MedianRateConst/RMSSCutOff, 0.024514, 0.050000
StandDev/NumberPeptides, 0.004687, 4
TotalIonCurrent, 9.80281e+08
