Peptides, PeptideUnique, RateConstants, Correlations, RootMeanRSS, AbsoluteIsotopeError, Charge, m/z(Sequence), NEH, Aboundance, NDP, Rsquared,sigma,CI lower band, CI upper band
GSIINISSIIGK, Yes, 0.00008, -0.354141, 0.019422, 0.115984,  2,   601.36115,  19, 3148684.500000, 10.000000, -0.157504, 0.001376, 0.000000, 2.447619
AGVIGLTQTAAR, Yes, 0.01081, 0.671102, 0.031016, 0.140268,  2,   579.33551,  26, 3723879.500000, 10.000000, 0.391637, 0.002088, 0.006085, 0.015531
cNSVLPGFIATPMTQK, Yes, 0.00004, -2.000000, 0.000841, 0.188255,  2,   882.44458,  25, 1321268.500000, 6.000000, -511.119080, 0.000088, 0.000000, 1.302293
LLGSPGSEDGAPR, Yes, 0.01419, 0.918197, 0.026313, 0.367106,  2,   628.31750,  31, 1718076.250000, 10.000000, 0.706464, 0.001791, 0.010144, 0.018246


MeanRateConst/CorrCutOff, 0.006281, 0.900000


MedianRateConst/RMSSCutOff, 0.010808, 0.050000
StandDev/NumberPeptides, 0.007315, 0
TotalIonCurrent, 7.75591e+07
