Peptides, PeptideUnique, RateConstants, Correlations, RootMeanRSS, AbsoluteIsotopeError, Charge, m/z(Sequence), NEH, Aboundance, NDP, Rsquared,sigma,CI lower band, CI upper band
EGGLLTLAGAK, Yes, 0.01029, 0.885160, 0.017433, 0.020728,  2,   515.30060,  20, 44057028.000000, 11.000000, 0.747050, 0.001300, 0.007393, 0.013185
VDAILcVAGGWAGGNAK, Yes, 0.06016, 0.674740, 0.066112, 0.368553,  2,   829.91962,  32, 4394206.000000, 11.000000, -0.778922, 0.012950, 0.031309, 0.089019
QSMWTSTISSHLATK, Yes, 0.04083, 0.626486, 0.052504, 0.236984,  3,   559.94702,  25, 12459421.000000, 11.000000, -0.166803, 0.008816, 0.021187, 0.060474
AALDGTPGMIGYGMAK, Yes, 0.01588, 0.967199, 0.007639, 0.055123,  2,   776.87854,  29, 7958487.500000, 11.000000, 0.921202, 0.000758, 0.014191, 0.017570


MeanRateConst/CorrCutOff, 0.015881, 0.900000


MedianRateConst/RMSSCutOff, 0.015881, 0.050000
StandDev/NumberPeptides, 0.000000, 1
TotalIonCurrent, 7.98257e+08
