Peptides, PeptideUnique, RateConstants, Correlations, RootMeanRSS, AbsoluteIsotopeError, Charge, m/z(Sequence), NEH, Aboundance, NDP, Rsquared,sigma,CI lower band, CI upper band
VVVITDAISGLGK, Yes, 0.01128, 0.957380, 0.008735, 0.107182,  2,   636.38208,  17, 19715058.000000, 12.000000, 0.905464, 0.000876, 0.009348, 0.013204
TGQIVLVNNIQAK, Yes, 0.01187, 0.978331, 0.008775, 0.120180,  2,   699.40918,  22, 8431705.000000, 12.000000, 0.933506, 0.000812, 0.010087, 0.013661
AEVEEYDVVVSTVSPTFIR, Yes, 0.00835, 0.939584, 0.013762, 0.153421,  3,   714.03180,  33, 2040114.000000, 12.000000, 0.755810, 0.001501, 0.005044, 0.011651
LVLLDLSDIScVQDVAK, Yes, 0.01738, 0.975378, 0.009160, 0.083409,  2,   944.50842,  26, 5607895.500000, 12.000000, 0.935143, 0.001165, 0.014814, 0.019941
HAVMGFFDcLR, Yes, 0.00006, -0.096477, 0.023046, 0.486263,  3,   451.54614,  18, 1241235.625000, 12.000000, -0.228393, 0.001921, 0.000000, 2.487792
LAYGVHPVEVAEEVMR, Yes, 0.00081, 0.404246, 0.010188, 0.438638,  3,   600.31006,  35, 12772937.000000, 12.000000, 0.086334, 0.000782, 0.000000, 2.802326


MeanRateConst/CorrCutOff, 0.012219, 0.900000


MedianRateConst/RMSSCutOff, 0.011874, 0.050000
StandDev/NumberPeptides, 0.003769, 4
TotalIonCurrent, 9.89738e+08
