Peptides, PeptideUnique, RateConstants, Correlations, RootMeanRSS, AbsoluteIsotopeError, Charge, m/z(Sequence), NEH, Aboundance, NDP, Rsquared,sigma,CI lower band, CI upper band
YFDAATAEYVQK, Yes, 0.03464, 0.984191, 0.015189, 0.130832,  2,   703.33533,  24, 9166335.000000, 12.000000, 0.953788, 0.002216, 0.029763, 0.039517
SPFETDMLTLTR, Yes, 0.01698, 0.954316, 0.009586, 0.089156,  2,   705.85028,  17, 14733667.000000, 12.000000, 0.909874, 0.001209, 0.014319, 0.019642
AGLANLYGISGSVNVTGDEVK, Yes, 0.01681, 0.935935, 0.014271, 0.187973,  2,  1032.53406,  36, 2505926.500000, 11.000000, 0.842507, 0.001649, 0.013136, 0.020486
VPLILGSPEDVQEYLScVQR, Yes, 0.01614, 0.771107, 0.019557, 0.038503,  3,   768.06311,  40, 8043320.000000, 12.000000, 0.539252, 0.002585, 0.010446, 0.021824


MeanRateConst/CorrCutOff, 0.022811, 0.900000


MedianRateConst/RMSSCutOff, 0.016981, 0.050000
StandDev/NumberPeptides, 0.010245, 3
TotalIonCurrent, 8.88456e+08
