Peptides, PeptideUnique, RateConstants, Correlations, RootMeanRSS, AbsoluteIsotopeError, Charge, m/z(Sequence), NEH, Aboundance, NDP, Rsquared,sigma,CI lower band, CI upper band
GYDVIAQAQSGTGK, No, 0.09776, 0.952003, 0.026211, 0.132771,  2,   697.84918,  29, 3754186.750000, 5.000000, 0.900575, 0.015378, 0.055058, 0.140452
MFVLDEADEMLSR, No, 0.09191, 0.990665, 0.024557, 0.123722,  2,   778.36017,  26, 8956193.000000, 5.000000, 0.882958, 0.018462, 0.040645, 0.143165
LQMEAPHIIVGTPGR, Yes, 0.01172, 0.980757, 0.051386, 0.184035,  3,   540.29596,  31, 5526359.500000, 5.000000, -0.125640, 0.019293, 0.000000, 5.096591
GIDVQQVSLVINYDLPTNR, No, 0.00072, -2.000000, 0.000782, 0.153773,  2,  1072.57092,  31, 1261794.750000, 3.000000, -381.500153, 0.001349, 0.000000, 5.116753
GIDVQQVSLVINYDLPTNR, No, 0.04703, 0.962243, 0.008724, 0.225492,  3,   715.38306,  31, 1251324.000000, 5.000000, 0.875766, 0.004537, 0.034429, 0.059623
GIYAYGFEKPSAIQQR, No, 0.10430, 0.733528, 0.036300, 0.277944,  3,   609.98444,  36, 12687822.000000, 5.000000, 0.518655, 0.019616, 0.049841, 0.158768


MeanRateConst/CorrCutOff, 0.078896, 0.900000


MedianRateConst/RMSSCutOff, 0.091905, 0.050000
StandDev/NumberPeptides, 0.027754, 3
TotalIonCurrent, 2.91446e+08
