Peptides, PeptideUnique, RateConstants, Correlations, RootMeanRSS, AbsoluteIsotopeError, Charge, m/z(Sequence), NEH, Aboundance, NDP, Rsquared,sigma,CI lower band, CI upper band
VPAANVLSQESK, Yes, 0.03018, 0.983424, 0.013829, 0.039959,  2,   621.83807,  27, 23863130.000000, 12.000000, 0.960114, 0.001522, 0.026834, 0.033534
LYEIGAGTSEVR, Yes, 0.01611, 0.989682, 0.007208, 0.071799,  2,   647.83551,  24, 13252443.000000, 12.000000, 0.973534, 0.000652, 0.014678, 0.017550
AQEIDQTNDFK, Yes, 0.02740, 0.979085, 0.016868, 0.121732,  2,   654.80695,  23, 9392002.000000, 12.000000, 0.935042, 0.001963, 0.023076, 0.031717
GVYVLMSGLDLER, Yes, 0.03149, 0.992850, 0.006505, 0.087342,  2,   726.38177,  20, 11520611.000000, 12.000000, 0.984455, 0.001036, 0.029212, 0.033773
GSNTcELVFEDcK, Yes, 0.00597, 0.905327, 0.039528, 0.173778,  2,   779.82922,  21, 2360609.500000, 12.000000, 0.276119, 0.003542, 0.000000, 2.093330
LISGEFIGALAMSEPNAGSDVVSMK, Yes, 0.00001, -2.000000, 0.016091, 0.217775,  3,   841.75385,  50, 1144501.875000, 11.000000, -0.383845, 0.001886, 0.000000, 3.103244
FLQENLAPK, Yes, 0.01783, 0.883882, 0.026890, 0.132948,  2,   530.29529,  18, 27193384.000000, 12.000000, 0.761535, 0.002688, 0.011914, 0.023745
FWITNGPDADILVVYAK, Yes, 0.03809, 0.994119, 0.006191, 0.116511,  2,   961.50653,  23, 10415139.000000, 12.000000, 0.978779, 0.001382, 0.035046, 0.041131
HSILPVDDDINGLNEEQK, Yes, 0.03190, 0.967349, 0.013919, 0.195400,  3,   679.33588,  35, 1682879.000000, 12.000000, 0.935564, 0.002194, 0.027069, 0.036727
TDLTAVPASR, Yes, 0.02882, 0.822665, 0.032913, 0.125534,  2,   515.78003,  20, 3635195.250000, 11.000000, 0.599114, 0.003250, 0.021583, 0.036065
ASGAVGLSYGAHSNLcVNQIVR, Yes, 0.01138, 0.856310, 0.015937, 0.392931,  3,   758.38672,  45, 2075292.000000, 12.000000, 0.717587, 0.001756, 0.007514, 0.015243


MeanRateConst/CorrCutOff, 0.031790, 0.900000


MedianRateConst/RMSSCutOff, 0.030184, 0.050000
StandDev/NumberPeptides, 0.004533, 4
TotalIonCurrent, 1.88512e+09
