Peptides, PeptideUnique, RateConstants, Correlations, RootMeanRSS, AbsoluteIsotopeError, Charge, m/z(Sequence), NEH, Aboundance, NDP, Rsquared,sigma,CI lower band, CI upper band
LEGLEDALQK, Yes, 0.00835, 0.774112, 0.046769, 0.120400,  2,   558.30078,  22, 15518055.000000, 4.000000, -0.155920, 0.005024, 0.000000, 2.804439
YEELQVTAGR, Yes, 0.00003, -2.000000, 0.001251, 0.045041,  2,   583.29602,  23, 27274552.000000, 3.000000, -145.463425, 0.000140, 0.000000, 1.287461
TAAENEFVTLK, Yes, 0.00028, -0.159245, 0.001184, 0.067485,  2,   611.81934,  20, 44918880.000000, 4.000000, -12.777255, 0.000141, 0.000000, 2.882444
LLEGEEcR, No, 0.00011, -2.000000, 0.001112, 0.077617,  2,   503.23712,  20, 18158546.000000, 3.000000, -0.226370, 0.000121, 0.000000, 4.067821
LALDVEIATYR, No, 0.00043, -0.900395, 0.000803, 0.055196,  2,   632.35077,  20, 97773984.000000, 3.000000, -81.172340, 0.000105, 0.000000, 4.237640
SLDLDSIIAEVK, No, 0.00312, -2.000000, 0.001005, 0.038231,  2,   651.86121,  21, 45677500.000000, 1.000000, -nan(ind), inf, 0.003123, 0.003123


MeanRateConst/CorrCutOff, 0.000273, 0.900000


MedianRateConst/RMSSCutOff, 0.000280, 0.050000
StandDev/NumberPeptides, 0.000162, 3
TotalIonCurrent, 1.15914e+09
