Peptides, PeptideUnique, RateConstants, Correlations, RootMeanRSS, AbsoluteIsotopeError, Charge, m/z(Sequence), NEH, Aboundance, NDP, Rsquared,sigma,CI lower band, CI upper band
HPNSFIcLK, Yes, 0.85179, 0.236076, 0.072559, 0.400202,  2,   558.28693,  14, 27478734.000000, 12.000000, -2.176421, 0.583095, 0.000000, 4.057104
SISSLTDDTFcK, Yes, 0.00057, 0.317119, 0.005908, 0.188456,  2,   687.31628,  16, 10548859.000000, 12.000000, -0.027722, 0.000499, 0.000000, 2.632898
LSLLEELTLAENQLLR, Yes, 0.01360, 0.978944, 0.006467, 0.049005,  3,   619.02264,  32, 16466471.000000, 12.000000, 0.952772, 0.000675, 0.012114, 0.015086
RLDFTGNLIEDIEDGTFSK, Yes, 0.00802, 0.928473, 0.006314, 0.043600,  3,   724.02692,  30, 12726527.000000, 12.000000, 0.759474, 0.000711, 0.006459, 0.009588
LDFTGNLIEDIEDGTFSK, Yes, 0.00895, 0.963168, 0.006840, 0.076595,  2,  1007.48621,  26, 5665490.000000, 12.000000, 0.895641, 0.000773, 0.007244, 0.010647
LSLLEELTLAENQLLR, Yes, 0.01602, 0.981041, 0.006903, 0.045853,  2,   928.03033,  32, 12186369.000000, 12.000000, 0.959703, 0.000760, 0.014349, 0.017693
LPVLPPK, Yes, 0.00583, 0.188574, 0.039354, 0.230182,  2,   382.25745,  10, 3597738.750000, 12.000000, -0.025465, 0.003928, 0.000000, 2.184638
NSISSLTDDTFcK, Yes, 0.00159, -2.000000, 0.000836, 0.390217,  2,   744.33777,  17, 869384.000000, 5.000000, -407.374481, 0.000135, 0.001220, 0.001969


MeanRateConst/CorrCutOff, 0.011647, 0.900000


MedianRateConst/RMSSCutOff, 0.013600, 0.050000
StandDev/NumberPeptides, 0.003802, 4
TotalIonCurrent, 1.99849e+09
