Peptides, PeptideUnique, RateConstants, Correlations, RootMeanRSS, AbsoluteIsotopeError, Charge, m/z(Sequence), NEH, Aboundance, NDP, Rsquared,sigma,CI lower band, CI upper band
cNGVLEGIR, No, 0.01907, 0.975643, 0.011143, 0.019166,  2,   509.26093,  17, 1566117632.000000, 5.000000, 0.794634, 0.002440, 0.012290, 0.025840
LDAFLVLEQLR, Yes, 0.05690, 0.976052, 0.045901, 0.210143,  2,   658.88226,  20, 3922886.000000, 5.000000, 0.790640, 0.016567, 0.010909, 0.102901
QLLQANPILEAFGNAK, No, 0.05763, 0.977045, 0.027602, 0.159410,  2,   863.97797,  35, 5354790.500000, 5.000000, 0.898147, 0.009737, 0.030597, 0.084665
VDYNASAWLTK, Yes, 0.02277, 0.006547, 0.051465, 0.487308,  2,   634.31952,  16, 4674726.500000, 5.000000, -0.733880, 0.008742, 0.000000, 0.615929
SHEAQVQEMR, Yes, 0.02426, 0.985093, 0.011598, 0.047319,  3,   405.52426,  30, 4981140.000000, 5.000000, 0.950901, 0.001997, 0.018710, 0.029801


MeanRateConst/CorrCutOff, 0.039464, 0.900000


MedianRateConst/RMSSCutOff, 0.056905, 0.050000
StandDev/NumberPeptides, 0.020669, 4
TotalIonCurrent, 1.58905e+10
