Peptides, PeptideUnique, RateConstants, Correlations, RootMeanRSS, AbsoluteIsotopeError, Charge, m/z(Sequence), NEH, Aboundance, NDP, Rsquared,sigma,CI lower band, CI upper band
QAAAAAASTSVKPIFSR, Yes, 0.07024, 0.992420, 0.012367, 0.068607,  3,   559.30902,  44, 19548370.000000, 11.000000, 0.979616, 0.003032, 0.063480, 0.076992
QAAAAAASTSVKPIFSR, Yes, 0.02933, 0.921644, 0.024562, 0.280030,  2,   838.45990,  44, 902895.187500, 10.000000, 0.836221, 0.003754, 0.020836, 0.037821
EVPNTVHLMQLDITVK, Yes, 0.08672, 0.801223, 0.036552, 0.409180,  3,   613.00110,  23, 17912002.000000, 11.000000, -0.414632, 0.031782, 0.015905, 0.157535


MeanRateConst/CorrCutOff, 0.062095, 0.900000


MedianRateConst/RMSSCutOff, 0.070236, 0.050000
StandDev/NumberPeptides, 0.029549, 1
TotalIonCurrent, 1.44169e+09
