Peptides, PeptideUnique, RateConstants, Correlations, RootMeanRSS, AbsoluteIsotopeError, Charge, m/z(Sequence), NEH, Aboundance, NDP, Rsquared,sigma,CI lower band, CI upper band
LTILYTK, Yes, 0.00493, 0.718209, 0.003065, 0.055307,  2,   426.26547,  3, 33040686.000000, 12.000000, 0.364165, 0.000888, 0.002976, 0.006884
YTEQITNEK, Yes, 0.02964, 0.986366, 0.010618, 0.121461,  2,   563.27472,  16, 17289880.000000, 12.000000, 0.963048, 0.001462, 0.026420, 0.032855
TTGLVGLAVcDTPHER, Yes, 0.01678, 0.957734, 0.015312, 0.104663,  2,   863.43304,  27, 17864582.000000, 11.000000, 0.832390, 0.001993, 0.012340, 0.021220
TTGLVGLAVcDTPHER, Yes, 0.02246, 0.976761, 0.009464, 0.055519,  3,   575.95782,  27, 41966948.000000, 12.000000, 0.951708, 0.001174, 0.019879, 0.025047
KLEALLQGGEVEEVILQAEK, Yes, 0.02257, 0.985143, 0.010498, 0.110403,  3,   732.74225,  45, 9551779.000000, 12.000000, 0.941540, 0.001429, 0.019425, 0.025716


MeanRateConst/CorrCutOff, 0.022863, 0.900000


MedianRateConst/RMSSCutOff, 0.022463, 0.050000
StandDev/NumberPeptides, 0.005264, 4
TotalIonCurrent, 2.66756e+09
