Peptides, PeptideUnique, RateConstants, Correlations, RootMeanRSS, AbsoluteIsotopeError, Charge, m/z(Sequence), NEH, Aboundance, NDP, Rsquared,sigma,CI lower band, CI upper band
DMLPGSYPR, Yes, 0.01346, 0.978545, 0.007602, 0.033260,  2,   518.25000,  17, 39967172.000000, 12.000000, 0.947539, 0.000720, 0.011874, 0.015045
QYPYNNLYLER, Yes, 0.01752, 0.993898, 0.005464, 0.046717,  2,   736.86206,  20, 47389340.000000, 12.000000, 0.975655, 0.000651, 0.016088, 0.018953
DPWYQWDHSELR, Yes, 0.01888, 0.987377, 0.007871, 0.065567,  3,   544.57941,  24, 45707500.000000, 12.000000, 0.962602, 0.000956, 0.016772, 0.020981
MNWGEPIHWDLDMYIR, Yes, 0.01708, 0.963084, 0.008048, 0.041498,  3,   692.65369,  26, 20336946.000000, 12.000000, 0.908300, 0.001274, 0.014273, 0.019882
VEDYEPYPDDGMGYGDYPMLPNR, Yes, 0.00016, -0.032076, 0.003679, 0.219847,  2,  1347.06213,  42, 721069.062500, 6.000000, -0.486691, 0.001602, 0.000000, 3.401581


MeanRateConst/CorrCutOff, 0.016734, 0.900000


MedianRateConst/RMSSCutOff, 0.017520, 0.050000
StandDev/NumberPeptides, 0.002313, 4
TotalIonCurrent, 4.10653e+09
