Peptides, PeptideUnique, RateConstants, Correlations, RootMeanRSS, AbsoluteIsotopeError, Charge, m/z(Sequence), NEH, Aboundance, NDP, Rsquared,sigma,CI lower band, CI upper band
TLAILQIESEK, Yes, 0.01886, 0.983074, 0.008188, 0.037376,  2,   622.85846,  22, 28889088.000000, 12.000000, 0.966109, 0.000808, 0.017086, 0.020644
GDGPWYQFPTPEK, Yes, 0.02330, 0.974970, 0.013773, 0.192165,  2,   761.35406,  23, 26709970.000000, 12.000000, 0.917967, 0.001786, 0.019373, 0.027235
LFVVKPSLYYDAR, Yes, 0.01374, 0.952896, 0.008521, 0.056956,  3,   524.29242,  18, 9749752.000000, 12.000000, 0.881279, 0.001091, 0.011341, 0.016143
PSLYYDAR, Yes, 1.16431, 0.360910, 0.111635, 0.440061,  2,   492.74289,  15, 12153981.000000, 12.000000, -0.307216, 1.049700, 0.000000, 2.910234


MeanRateConst/CorrCutOff, 0.018637, 0.900000


MedianRateConst/RMSSCutOff, 0.018865, 0.050000
StandDev/NumberPeptides, 0.004785, 3
TotalIonCurrent, 2.01028e+09
