Peptides, PeptideUnique, RateConstants, Correlations, RootMeanRSS, AbsoluteIsotopeError, Charge, m/z(Sequence), NEH, Aboundance, NDP, Rsquared,sigma,CI lower band, CI upper band
IPSFPPDLGFPER, Yes, 0.05625, 0.906533, 0.033404, 0.146448,  2,   736.38263,  26, 20416522.000000, 12.000000, 0.781572, 0.007292, 0.040197, 0.072297
VAQGQGEGEVGPEVAL, Yes, 0.01496, 0.896718, 0.019006, 0.067735,  2,   770.38611,  40, 7225394.500000, 12.000000, 0.780538, 0.001524, 0.011607, 0.018318
YLWDASVEPDPEK, Yes, 0.01800, 0.963168, 0.011676, 0.078497,  2,   774.86444,  25, 13267371.000000, 12.000000, 0.911278, 0.001287, 0.015165, 0.020829
VMVATQQEMMDAQLTLQQR, Yes, 0.00002, -0.498913, 0.001055, 0.461736,  3,   741.03064,  43, 31385790.000000, 12.000000, -211.097107, 0.000096, 0.000000, 3.528404


MeanRateConst/CorrCutOff, 0.037122, 0.900000


MedianRateConst/RMSSCutOff, 0.056247, 0.050000
StandDev/NumberPeptides, 0.027047, 2
TotalIonCurrent, 2.18753e+09
