Peptides, PeptideUnique, RateConstants, Correlations, RootMeanRSS, AbsoluteIsotopeError, Charge, m/z(Sequence), NEH, Aboundance, NDP, Rsquared,sigma,CI lower band, CI upper band
QADVMIVAGTLTNK, Yes, 0.02395, 0.983630, 0.009731, 0.150582,  2,   730.89252,  22, 32527120.000000, 10.000000, 0.942598, 0.001491, 0.020582, 0.027327
PSPSPSPSLSSTQSAVSK, Yes, 0.06869, 0.983521, 0.016369, 0.089521,  2,   872.44159,  41, 3302814.500000, 10.000000, 0.962427, 0.003985, 0.059676, 0.077707
QADVMIVAGTLTNK, Yes, 0.06277, 0.967928, 0.019144, 0.342166,  3,   487.59744,  22, 3759904.000000, 10.000000, 0.929043, 0.005129, 0.051173, 0.074377
VYDQMPEPR, Yes, 0.06779, 0.941281, 0.023698, 0.071616,  2,   567.76605,  20, 6911666.500000, 9.000000, 0.873997, 0.005619, 0.054831, 0.080745


MeanRateConst/CorrCutOff, 0.055802, 0.900000


MedianRateConst/RMSSCutOff, 0.067788, 0.050000
StandDev/NumberPeptides, 0.021391, 4
TotalIonCurrent, 9.86271e+08
