Peptides, PeptideUnique, RateConstants, Correlations, RootMeanRSS, AbsoluteIsotopeError, Charge, m/z(Sequence), NEH, Aboundance, NDP, Rsquared,sigma,CI lower band, CI upper band
LAPEYEAAATR, Yes, 0.03980, 0.816140, 0.051244, 0.092631,  2,   596.30383,  31, 2411548.250000, 11.000000, 0.535579, 0.006881, 0.024469, 0.055133
ELNDFISYLQR, Yes, 0.03795, 0.950318, 0.023698, 0.113633,  2,   699.35663,  20, 4344570.000000, 11.000000, 0.873863, 0.004441, 0.028053, 0.047842
ALEQFLQEYFDGNLK, Yes, 0.08717, 0.985271, 0.018291, 0.041859,  2,   907.95160,  29, 1915830.000000, 11.000000, 0.912435, 0.007321, 0.070856, 0.103481
DLLTAYYDVDYEK, Yes, 0.03137, 0.965672, 0.011168, 0.119355,  2,   804.37738,  17, 7198847.500000, 11.000000, 0.928373, 0.002367, 0.026093, 0.036642


MeanRateConst/CorrCutOff, 0.059268, 0.900000


MedianRateConst/RMSSCutOff, 0.087169, 0.050000
StandDev/NumberPeptides, 0.039457, 2
TotalIonCurrent, 3.34266e+08
