Peptides, PeptideUnique, RateConstants, Correlations, RootMeanRSS, AbsoluteIsotopeError, Charge, m/z(Sequence), NEH, Aboundance, NDP, Rsquared,sigma,CI lower band, CI upper band
AcTGSLNMTLQR, Yes, 0.00870, 0.968392, 0.008099, 0.031938,  2,   676.32648,  22, 180686992.000000, 12.000000, 0.905494, 0.000685, 0.007189, 0.010203
DFNMPLTISSLK, Yes, 0.01377, 0.992019, 0.003142, 0.029885,  2,   683.35779,  15, 244861632.000000, 12.000000, 0.983166, 0.000399, 0.012892, 0.014646
LIEDTEDWRPR, Yes, 0.01210, 0.523309, 0.030980, 0.087864,  2,   715.35712,  23, 13899508.000000, 12.000000, 0.073656, 0.002850, 0.005831, 0.018378
NTEFYHIPTHSDASK, Yes, 0.02001, 0.972781, 0.007950, 0.051735,  4,   437.45749,  27, 82941552.000000, 11.000000, 0.944793, 0.000891, 0.018022, 0.021995
NTEFYHIPTHSDASK, Yes, 0.02286, 0.994629, 0.005208, 0.019256,  3,   582.94092,  27, 50868652.000000, 12.000000, 0.984175, 0.000672, 0.021384, 0.024344
NTEFYHIPTHSDASK, Yes, 0.02270, 0.958128, 0.014844, 0.095304,  2,   873.90771,  27, 4510857.500000, 12.000000, 0.900948, 0.001910, 0.018496, 0.026902
IGDVVLSIDGISAQGMTHLEAQNK, Yes, 0.02763, 0.970895, 0.009570, 0.176130,  3,   832.76361,  46, 87419928.000000, 12.000000, 0.942388, 0.001717, 0.023847, 0.031404
ILAQITGTEHLTESENDNTK, Yes, 0.03287, 0.995054, 0.006188, 0.099640,  3,   738.70099,  37, 20690698.000000, 12.000000, 0.982922, 0.001060, 0.030537, 0.035201
LIEDTEDWRPR, Yes, 0.01517, 0.990631, 0.004793, 0.052591,  3,   477.24051,  23, 207230768.000000, 12.000000, 0.980384, 0.000472, 0.014135, 0.016211


MeanRateConst/CorrCutOff, 0.018903, 0.900000


MedianRateConst/RMSSCutOff, 0.020009, 0.050000
StandDev/NumberPeptides, 0.004231, 5
TotalIonCurrent, 2.26872e+10
