Peptides, PeptideUnique, RateConstants, Correlations, RootMeanRSS, AbsoluteIsotopeError, Charge, m/z(Sequence), NEH, Aboundance, NDP, Rsquared,sigma,CI lower band, CI upper band
LYEQLSGK, Yes, 0.01976, 0.984268, 0.008070, 0.034178,  2,   469.25308,  14, 97193688.000000, 12.000000, 0.961431, 0.000911, 0.017756, 0.021766
VLTPTQVMNRPS, Yes, 0.02054, 0.619307, 0.039292, 0.097092,  2,   671.86102,  20, 1651186.750000, 10.000000, 0.382296, 0.004637, 0.010050, 0.031030
VDYAGVTVDELGK, Yes, 0.01892, 0.985522, 0.007736, 0.035588,  2,   683.34845,  19, 84841256.000000, 12.000000, 0.965934, 0.000890, 0.016960, 0.020879
EWHHFLVVNMK, Yes, 0.01385, 0.991497, 0.003333, 0.075882,  3,   480.57993,  15, 48051588.000000, 12.000000, 0.980224, 0.000460, 0.012842, 0.014866
LYTLVLTDPDAPSR, Yes, 0.02587, 0.988487, 0.007572, 0.042744,  2,   780.91705,  22, 128364552.000000, 12.000000, 0.968600, 0.001049, 0.023559, 0.028176
YNLGAPVAGTcYQAEWDDYVPK, Yes, 0.01703, 0.983296, 0.004796, 0.030739,  3,   839.71790,  40, 15547200.000000, 12.000000, 0.966113, 0.000752, 0.015373, 0.018681
GNDISSGTVLSDYVGSGPPSGTGLHR, Yes, 0.01589, 0.994018, 0.003142, 0.038191,  3,   844.07715,  46, 87526280.000000, 12.000000, 0.986210, 0.000426, 0.014951, 0.016825
VLTPTQVMNRPSSISWDGLDPGK, Yes, 0.01490, 0.980414, 0.005223, 0.146014,  3,   833.42847,  38, 30700626.000000, 12.000000, 0.953517, 0.000783, 0.013181, 0.016629
VLTPTQVMNR, Yes, 0.00921, 0.978647, 0.004393, 0.047618,  2,   579.81860,  15, 67958608.000000, 12.000000, 0.954737, 0.000437, 0.008247, 0.010173
PSSISWDGLDPGK, Yes, 0.00841, 0.937809, 0.008155, 0.030186,  2,   679.83295,  23, 46149456.000000, 12.000000, 0.834333, 0.000668, 0.006941, 0.009882


MeanRateConst/CorrCutOff, 0.015652, 0.900000


MedianRateConst/RMSSCutOff, 0.015888, 0.050000
StandDev/NumberPeptides, 0.003531, 7
TotalIonCurrent, 1.59283e+10
