Peptides, PeptideUnique, RateConstants, Correlations, RootMeanRSS, AbsoluteIsotopeError, Charge, m/z(Sequence), NEH, Aboundance, NDP, Rsquared,sigma,CI lower band, CI upper band
GTIQGGLDTTK, Yes, 0.01432, 0.987566, 0.004384, 0.030905,  2,   545.79059,  14, 76851552.000000, 11.000000, 0.973646, 0.000469, 0.013275, 0.015366
DTVTTGLTGAVNVAK, Yes, 0.05640, 0.996082, 0.007926, 0.104225,  2,   723.89355,  19, 20423066.000000, 11.000000, 0.986263, 0.001778, 0.052436, 0.060360
DNVYAGVTGAVNVAK, Yes, 0.10325, 0.842399, 0.044270, 0.250988,  2,   739.38593,  25, 776303.500000, 6.000000, 0.567958, 0.008499, 0.081402, 0.125096
DTVTTGLTGAMNVAK, Yes, 0.39719, 0.635756, 0.065130, 0.395019,  2,   739.87958,  20, 9097679.000000, 11.000000, -0.671057, 0.160659, 0.039220, 0.755160


MeanRateConst/CorrCutOff, 0.035359, 0.900000


MedianRateConst/RMSSCutOff, 0.056398, 0.050000
StandDev/NumberPeptides, 0.029753, 2
TotalIonCurrent, 1.66592e+09
