Peptides, PeptideUnique, RateConstants, Correlations, RootMeanRSS, AbsoluteIsotopeError, Charge, m/z(Sequence), NEH, Aboundance, NDP, Rsquared,sigma,CI lower band, CI upper band
LSQNLISR, Yes, 0.00208, 0.753895, 0.013452, 0.167196,  2,   465.77197,  16, 15155812.000000, 12.000000, 0.388542, 0.000914, 0.000068, 0.004090
DFPNLAFIR, Yes, 0.00580, 0.852396, 0.011238, 0.106159,  2,   546.79547,  16, 32823962.000000, 12.000000, 0.699329, 0.000962, 0.003682, 0.007917
LPSLAFLYMEK, Yes, 0.00959, 0.888857, 0.009996, 0.069378,  2,   656.35449,  17, 29941290.000000, 12.000000, 0.647364, 0.001072, 0.007228, 0.011945
NLMQLNLAHNILR, Yes, 0.01112, 0.966398, 0.007831, 0.034887,  3,   517.29254,  24, 17187198.000000, 12.000000, 0.917305, 0.000774, 0.009420, 0.012827
LENLLLLDLQHNR, Yes, 0.00867, 0.467008, 0.018328, 0.064393,  2,   795.95172,  23, 45341260.000000, 10.000000, 0.136191, 0.001948, 0.004262, 0.013074
LENLLLLDLQHNR, Yes, 0.01143, 0.975752, 0.007389, 0.055519,  3,   530.97021,  23, 44729828.000000, 12.000000, 0.924383, 0.000743, 0.009794, 0.013063
VPQAIHQLYLDSNK, Yes, 0.02112, 0.931253, 0.016045, 0.102131,  3,   542.62634,  27, 21848370.000000, 12.000000, 0.807817, 0.001887, 0.016962, 0.025271
NLVAFHDFSSDLENVPHLR, Yes, 0.01131, 0.557024, 0.019458, 0.086588,  4,   553.28015,  36, 9675377.000000, 12.000000, -0.003193, 0.002299, 0.006255, 0.016374
NQLEEVPSALPR, Yes, 0.01032, 0.967619, 0.009146, 0.105406,  2,   676.86206,  30, 20656738.000000, 12.000000, 0.925134, 0.000674, 0.008836, 0.011802
NLMQLNLAHNILR, Yes, 0.00288, 0.704624, 0.020716, 0.152870,  2,   775.43518,  24, 1341495.750000, 9.000000, 0.124495, 0.001854, 0.000000, 3.301589
WVNLDNNR, Yes, 0.00382, 0.820248, 0.008211, 0.037019,  2,   515.75684,  12, 21490574.000000, 12.000000, 0.631472, 0.000758, 0.002149, 0.005488
ISNVPAISNK, Yes, 0.03444, 0.846380, 0.044669, 0.121629,  2,   521.79822,  18, 23674254.000000, 12.000000, 0.676645, 0.006022, 0.021184, 0.047695


MeanRateConst/CorrCutOff, 0.009487, 0.900000


MedianRateConst/RMSSCutOff, 0.009586, 0.050000
StandDev/NumberPeptides, 0.002070, 6
TotalIonCurrent, 6.26477e+09
