Peptides, PeptideUnique, RateConstants, Correlations, RootMeanRSS, AbsoluteIsotopeError, Charge, m/z(Sequence), NEH, Aboundance, NDP, Rsquared,sigma,CI lower band, CI upper band
DSLLQDGEFTMDLR, Yes, 0.03996, 0.991995, 0.008120, 0.018934,  2,   820.38525,  25, 9709730.000000, 12.000000, 0.983515, 0.001450, 0.036764, 0.043148
STGGAPTFNVTVTMTAK, Yes, 0.01428, 0.948606, 0.012642, 0.219433,  2,   841.92456,  23, 2419994.500000, 12.000000, 0.844608, 0.001457, 0.011077, 0.017490
TFVSITPAEVGVLVGK, Yes, 0.03622, 0.992692, 0.006830, 0.063100,  2,   808.96655,  22, 16187200.000000, 12.000000, 0.984726, 0.001226, 0.033527, 0.038923


MeanRateConst/CorrCutOff, 0.030155, 0.900000


MedianRateConst/RMSSCutOff, 0.036225, 0.050000
StandDev/NumberPeptides, 0.013871, 3
TotalIonCurrent, 6.60309e+08
