Peptides, PeptideUnique, RateConstants, Correlations, RootMeanRSS, AbsoluteIsotopeError, Charge, m/z(Sequence), NEH, Aboundance, NDP, Rsquared,sigma,CI lower band, CI upper band
VWQVTIGTR, Yes, 0.03453, 0.983453, 0.008971, 0.139704,  2,   530.30090,  12, 8031945.500000, 12.000000, 0.966157, 0.001653, 0.030892, 0.038168
DVLSVAFSSDNR, Yes, 0.06233, 0.751886, 0.062124, 0.134198,  2,   655.32275,  22, 8279018.500000, 12.000000, 0.381139, 0.013868, 0.031808, 0.092856
YTVQDESHSEWVScVR, Yes, 0.01817, 0.756302, 0.037291, 0.274158,  3,   661.29517,  31, 1208108.750000, 10.000000, 0.495292, 0.005721, 0.005223, 0.031108
GHNGWVTQIATTPQFPDMILSASR, Yes, 0.07505, 0.992190, 0.008233, 0.170346,  3,   876.43933,  45, 1986620.875000, 12.000000, 0.973807, 0.003743, 0.066816, 0.083293
YWLcAATGPSIK, Yes, 0.00325, 0.762933, 0.006375, 0.299902,  2,   683.84485,  19, 18532034.000000, 12.000000, 0.278543, 0.000543, 0.002053, 0.004444
DGQAMLWDLNEGK, Yes, 0.14695, 0.979861, 0.020438, 0.124969,  2,   738.84302,  24, 6828390.500000, 12.000000, 0.956583, 0.013224, 0.117849, 0.176061


MeanRateConst/CorrCutOff, 0.085513, 0.900000


MedianRateConst/RMSSCutOff, 0.075054, 0.050000
StandDev/NumberPeptides, 0.056937, 3
TotalIonCurrent, 8.87184e+08
