Peptides, PeptideUnique, RateConstants, Correlations, RootMeanRSS, AbsoluteIsotopeError, Charge, m/z(Sequence), NEH, Aboundance, NDP, Rsquared,sigma,CI lower band, CI upper band
IIQLLDDYPK, Yes, 0.03281, 0.862604, 0.026031, 0.164729,  2,   609.34241,  14, 5625076.000000, 11.000000, 0.697211, 0.004446, 0.022907, 0.042717
GHLENNPALEK, Yes, 0.03609, 0.859598, 0.056171, 0.187060,  2,   611.31476,  24, 1148407.250000, 11.000000, 0.689045, 0.006985, 0.020529, 0.051657
VLALSVETEYTFPLTEK, Yes, 0.03759, 0.977253, 0.010588, 0.191495,  2,   970.51678,  25, 1491705.000000, 11.000000, 0.950309, 0.002102, 0.032905, 0.042274
GNVGFVFTK, Yes, 0.01305, 0.680045, 0.018371, 0.305132,  2,   484.76364,  8, 1811860.250000, 8.000000, 0.372654, 0.002645, 0.006793, 0.019302


MeanRateConst/CorrCutOff, 0.035201, 0.900000


MedianRateConst/RMSSCutOff, 0.037589, 0.050000
StandDev/NumberPeptides, 0.003378, 2
TotalIonCurrent, 1.94097e+08
