Peptides, PeptideUnique, RateConstants, Correlations, RootMeanRSS, AbsoluteIsotopeError, Charge, m/z(Sequence), NEH, Aboundance, NDP, Rsquared,sigma,CI lower band, CI upper band
DYFEEYGK, Yes, 0.24369, 0.976435, 0.020343, 0.039680,  2,   525.72437,  13, 4052065.000000, 11.000000, 0.947709, 0.028062, 0.181166, 0.306218
IDTIEIITDR, Yes, 0.12938, 0.996799, 0.010196, 0.077293,  2,   594.82715,  15, 13606048.000000, 11.000000, 0.983554, 0.005718, 0.116643, 0.142123
GGGGNFGPGPGSNFR, Yes, 0.06975, 0.886795, 0.045394, 0.139087,  2,   689.31836,  30, 8247939.500000, 11.000000, 0.650425, 0.009241, 0.049164, 0.090344
LFIGGLSFETTEESLR, Yes, 0.04544, 0.940227, 0.027276, 0.021172,  2,   899.96472,  28, 111656168.000000, 11.000000, 0.811187, 0.005127, 0.034021, 0.056866


MeanRateConst/CorrCutOff, 0.139506, 0.900000


MedianRateConst/RMSSCutOff, 0.129383, 0.050000
StandDev/NumberPeptides, 0.099511, 3
TotalIonCurrent, 2.31897e+09
