Peptides, PeptideUnique, RateConstants, Correlations, RootMeanRSS, AbsoluteIsotopeError, Charge, m/z(Sequence), NEH, Aboundance, NDP, Rsquared,sigma,CI lower band, CI upper band
VVDLLYWR, Yes, 0.01856, 0.973209, 0.006164, 0.025928,  2,   532.30035,  8, 219118400.000000, 12.000000, 0.940367, 0.001168, 0.015985, 0.021127
YSNSALGHVNSTIK, Yes, 0.02281, 0.996842, 0.004472, 0.031765,  3,   497.59143,  23, 126702392.000000, 12.000000, 0.990171, 0.000533, 0.021636, 0.023981
YSNSALGHVNSTIK, Yes, 0.02177, 0.989245, 0.006883, 0.110116,  2,   745.88354,  23, 14568948.000000, 12.000000, 0.977840, 0.000803, 0.020005, 0.023538
HQAQIDHYLGLANK, Yes, 0.03169, 0.994978, 0.006707, 0.039358,  3,   536.61444,  30, 74305256.000000, 12.000000, 0.987490, 0.000914, 0.029678, 0.033702
HQAQIDHYLGLANK, Yes, 0.03021, 0.990106, 0.008766, 0.030042,  4,   402.71268,  30, 19204648.000000, 12.000000, 0.979204, 0.001160, 0.027660, 0.032768
HQAQIDHYLGLANK, Yes, 0.01606, 0.908476, 0.017047, 0.335647,  2,   804.41803,  30, 6040688.500000, 12.000000, 0.739501, 0.001683, 0.012359, 0.019769
LFLVDDLVDSLK, Yes, 0.01710, 0.980630, 0.006120, 0.131625,  2,   688.88721,  12, 11576760.000000, 12.000000, 0.951947, 0.000961, 0.014986, 0.019216


MeanRateConst/CorrCutOff, 0.023690, 0.900000


MedianRateConst/RMSSCutOff, 0.022809, 0.050000
StandDev/NumberPeptides, 0.006013, 6
TotalIonCurrent, 1.18237e+10
