Peptides, PeptideUnique, RateConstants, Correlations, RootMeanRSS, AbsoluteIsotopeError, Charge, m/z(Sequence), NEH, Aboundance, NDP, Rsquared,sigma,CI lower band, CI upper band
TMEEILEGLK, Yes, 0.13356, 0.454558, 0.088369, 0.110052,  2,   581.80481,  17, 19898856.000000, 9.000000, -0.024610, 0.042495, 0.035563, 0.231552
DLQILAEFHEK, Yes, 0.26842, 0.978907, 0.021322, 0.122418,  3,   448.23822,  23, 7655160.000000, 9.000000, 0.953901, 0.025024, 0.210714, 0.326124
DLQILAEFHEK, Yes, 0.31717, 0.996110, 0.009645, 0.129249,  2,   671.85370,  23, 10404526.000000, 9.000000, 0.991466, 0.014498, 0.283741, 0.350607
DEELScSVLELK, Yes, 0.15563, 0.886028, 0.050299, 0.138700,  2,   711.34503,  23, 5014026.000000, 9.000000, 0.680707, 0.027118, 0.093098, 0.218166
MQQVEASLQPETLR, No, 0.31134, 0.990696, 0.015089, 0.077516,  2,   815.41687,  35, 8371283.500000, 9.000000, 0.977203, 0.021302, 0.262213, 0.360459
AVLDVAETGTEAAAATGVIGGIR, Yes, 0.30921, 0.991930, 0.012198, 0.117555,  3,   714.71820,  50, 5719170.000000, 9.000000, 0.981480, 0.019656, 0.263887, 0.354538
AVLDVAETGTEAAAATGVIGGIR, Yes, 0.31378, 0.978302, 0.020749, 0.116703,  2,  1071.57373,  50, 3317134.750000, 8.000000, 0.938999, 0.034390, 0.232460, 0.395100
ALYQTEAFTADFQQPTEAK, Yes, 0.30616, 0.643883, 0.082932, 0.112911,  2,  1080.01819,  43, 2602430.000000, 9.000000, 0.294189, 0.144631, 0.000000, 1.752130
ISFDPQDTFESEFYLDEK, Yes, 0.33331, 0.995360, 0.007409, 0.093513,  2,  1105.49426,  33, 2002570.250000, 9.000000, 0.989949, 0.016717, 0.294757, 0.371854
LSVSQVVHK, Yes, 0.14732, 0.950297, 0.034186, 0.115850,  2,   498.79547,  14, 2819032.750000, 8.000000, 0.775497, 0.013162, 0.116193, 0.178439


MeanRateConst/CorrCutOff, 0.308871, 0.900000


MedianRateConst/RMSSCutOff, 0.311336, 0.050000
StandDev/NumberPeptides, 0.021599, 6
TotalIonCurrent, 1.31654e+09
