Peptides, PeptideUnique, RateConstants, Correlations, RootMeanRSS, AbsoluteIsotopeError, Charge, m/z(Sequence), NEH, Aboundance, NDP, Rsquared,sigma,CI lower band, CI upper band
AQYEEIAQR, Yes, 0.00773, 0.978037, 0.005631, 0.074935,  2,   554.27509,  28, 76131512.000000, 12.000000, 0.950014, 0.000350, 0.006961, 0.008501
STSSFScLSR, Yes, 0.00007, -0.096596, 0.015836, 0.097296,  2,   566.25861,  19, 1469224.000000, 11.000000, -0.286798, 0.001126, 0.000000, 2.545975
GFSSGSAVVSGGSR, No, 0.00028, -0.377297, 0.002081, 0.084405,  2,   627.80731,  30, 14696474.000000, 11.000000, -1.371274, 0.000115, 0.000020, 0.000531
NLDLDSIIAEVK, No, 0.00002, -0.438314, 0.001579, 0.047410,  2,   665.36664,  20, 18193360.000000, 12.000000, -2.110667, 0.000113, 0.000000, 2.898062
FLEQQNQVLQTK, No, 0.00010, -0.437880, 0.001241, 0.035075,  2,   738.39624,  24, 72187664.000000, 12.000000, -3.194602, 0.000088, 0.000000, 2.395815
GSSSGGGYSSGSSSYGSGGR, Yes, 0.00287, 0.282260, 0.031782, 0.092652,  2,   870.85645,  44, 684504.687500, 8.000000, -0.135882, 0.002576, 0.000000, 3.355722
GSGFGGGSGFGGGSGFSGGGFGGGGFGGGR, Yes, 0.00002, -2.000000, 0.006348, 0.535866,  3,   800.34436,  56, 937537.437500, 6.000000, -0.522598, 0.000676, 0.000000, 1.006507
HGGGGGGFGGGGFGSR, Yes, 0.00217, -0.210909, 0.028473, 0.210494,  3,   440.86581,  32, 2721923.000000, 12.000000, -0.250316, 0.001650, 0.000000, 2.319926
IEISELNR, No, 0.00003, 0.350256, 0.014843, 0.092730,  2,   487.26926,  18, 25390050.000000, 12.000000, -0.184999, 0.000912, 0.000000, 2.605185
TAAENDFVTLK, Yes, 0.00002, -2.000000, 0.000886, 0.254835,  2,   604.81152,  18, 3871592.000000, 9.000000, -536.580933, 0.000085, 0.000000, 3.301549
LALDVEIATYR, No, 0.00005, -2.000000, 0.000945, 0.100449,  2,   632.35077,  20, 10708802.000000, 5.000000, -376.918518, 0.000110, 0.000000, 3.068278


MeanRateConst/CorrCutOff, 0.002040, 0.900000


MedianRateConst/RMSSCutOff, 0.000275, 0.050000
StandDev/NumberPeptides, 0.003795, 4
TotalIonCurrent, 3.28073e+09
