Peptides, PeptideUnique, RateConstants, Correlations, RootMeanRSS, AbsoluteIsotopeError, Charge, m/z(Sequence), NEH, Aboundance, NDP, Rsquared,sigma,CI lower band, CI upper band
EMPLcDQDSTSK, Yes, 0.00019, 0.634092, 0.010125, 0.074253,  2,   705.79742,  23, 18179934.000000, 12.000000, -0.164292, 0.000703, 0.000000, 2.284339
DVSSIIVLFGYPFR, Yes, 0.00229, 0.886667, 0.002425, 0.042435,  2,   806.94031,  19, 111660640.000000, 12.000000, 0.776115, 0.000238, 0.001764, 0.002811
LYQVQYEMPLcDQDSTSK, Yes, 0.01027, 0.898852, 0.011504, 0.024620,  2,  1102.99561,  33, 14617580.000000, 12.000000, 0.771496, 0.001379, 0.007232, 0.013302
ETPWHGQGQDQGQGPSQESAAEQGAVEK, Yes, 0.00584, 0.878951, 0.005469, 0.102299,  3,   979.43958,  78, 10846071.000000, 12.000000, 0.659377, 0.000663, 0.004381, 0.007299
LEEPLGFIK, Yes, 0.00883, 0.982421, 0.004730, 0.017962,  2,   523.30005,  15, 43610756.000000, 12.000000, 0.955778, 0.000439, 0.007866, 0.009800
GATRPSSLTAAM, Yes, 0.00658, 0.424754, 0.023482, 0.315731,  2,   581.79785,  27, 6111717.500000, 12.000000, -0.146489, 0.001530, 0.003218, 0.009952
LYQVQYEMPLcDQDSTSK, Yes, 0.03912, 0.823742, 0.031014, 0.610941,  3,   735.66614,  33, 10740265.000000, 12.000000, 0.645835, 0.006715, 0.024345, 0.053904


MeanRateConst/CorrCutOff, 0.005886, 0.900000


MedianRateConst/RMSSCutOff, 0.005840, 0.050000
StandDev/NumberPeptides, 0.002716, 4
TotalIonCurrent, 5.77255e+09
