Peptides, PeptideUnique, RateConstants, Correlations, RootMeanRSS, AbsoluteIsotopeError, Charge, m/z(Sequence), NEH, Aboundance, NDP, Rsquared,sigma,CI lower band, CI upper band
LLETLFVHR, Yes, 0.01795, 0.973139, 0.008535, 0.065451,  3,   376.55722,  13, 27937342.000000, 12.000000, 0.941209, 0.001121, 0.015487, 0.020423
MKHYEVEIR, Yes, 0.00169, 0.760596, 0.026966, 0.112320,  3,   402.20959,  17, 7270552.000000, 12.000000, 0.124228, 0.002175, 0.000000, 2.765444
LPVGTTATLYFR, Yes, 0.01191, 0.962376, 0.010388, 0.120302,  2,   669.87445,  15, 26630562.000000, 12.000000, 0.874822, 0.001229, 0.009210, 0.014618
VEPQATISEIK, Yes, 5.51582, 0.992939, 0.019465, 1.456812,  2,   607.83496,  24, 15359472.000000, 11.000000, 0.961296, 14.833370, 3.943553, 7.088079
FSHGTMPLR, Yes, 0.00988, 0.851679, 0.022594, 0.124154,  2,   523.26599,  15, 1705586.375000, 12.000000, 0.649444, 0.002180, 0.005080, 0.014678
LLETLFVHR, Yes, 0.02543, 0.966134, 0.015279, 0.048754,  2,   564.33221,  13, 3055902.750000, 12.000000, 0.896729, 0.002347, 0.020261, 0.030590


MeanRateConst/CorrCutOff, 0.013250, 0.900000


MedianRateConst/RMSSCutOff, 0.011914, 0.050000
StandDev/NumberPeptides, 0.004200, 3
TotalIonCurrent, 2.25178e+09
