Peptides, PeptideUnique, RateConstants, Correlations, RootMeanRSS, AbsoluteIsotopeError, Charge, m/z(Sequence), NEH, Aboundance, NDP, Rsquared,sigma,CI lower band, CI upper band
WTGMIIGPPR, Yes, 0.02504, 0.972525, 0.013544, 0.016173,  2,   564.30511,  16, 23740426.000000, 8.000000, 0.775372, 0.001571, 0.021320, 0.028750
GVGDGTVSWGLEDDEDMTLTR, Yes, 0.01918, 0.899189, 0.018678, 0.154229,  2,  1127.00244,  33, 1690211.625000, 10.000000, 0.724969, 0.002704, 0.013062, 0.025298
INMNGINNSSGMVDAR, Yes, 0.01980, 0.930928, 0.030275, 0.215183,  2,   846.89325,  31, 1832526.250000, 10.000000, 0.746843, 0.003930, 0.010909, 0.028687
VILQELR, Yes, 0.46346, -2.000000, 0.117375, 0.345004,  2,   435.77399,  14, 20931108.000000, 1.000000, 0.000000, inf, 0.463459, 0.463459


MeanRateConst/CorrCutOff, 0.021338, 0.900000


MedianRateConst/RMSSCutOff, 0.019798, 0.050000
StandDev/NumberPeptides, 0.003217, 3
TotalIonCurrent, 5.54737e+08
