Peptides, PeptideUnique, RateConstants, Correlations, RootMeanRSS, AbsoluteIsotopeError, Charge, m/z(Sequence), NEH, Aboundance, NDP, Rsquared,sigma,CI lower band, CI upper band
WSPALQIR, Yes, 0.00910, 0.893461, 0.014993, 0.078864,  2,   485.77707,  18, 24921886.000000, 12.000000, 0.746470, 0.001179, 0.006509, 0.011698
TNEAQAIETAR, Yes, 0.02176, 0.945836, 0.031603, 0.205137,  2,   602.30182,  30, 4861335.000000, 12.000000, 0.816234, 0.002651, 0.015929, 0.027600
YFHVVIAGPQDSPFEGGTFK, Yes, 0.01477, 0.974950, 0.006460, 0.070119,  3,   732.69690,  34, 19781718.000000, 12.000000, 0.934127, 0.000874, 0.012842, 0.016689
LLAEPVPGIK, Yes, 0.01478, 0.977392, 0.009294, 0.141694,  2,   518.82367,  18, 13346947.000000, 12.000000, 0.944792, 0.000866, 0.012876, 0.016687


MeanRateConst/CorrCutOff, 0.012884, 0.900000


MedianRateConst/RMSSCutOff, 0.014765, 0.050000
StandDev/NumberPeptides, 0.003273, 3
TotalIonCurrent, 1.53543e+09
