Peptides, PeptideUnique, RateConstants, Correlations, RootMeanRSS, AbsoluteIsotopeError, Charge, m/z(Sequence), NEH, Aboundance, NDP, Rsquared,sigma,CI lower band, CI upper band
ESLSGQAAAR, Yes, 0.03181, 0.969057, 0.026066, 0.112284,  2,   495.25415,  31, 1584239.000000, 12.000000, 0.929637, 0.002345, 0.026652, 0.036974
VPDFSDYR, Yes, 0.02426, 0.994029, 0.004985, 0.020844,  2,   499.73254,  13, 146164848.000000, 12.000000, 0.987557, 0.000677, 0.022771, 0.025752
SGPFAPVLSATSR, Yes, 0.02215, 0.959130, 0.015616, 0.089471,  2,   645.34607,  28, 90022888.000000, 12.000000, 0.912674, 0.001502, 0.018844, 0.025455
PLVATVGLNVPASVR, Yes, 0.00921, 0.965545, 0.009959, 0.082932,  3,   498.29971,  26, 10088288.000000, 12.000000, 0.890443, 0.000853, 0.007327, 0.011084
PLVATVGLNVPASVR, Yes, 0.01646, 0.993619, 0.005185, 0.057756,  2,   746.94592,  26, 68313680.000000, 12.000000, 0.980135, 0.000521, 0.015315, 0.017609
EIDQEAAVEVSQLR, Yes, 0.02344, 0.995080, 0.006763, 0.044047,  2,   793.90466,  38, 41025032.000000, 12.000000, 0.986568, 0.000673, 0.021962, 0.024923
NVVSQFVSSMSASADVLAMSK, Yes, 0.01943, 0.979728, 0.007327, 0.074177,  2,  1079.52954,  41, 19538318.000000, 12.000000, 0.957553, 0.000986, 0.017261, 0.021600
GVAGALRPLLQGAVPAASEPPVLDVK, Yes, 0.01482, 0.970266, 0.006694, 0.145704,  3,   842.48651,  57, 11305471.000000, 12.000000, 0.936017, 0.000907, 0.012819, 0.016811
GKPLFVR, Yes, 0.01048, 0.982576, 0.004714, 0.046071,  2,   408.75815,  10, 43807380.000000, 12.000000, 0.956346, 0.000534, 0.009303, 0.011654
EIDQEAAVEVSQLR, Yes, 0.02475, 0.979575, 0.012628, 0.064344,  3,   529.60553,  38, 25445222.000000, 12.000000, 0.958161, 0.001290, 0.021910, 0.027589
KGPAPLNLEVPAYEFTSDDVVVVG, Yes, 0.01936, 0.958794, 0.011201, 0.057867,  3,   839.43549,  41, 6747815.500000, 12.000000, 0.895431, 0.001817, 0.015361, 0.023361
PLLQGAVPAASEPPVLDVK, Yes, 0.01898, 0.945872, 0.018480, 0.195207,  2,   951.04077,  40, 2616911.750000, 12.000000, 0.835741, 0.002102, 0.014357, 0.023610
RAEVLDSTK, Yes, 0.01760, 0.954415, 0.018235, 0.076240,  2,   509.78000,  17, 3418580.750000, 12.000000, 0.883514, 0.001754, 0.013742, 0.021464


MeanRateConst/CorrCutOff, 0.019249, 0.900000


MedianRateConst/RMSSCutOff, 0.019361, 0.050000
StandDev/NumberPeptides, 0.004342, 11
TotalIonCurrent, 1.18933e+10
