Peptides, PeptideUnique, RateConstants, Correlations, RootMeanRSS, AbsoluteIsotopeError, Charge, m/z(Sequence), NEH, Aboundance, NDP, Rsquared,sigma,CI lower band, CI upper band
SNFAVGYR, Yes, 0.21891, 0.951675, 0.038135, 0.601962,  2,   457.22995,  15, 72261928.000000, 12.000000, 0.878756, 0.038277, 0.134666, 0.303162
LTLSALVDGK, Yes, 0.02213, 0.989595, 0.007053, 0.075309,  2,   508.80295,  13, 114898152.000000, 12.000000, 0.972939, 0.000919, 0.020110, 0.024157
LTFDTTFSPNTGK, Yes, 0.02524, 0.993578, 0.005274, 0.030754,  2,   714.85394,  13, 73652584.000000, 12.000000, 0.977036, 0.000936, 0.023174, 0.027296
VNNSSLIGVGYTQTLR, Yes, 0.01890, 0.992904, 0.004439, 0.052439,  2,   861.46265,  24, 13810488.000000, 12.000000, 0.985517, 0.000544, 0.017708, 0.020101
ScSGVEFSTSGSSNTDTGK, Yes, 0.02146, 0.985680, 0.011476, 0.066004,  2,   954.39984,  33, 12335352.000000, 12.000000, 0.948415, 0.001333, 0.018527, 0.024393
VNNSSLIGVGYTQTLRPGVK, Yes, 0.01821, 0.979658, 0.007073, 0.038131,  3,   701.72339,  30, 56136452.000000, 12.000000, 0.954845, 0.000964, 0.016090, 0.020333
WNTDNTLGTEIAIEDQIcQGLK, Yes, 0.02375, 0.983879, 0.006677, 0.059665,  2,  1260.10779,  38, 2968819.750000, 12.000000, 0.964997, 0.001154, 0.021206, 0.026287
WNTDNTLGTEIAIEDQIcQGLK, Yes, 0.01943, 0.976337, 0.007368, 0.016281,  3,   840.40759,  38, 7345742.000000, 12.000000, 0.941809, 0.001164, 0.016865, 0.021988
TGDFQLHTNVNNGTEFGGSIYQK, Yes, 0.02911, 0.985523, 0.004670, 0.101964,  3,   843.06647,  37, 18296230.000000, 9.000000, 0.966244, 0.001316, 0.026078, 0.032146
YQLDPTASISAK, Yes, 0.01982, 0.975612, 0.010396, 0.074129,  2,   647.33789,  24, 71881304.000000, 12.000000, 0.951071, 0.001026, 0.017558, 0.022076
VNNSSLIGVGYTQTLRPGVK, Yes, 0.01458, 0.908328, 0.020759, 0.422196,  2,  1052.08142,  30, 1687726.875000, 12.000000, 0.724718, 0.002616, 0.008826, 0.020343
VcEDFDTSVNLAWTSGTNcTR, Yes, 0.01335, 0.920639, 0.008388, 0.216599,  3,   811.68640,  32, 2779319.250000, 12.000000, 0.833519, 0.001167, 0.010779, 0.015918
VcEDFDTSVNLAWTSGTNcTR, Yes, 0.00376, 0.490156, 0.037246, 0.160375,  2,  1217.02588,  32, 887780.312500, 10.000000, 0.017503, 0.006452, 0.000000, 2.519164


MeanRateConst/CorrCutOff, 0.021117, 0.900000


MedianRateConst/RMSSCutOff, 0.021460, 0.050000
StandDev/NumberPeptides, 0.002476, 8
TotalIonCurrent, 1.18722e+10
