Peptides, PeptideUnique, RateConstants, Correlations, RootMeanRSS, AbsoluteIsotopeError, Charge, m/z(Sequence), NEH, Abundance, NDP, Rsquared,sigma,CI lower band, CI upper band
YLAEVAAGDDKK, Yes, 0.35456, 0.987119, 0.021378, 0.085227,  2,   640.33005,  24, 52703332.000000, 9.000000, 0.961949, 0.034426, 0.275172, 0.433945
FLIPNASQPESK, Yes, 0.36012, 0.986504, 0.019762, 0.019968,  2,   665.85370,  26, 863296128.000000, 9.000000, 0.894652, 0.047353, 0.250919, 0.469313
DIcNDVLSLLEK, Yes, 0.43449, 0.982204, 0.016912, 0.044648,  2,   709.86341,  17, 392474400.000000, 9.000000, 0.813374, 0.092393, 0.221435, 0.647552
SVTEQGAELSNEER, Yes, 0.31251, 0.990288, 0.015280, 0.040733,  2,   774.86043,  37, 1020924864.000000, 9.000000, 0.980364, 0.019060, 0.268554, 0.356459
GIVDQSQQAYQEAFEISK, Yes, 0.27729, 0.993263, 0.009951, 0.059560,  2,  1020.99727,  44, 351270176.000000, 9.000000, 0.983079, 0.014677, 0.243445, 0.311136
TAFDEAIAELDTLSEESYK, Yes, 0.39462, 0.991110, 0.010326, 0.044503,  3,   711.33542,  40, 40290756.000000, 9.000000, 0.980652, 0.025413, 0.336015, 0.453218
TAFDEAIAELDTLSEESYK, Yes, 0.26279, 0.988149, 0.011948, 0.042105,  2,  1066.49949,  40, 62265464.000000, 9.000000, 0.971006, 0.017960, 0.221370, 0.304201
KGIVDQSQQAYQEAFEISK, Yes, 0.20659, 0.107701, 0.104272, 0.111419,  3,   723.69892,  45, 50355588.000000, 8.000000, -0.938807, 0.137609, 0.000000, 3.016836
KGIVDQSQQAYQEAFEISK, Yes, 0.25460, 0.432087, 0.077617, 0.362845,  2,  1085.04474,  45, 8196351.000000, 7.000000, -0.905806, 0.185181, 0.000000, 3.121761
GIVDQSQQAYQEAFEISKK, Yes, 0.34300, 0.940093, 0.029477, 0.150530,  3,   723.69892,  45, 336336224.000000, 8.000000, 0.757766, 0.071202, 0.174637, 0.511368
GIVDQSQQAYQEAFEISKK, Yes, 0.21589, 0.834812, 0.067615, 0.277518,  2,  1085.04474,  45, 58243820.000000, 6.000000, -0.759943, 0.156554, 0.000000, 4.114805
YDDMAAcMK, Yes, 0.28592, 0.966299, 0.040112, 0.099270,  2,   552.71156,  16, 91006960.000000, 7.000000, 0.845815, 0.061336, 0.135835, 0.436002


MeanRateConst/CorrCutOff, 0.323849, 0.900000


MedianRateConst/RMSSCutOff, 0.343002, 0.050000
StandDev/NumberPeptides, 0.027014, 8
TotalIonCurrent, 1.91289e+11
