Peptides, PeptideUnique, RateConstants, Correlations, RootMeanRSS, AbsoluteIsotopeError, Charge, m/z(Sequence), NEH, Abundance, NDP, Rsquared,sigma,CI lower band, CI upper band
ESTWSDPYPYSK, Yes, 0.55616, 0.855702, 0.041776, 0.063877,  2,   730.32243,  20, 62666840.000000, 9.000000, 0.443896, 0.213289, 0.064311, 1.048001
DLGYEPLVSWEEAK, No, 0.65233, 0.953449, 0.040051, 0.117544,  2,   818.39866,  27, 314164704.000000, 9.000000, 0.506908, 0.340626, 0.000000, 2.359845
VTVLEGDILDTQYLR, Yes, 1.09436, 0.934334, 0.035673, 0.042197,  2,   867.96726,  21, 236367088.000000, 9.000000, 0.699084, 0.543664, 0.000000, 2.201955
PGWScLVTGAGGFLGQR, No, 0.51880, 0.975335, 0.018621, 0.053880,  2,   881.93833,  30, 321754912.000000, 9.000000, 0.949289, 0.060698, 0.378832, 0.658771
PGWScLVTGAGGFLGQR, No, 0.60782, 0.937074, 0.029701, 0.022352,  3,   588.29464,  30, 137057920.000000, 9.000000, 0.845104, 0.138041, 0.289499, 0.926145
FSTANPVYVGNVAWAHILAAR, Yes, 0.02212, 0.445702, 0.061274, 0.252188,  2,  1129.09746,  41, 18238904.000000, 9.000000, -0.144870, 0.013476, 0.000000, 4.059014
FSTANPVYVGNVAWAHILAAR, Yes, 3.23238, 0.808524, 0.043744, 0.474927,  3,   753.06740,  41, 81983856.000000, 9.000000, 0.709916, 4.866731, 2.103914, 4.360837
EQFFNLGTSIK, Yes, 2.17390, 0.894511, 0.073395, 0.190720,  2,   642.33515,  17, 124908960.000000, 9.000000, 0.598868, 2.498431, 0.775896, 3.571912


MeanRateConst/CorrCutOff, 0.718327, 0.900000


MedianRateConst/RMSSCutOff, 0.652330, 0.050000
StandDev/NumberPeptides, 0.140378, 4
TotalIonCurrent, 9.74117e+10
