Peptides, PeptideUnique, RateConstants, Correlations, RootMeanRSS, AbsoluteIsotopeError, Charge, m/z(Sequence), NEH, Abundance, NDP, Rsquared,sigma,CI lower band, CI upper band
QDQVLDVSGADILAK, Yes, 0.28410, 0.648142, 0.055138, 0.153258,  2,   786.41740,  30, 10306584.000000, 7.000000, -1.751482, 0.208136, 0.000000, 3.308175
FKVPQQILQGLVDVR, Yes, 0.83298, 0.968954, 0.024639, 0.074715,  3,   580.67708,  26, 34558516.000000, 6.000000, 0.932658, 0.218929, 0.270206, 1.395756
NLHLVcVDMPGHEGTTR, Yes, 0.29906, 0.975076, 0.016849, 0.112061,  3,   645.97698,  29, 46285556.000000, 6.000000, 0.956375, 0.045152, 0.182990, 0.415125
IPLIPSTPEEMSEMLQLcSYVR, Yes, 0.75982, 0.821121, 0.030088, 0.166840,  2,  1297.13914,  43, 3043764.500000, 9.000000, 0.423286, 0.279747, 0.114723, 1.404918
IPLIPSTPEEMSEMLQLcSYVR, Yes, 0.43470, 0.488410, 0.058158, 0.137565,  3,   865.09519,  43, 2157103.500000, 9.000000, -0.525098, 0.269690, 0.000000, 2.578953
NLHLVcVDMPGHEGTTR, Yes, 0.37587, 0.903170, 0.056629, 0.338718,  4,   484.73456,  29, 8893051.000000, 5.000000, 0.514465, 0.178788, 0.000000, 1.622380


MeanRateConst/CorrCutOff, 0.566019, 0.900000


MedianRateConst/RMSSCutOff, 0.832981, 0.050000
StandDev/NumberPeptides, 0.074864, 2
TotalIonCurrent, 3.48467e+09
