Peptides, PeptideUnique, RateConstants, Correlations, RootMeanRSS, AbsoluteIsotopeError, Charge, m/z(Sequence), NEH, Abundance, NDP, Rsquared,sigma,CI lower band, CI upper band
LAGISQGVYR, Yes, 14.08747, 0.877077, 0.097090, 0.318751,  2,   532.29837,  20, 164662320.000000, 9.000000, 0.593349, 382084.812500, 12.481299, 15.693643
VPASNLILGEGR, Yes, 1.23805, 0.983481, 0.026693, 0.108691,  2,   613.34858,  25, 408212416.000000, 9.000000, 0.946360, 0.244094, 0.675171, 1.800936
SGQSNPTFFLQK, Yes, 1.14793, 0.933007, 0.037534, 0.062491,  2,   677.34351,  21, 166892848.000000, 9.000000, 0.474925, 0.794114, 0.000000, 2.546608
LADGPDEVHLSAIAK, Yes, 0.95662, 0.817011, 0.062168, 0.128959,  3,   512.60698,  33, 118194488.000000, 9.000000, -0.093514, 0.725710, 0.000000, 4.554600
LADGPDEVHLSAIAK, Yes, 0.05443, 0.735710, 0.057798, 0.121000,  2,   768.40683,  33, 53642844.000000, 9.000000, 0.349922, 0.019458, 0.009564, 0.099305
NLPDSDSEEcLVHGDFK, Yes, 0.52976, 0.952743, 0.026341, 0.064695,  2,   981.43091,  32, 27605324.000000, 9.000000, 0.834037, 0.123528, 0.244906, 0.814619
SLEAYLNQHLPGFGSDSR, Yes, 1.09394, 0.956152, 0.025174, 0.096493,  2,   995.98449,  39, 96944656.000000, 9.000000, 0.339244, 0.746441, 0.000000, 2.506745
SLEAYLNQHLPGFGSDSR, Yes, 0.58012, 0.951995, 0.039059, 0.019173,  3,   664.32542,  39, 83285664.000000, 7.000000, 0.699944, 0.209107, 0.068450, 1.091784
GSHIPENTGIPLMEELISIYcHR, Yes, 0.08909, 0.629857, 0.035242, 0.157292,  3,   889.44035,  46, 17984066.000000, 9.000000, -0.336270, 0.026018, 0.029088, 0.149083
GSHIPENTGIPLMEELISIYcHR, Yes, 0.66635, 0.983168, 0.010517, 0.025260,  4,   667.33208,  46, 39806428.000000, 9.000000, 0.960684, 0.070756, 0.503182, 0.829509
GDITSVFcMTEPNVSSSDATNIEcTIQR, Yes, 0.26030, 0.920149, 0.025912, 0.040664,  3,  1044.80214,  51, 131146048.000000, 8.000000, 0.692009, 0.081373, 0.067887, 0.452718
YLMGNNSSEDSFLTANTVQPLAETGLQLSK, Yes, 0.16376, 0.631762, 0.052368, 0.142553,  3,  1076.86248,  55, 24583588.000000, 9.000000, 0.273018, 0.084905, 0.000000, 2.306418
RYLMGNNSSEDSFLTANTVQPLAETGLQLSK, Yes, 0.29504, 1.000000, 0.000703, 0.141244,  3,  1128.89618,  58, 8997244.000000, 2.000000, 0.998629, 0.008757, 0.183776, 0.406308
NLPDSDSEEcLVHGDFK, Yes, 0.84086, 0.850631, 0.043544, 0.386545,  3,   654.62303,  32, 51496480.000000, 9.000000, 0.766206, 0.283057, 0.188128, 1.493591


MeanRateConst/CorrCutOff, 0.788064, 0.900000


MedianRateConst/RMSSCutOff, 0.666346, 0.050000
StandDev/NumberPeptides, 0.152189, 7
TotalIonCurrent, 8.09613e+10
