Peptides, PeptideUnique, RateConstants, Correlations, RootMeanRSS, AbsoluteIsotopeError, Charge, m/z(Sequence), NEH, Abundance, NDP, Rsquared,sigma,CI lower band, CI upper band
GLAPEQPVTLR, No, 0.27117, 0.951511, 0.032740, 0.056292,  2,   590.83786,  24, 1313522944.000000, 5.000000, 0.886102, 0.054205, 0.120677, 0.421669
GGELGLAMASFLK, No, 0.18591, 0.963483, 0.022147, 0.034653,  2,   647.34720,  24, 137197936.000000, 9.000000, 0.811178, 0.028372, 0.120481, 0.251332
SEFYADEISKR, No, 0.50372, 0.852606, 0.058952, 0.288940,  2,   672.82513,  24, 240262896.000000, 9.000000, 0.700250, 0.132905, 0.197244, 0.810204
ScWDEPLSIAVR, No, 0.18443, 0.872572, 0.036926, 0.024922,  2,   716.84810,  24, 273680896.000000, 9.000000, 0.294238, 0.050795, 0.067297, 0.301563
DGLKDVVDALQSPLVDKK, Yes, 0.15388, 0.920677, 0.031082, 0.042529,  3,   647.36148,  27, 62842160.000000, 8.000000, 0.591805, 0.046935, 0.042891, 0.264860
DGLKDVVDALQSPLVDKK, Yes, 0.05290, 0.673784, 0.065598, 0.141847,  2,   970.53858,  27, 41817448.000000, 5.000000, 0.181506, 0.046989, 0.000000, 3.938752
NMETMHMEYFEEAVNYLR, Yes, 0.12184, 0.841044, 0.028870, 0.165943,  3,   769.66746,  35, 26356214.000000, 5.000000, 0.168747, 0.060612, 0.000000, 4.176598
DVQTPFVVELEVLDGHEPDGGQR, No, 0.03892, 0.392196, 0.052686, 0.080762,  3,   846.08200,  47, 17508826.000000, 9.000000, -0.552122, 0.031675, 0.000000, 4.155189
TPALGGSFSGLEPMGLLWAMEPDRPFWR, No, 0.05713, 0.720938, 0.017266, 0.166988,  3,  1040.18076,  54, 274414784.000000, 9.000000, -1.275123, 0.018533, 0.014393, 0.099868
GPGIGLLGISK, No, 0.14000, 0.929577, 0.032749, 0.072646,  2,   506.31349,  17, 112934576.000000, 8.000000, 0.719206, 0.025835, 0.078913, 0.201093
DGLKDVVDALQSPLVDKK, Yes, 0.19008, 0.952142, 0.022716, 0.071925,  4,   485.77293,  27, 101905272.000000, 4.000000, 0.865373, 0.046771, 0.041231, 0.338922


MeanRateConst/CorrCutOff, 0.167465, 0.900000


MedianRateConst/RMSSCutOff, 0.185906, 0.050000
StandDev/NumberPeptides, 0.034294, 4
TotalIonCurrent, 5.18042e+10
