Peptides, PeptideUnique, RateConstants, Correlations, RootMeanRSS, AbsoluteIsotopeError, Charge, m/z(Sequence), NEH, Abundance, NDP, Rsquared,sigma,CI lower band, CI upper band
GNLANVIR, No, 0.12569, 0.990738, 0.011948, 0.158547,  2,   428.75359,  15, 14960718848.000000, 5.000000, 0.279446, 0.038703, 0.018235, 0.233147
YFPTQALNFAFK, No, 0.18409, 0.982331, 0.017235, 0.042871,  2,   723.87444,  19, 7606353920.000000, 9.000000, 0.820631, 0.034249, 0.105111, 0.263067
YFPTQALNFAFkDK, No, 0.02535, 0.995928, 0.042035, 0.077893,  2,   866.44067,  21, 22246044.000000, 5.000000, 0.471278, 0.016923, 0.000000, 2.947784
YFAGNLASGGAAGATSLcFVYPLDFAR, No, 0.13032, 0.907404, 0.012739, 0.093411,  3,   932.78652,  53, 439874208.000000, 7.000000, 0.410882, 0.023912, 0.071808, 0.188829
GAWSNVLR, No, 0.15633, 0.967608, 0.028763, 0.451975,  2,   451.74577,  15, 2087193088.000000, 9.000000, 0.777926, 0.029923, 0.087324, 0.225327
LLLQVQHASK, No, 0.17955, 0.992179, 0.026159, 0.046265,  2,   568.84294,  20, 510534208.000000, 4.000000, 0.854536, 0.034290, 0.070426, 0.288680
GMGGAFVLVLYDEIKK, No, 0.17541, 0.695086, 0.032599, 0.298139,  3,   580.65153,  22, 96180976.000000, 7.000000, -0.430875, 0.062080, 0.023508, 0.327318


MeanRateConst/CorrCutOff, 0.155195, 0.900000


MedianRateConst/RMSSCutOff, 0.156326, 0.050000
StandDev/NumberPeptides, 0.031360, 5
TotalIonCurrent, 5.18218e+11
