Peptides, PeptideUnique, RateConstants, Correlations, RootMeanRSS, AbsoluteIsotopeError, Charge, m/z(Sequence), NEH, Abundance, NDP, Rsquared,sigma,CI lower band, CI upper band
LGcQVcLTK, Yes, 0.18327, 0.539035, 0.128357, 0.014241,  2,   539.77282,  11, 435125664.000000, 9.000000, 0.286187, 0.078390, 0.002501, 0.364039
LDAITDEENDMLDLAFGLTDR, Yes, 0.37780, 0.954112, 0.028140, 0.035498,  2,  1184.05465,  37, 12289080.000000, 9.000000, 0.492173, 0.091292, 0.167278, 0.588316
LDAITDEENDMLDLAFGLTDR, Yes, 0.27214, 0.890957, 0.026807, 0.048418,  3,   789.70553,  37, 9553249.000000, 9.000000, 0.733550, 0.051174, 0.154136, 0.390150


MeanRateConst/CorrCutOff, 0.277737, 0.900000


MedianRateConst/RMSSCutOff, 0.272143, 0.050000
StandDev/NumberPeptides, 0.069361, 1
TotalIonCurrent, 1.40001e+10
