Peptides, PeptideUnique, RateConstants, Correlations, RootMeanRSS, AbsoluteIsotopeError, Charge, m/z(Sequence), NEH, Abundance, NDP, Rsquared,sigma,CI lower band, CI upper band
VFLSGMPELR, Yes, 0.13855, 0.966498, 0.019520, 0.066861,  2,   574.81025,  17, 85047912.000000, 4.000000, 0.788401, 0.033670, 0.031399, 0.245702
HNNLYLVATSK, Yes, 0.12103, 0.822752, 0.084725, 0.214522,  2,   630.34076,  16, 63160900.000000, 7.000000, 0.435329, 0.064154, 0.000000, 3.656159
FEIPYFTTSGIQVR, Yes, 0.34950, 0.957605, 0.018829, 0.123845,  2,   829.43286,  22, 70275120.000000, 7.000000, 0.886242, 0.043492, 0.243074, 0.455917
STANNVEIHIPVPNDADSPK, Yes, 0.14436, 0.838854, 0.043665, 0.277468,  2,  1059.52672,  41, 57186324.000000, 6.000000, 0.296100, 0.056169, 0.000000, 3.584232
ILQEYITQEGHK, Yes, 0.05716, 0.904618, 0.012014, 0.535111,  2,   729.88299,  24, 15005613.000000, 7.000000, 0.633885, 0.011621, 0.028729, 0.085598
LETGAPRPPATVTNAVSWR, Yes, 0.15626, 0.879544, 0.045657, 0.260858,  2,  1012.03961,  39, 9255254.000000, 5.000000, 0.381342, 0.070457, 0.000000, 4.001035


MeanRateConst/CorrCutOff, 0.181737, 0.900000


MedianRateConst/RMSSCutOff, 0.138551, 0.050000
StandDev/NumberPeptides, 0.021622, 3
TotalIonCurrent, 7.87717e+09
