Peptides, PeptideUnique, RateConstants, Correlations, RootMeanRSS, AbsoluteIsotopeError, Charge, m/z(Sequence), NEH, Abundance, NDP, Rsquared,sigma,CI lower band, CI upper band
GLAVFISDIR, No, 0.11846, 0.961742, 0.023301, 0.104938,  2,   545.81640,  17, 135506480.000000, 8.000000, 0.843614, 0.019904, 0.071400, 0.165529
QLSLPLQEAQK, Yes, 0.31554, 0.860740, 0.075929, 0.114623,  2,   627.85624,  27, 48720808.000000, 5.000000, 0.718746, 0.085799, 0.077325, 0.553760
EMGEAFAADIPR, Yes, 0.21043, 0.925092, 0.034086, 0.143405,  2,   653.80843,  32, 17411822.000000, 7.000000, 0.799919, 0.037612, 0.118400, 0.302465
AcNQLGQFLQHR, No, 0.22214, 0.959220, 0.025407, 0.217766,  2,   736.36478,  29, 27890850.000000, 8.000000, 0.889691, 0.026740, 0.158913, 0.285373
ASPDLVPMGEWTAR, Yes, 0.00000, -2.000000, 0.131841, 0.188565,  2,   765.37448,  29, 30548718.000000, 7.000000, -0.463708, 0.030043, 0.000000, 3.659812
FFQPTEMAAQDFFQR, Yes, 0.23773, 0.957472, 0.020665, 0.248798,  2,   931.93016,  34, 25953870.000000, 8.000000, 0.909187, 0.028669, 0.169942, 0.305522
TVFEALQAPAcHENMVK, Yes, 0.00000, -2.000000, 0.085448, 0.126677,  2,   972.96895,  36, 15208510.000000, 7.000000, -0.076721, 0.039967, 0.000000, 5.213052
YLALESMcTLASSEFSHEAVK, No, 0.15021, 0.959492, 0.014160, 0.421688,  2,  1187.05867,  43, 7060469.000000, 6.000000, 0.774649, 0.025465, 0.084755, 0.215675
YLALESMcTLASSEFSHEAVK, No, 0.22702, 0.983222, 0.013035, 0.063631,  3,   791.70821,  43, 121294552.000000, 6.000000, 0.936073, 0.025744, 0.160842, 0.293197
IAGDYVSEEVWYR, No, 0.08805, 0.772118, 0.049063, 0.171417,  2,   793.87790,  24, 76402208.000000, 7.000000, 0.347607, 0.050255, 0.000000, 2.950042
ALLLSTYIK, No, 0.22205, 0.962142, 0.019292, 0.063368,  2,   511.31823,  10, 99876320.000000, 7.000000, 0.868464, 0.039642, 0.125054, 0.319056
VLQIVTNRDDVQGYAAK, Yes, 0.00000, -2.000000, 0.117013, 0.329451,  2,   945.50761,  31, 83985416.000000, 8.000000, -2.459217, 0.030140, 0.000000, 6.411660
AcNQLGQFLQHR, No, 0.32667, 0.657328, 0.096855, 0.913273,  3,   491.24561,  29, 52446924.000000, 8.000000, 0.437601, 0.106387, 0.075101, 0.578233


MeanRateConst/CorrCutOff, 0.211599, 0.900000


MedianRateConst/RMSSCutOff, 0.222055, 0.050000
StandDev/NumberPeptides, 0.029673, 6
TotalIonCurrent, 2.09299e+10
