Peptides, PeptideUnique, RateConstants, Correlations, RootMeanRSS, AbsoluteIsotopeError, Charge, m/z(Sequence), NEH, Abundance, NDP, Rsquared,sigma,CI lower band, CI upper band
VSYGIGEEEHDQEGR, Yes, 0.35005, 0.997951, 0.006040, 0.044226,  2,   852.87662,  38, 23649438.000000, 7.000000, 0.994766, 0.010671, 0.323944, 0.376165
LDYFLLSHSLLPALcDSK, Yes, 0.00000, -2.000000, 0.199504, 0.118188,  2,  1046.54280,  27, 15403648.000000, 8.000000, -1.526164, 0.048102, 0.000000, 9.187695
LDYFLLSHSLLPALcDSK, Yes, 0.34308, 0.984195, 0.012650, 0.055088,  3,   698.03096,  27, 40342120.000000, 9.000000, 0.962824, 0.030975, 0.271657, 0.414513
LPAELQELPGLTHQYWSAPSDKEGYSGVGLLSR, Yes, 0.00000, -2.000000, 0.154635, 0.209880,  4,   900.45986,  68, 22412012.000000, 7.000000, -0.782579, 0.144028, 0.000000, 9.988190
IcSWNVDGLR, Yes, 0.33096, 0.966868, 0.019957, 0.381433,  2,   610.29805,  15, 54059144.000000, 7.000000, 0.500830, 0.234997, 0.000000, 2.727690
VSYGIGEEEHDQEGR, Yes, 0.34319, 0.990209, 0.016064, 0.045454,  3,   568.92017,  38, 114194720.000000, 7.000000, 0.977900, 0.027702, 0.275410, 0.410978
GLDWVKEEAPDILcLQETK, Yes, 0.03671, 0.267470, 0.057984, 0.231506,  2,  1122.56446,  34, 16267291.000000, 9.000000, -0.569197, 0.025477, 0.000000, 3.952414
GLDWVKEEAPDILcLQETK, Yes, 0.00001, -2.000000, 0.074165, 0.229138,  3,   748.71206,  34, 33129624.000000, 7.000000, -0.020990, 0.016954, 0.000000, 4.296067
LPAELQELPGLTHQYWSAPSDK, Yes, 0.09181, 0.879177, 0.027613, 0.099616,  3,   827.42005,  47, 11707644.000000, 7.000000, 0.563792, 0.025482, 0.029453, 0.154159


MeanRateConst/CorrCutOff, 0.341823, 0.900000


MedianRateConst/RMSSCutOff, 0.343194, 0.050000
StandDev/NumberPeptides, 0.024045, 4
TotalIonCurrent, 1.36499e+10
