Peptides, PeptideUnique, RateConstants, Correlations, RootMeanRSS, AbsoluteIsotopeError, Charge, m/z(Sequence), NEH, Abundance, NDP, Rsquared,sigma,CI lower band, CI upper band
DSIVHQAGMLK, Yes, 15.33278, 0.882635, 0.124701, 1.313454,  2,   599.81607,  21, 115868896.000000, 7.000000, 0.325581, 2673837.750000, 12.000123, 18.665430
DNTINLIHTFR, Yes, 0.18862, 0.952258, 0.040930, 0.033117,  3,   448.57372,  15, 137609872.000000, 7.000000, 0.625787, 0.087834, 0.000000, 3.524300
DNTINLIHTFR, Yes, 0.22678, 0.783665, 0.037997, 0.113396,  2,   672.35695,  15, 136245600.000000, 9.000000, -0.586223, 0.082946, 0.035502, 0.418048
ELQAHGADELLKR, Yes, 1.14838, 0.730776, 0.081235, 0.327067,  3,   493.93531,  32, 14831898.000000, 9.000000, 0.198145, 0.772350, 0.000000, 2.491705
YFQFQEEGKEGENR, Yes, 0.18404, 0.982671, 0.015613, 0.052782,  2,   880.89735,  34, 54452080.000000, 9.000000, 0.964753, 0.014190, 0.151317, 0.216762
DTDAAVGDNIGYITFVLFPR, Yes, 0.51249, 0.796632, 0.039644, 0.038550,  3,   728.70391,  30, 11197597.000000, 9.000000, -0.115880, 0.207533, 0.033917, 0.991059
DTDAAVGDNIGYITFVLFPR, Yes, 0.02144, 0.409735, 0.033047, 0.219454,  2,  1092.55223,  30, 9675118.000000, 9.000000, -0.091262, 0.010395, 0.000000, 3.449262
VYGSFLVNPEPGYNVSLLYDLENLPASK, Yes, 0.07374, 0.691704, 0.024074, 0.169172,  3,  1033.52887,  45, 42739148.000000, 9.000000, -1.875714, 0.026651, 0.012278, 0.135194
FENAAAGNKPEAVEVTFADFDGVLYHISNPNGDK, Yes, 0.08190, 0.907528, 0.017390, 0.084518,  4,   909.93649,  67, 11195086.000000, 8.000000, 0.386641, 0.044281, 0.000000, 4.020144
ELQAHGADELLKR, Yes, 0.10294, 0.973324, 0.028312, 0.330705,  2,   740.39933,  32, 6064339.500000, 5.000000, 0.909094, 0.018127, 0.052613, 0.153270
ELQAHGADELLK, Yes, 0.11201, 0.938307, 0.045842, 0.423083,  2,   662.34878,  29, 48663112.000000, 9.000000, 0.747082, 0.026223, 0.051542, 0.172482
ASHTAPQVLFSHR, Yes, 0.09766, 0.847032, 0.052353, 0.062157,  2,   725.88112,  30, 16963326.000000, 9.000000, 0.686693, 0.024194, 0.041866, 0.153451
YFQFQEEGKEGENR, Yes, 0.16817, 0.955517, 0.021776, 0.117096,  3,   587.60066,  34, 62577908.000000, 8.000000, 0.856241, 0.019263, 0.122620, 0.213719


MeanRateConst/CorrCutOff, 0.139614, 0.900000


MedianRateConst/RMSSCutOff, 0.168169, 0.050000
StandDev/NumberPeptides, 0.024033, 6
TotalIonCurrent, 2.805e+10
