Peptides, PeptideUnique, RateConstants, Correlations, RootMeanRSS, AbsoluteIsotopeError, Charge, m/z(Sequence), NEH, Abundance, NDP, Rsquared,sigma,CI lower band, CI upper band
GAAEDGDKLDIGNTEMK, Yes, 0.51705, 0.987843, 0.016929, 0.033787,  2,   882.40944,  33, 56472160.000000, 9.000000, 0.968933, 0.049471, 0.402968, 0.631128
VNLQNNPGAMEHFHMK, Yes, 0.27003, 0.982098, 0.016489, 0.094231,  2,   933.94052,  32, 51322304.000000, 9.000000, 0.582891, 0.059816, 0.132096, 0.407970
KGAAEDGDKLDIGNTEMK, Yes, 0.36123, 0.951648, 0.028606, 0.079724,  2,   946.45691,  34, 7525989.500000, 8.000000, 0.798102, 0.082641, 0.165814, 0.556644
KGAAEDGDKLDIGNTEMK, Yes, 0.00000, -2.000000, 0.217434, 0.036895,  3,   631.30704,  34, 26716094.000000, 7.000000, -0.019696, 0.035226, 0.000000, 5.822405
GAAEDGDKLDIGNTEMKLEENK, Yes, 0.27247, 0.996819, 0.016597, 0.375006,  2,  1189.06299,  44, 17552180.000000, 4.000000, 0.542246, 0.117981, 0.000000, 3.633559
GAAEDGDKLDIGNTEMKLEENK, Yes, 0.58417, 0.977562, 0.015376, 0.030098,  3,   793.04442,  44, 179549104.000000, 7.000000, 0.946629, 0.069350, 0.414481, 0.753866
VNLQNNPGAMEHFHMK, Yes, 0.35612, 0.979416, 0.015497, 0.047929,  4,   467.47390,  32, 480906528.000000, 9.000000, 0.956382, 0.034136, 0.277400, 0.434837
VNLQNNPGAMEHFHMK, Yes, 0.27893, 0.461848, 0.067855, 0.125865,  3,   622.96277,  32, 75724616.000000, 8.000000, 0.010512, 0.111941, 0.014232, 0.543630
GAAEDGDKLDIGNTEMK, Yes, 0.57855, 0.910466, 0.059394, 0.287275,  3,   588.60872,  33, 38777912.000000, 7.000000, 0.709338, 0.202180, 0.083830, 1.073264
GAAEDGDKLDIGNTEMKLEENK, Yes, 0.27944, 0.935143, 0.041918, 0.342996,  4,   595.03513,  44, 26984200.000000, 8.000000, 0.713075, 0.080768, 0.088451, 0.470422


MeanRateConst/CorrCutOff, 0.307858, 0.900000


MedianRateConst/RMSSCutOff, 0.279437, 0.050000
StandDev/NumberPeptides, 0.063315, 5
TotalIonCurrent, 5.47553e+10
