Peptides, PeptideUnique, RateConstants, Correlations, RootMeanRSS, AbsoluteIsotopeError, Charge, m/z(Sequence), NEH, Abundance, NDP, Rsquared,sigma,CI lower band, CI upper band
AKLEQALSPEVLELR, Yes, 0.65383, 0.982796, 0.040773, 0.060327,  3,   565.99282,  35, 20611578.000000, 6.000000, 0.391366, 0.490050, 0.000000, 2.589069
AKLEQALSPEVLELR, Yes, 0.91691, 0.997348, 0.010791, 0.193825,  2,   848.48559,  35, 6804002.500000, 4.000000, 0.992419, 0.090405, 0.629206, 1.204622
NESGGHAVPAGSETHFR, Yes, 0.68291, 0.990945, 0.038103, 0.057765,  4,   438.95667,  42, 34497228.000000, 6.000000, 0.008057, 0.659207, 0.000000, 3.151911
LVHEALSEELAGPVHALAIQAK, Yes, 0.50589, 0.990432, 0.013007, 0.091554,  4,   574.82194,  53, 24684770.000000, 5.000000, 0.970677, 0.058706, 0.342892, 0.668879


MeanRateConst/CorrCutOff, 0.689887, 0.900000


MedianRateConst/RMSSCutOff, 0.682913, 0.050000
StandDev/NumberPeptides, 0.126370, 4
TotalIonCurrent, 2.6145e+09
