Peptides, PeptideUnique, RateConstants, Correlations, RootMeanRSS, AbsoluteIsotopeError, Charge, m/z(Sequence), NEH, Abundance, NDP, Rsquared,sigma,CI lower band, CI upper band
TPVEVSPSQLSTFR, Yes, 0.28015, 0.978947, 0.021674, 0.058508,  2,   774.40684,  26, 246101936.000000, 9.000000, 0.898910, 0.031318, 0.207925, 0.352366
GEEEDVMVNNYRPLQPLR, Yes, 0.19299, 0.985259, 0.008683, 0.083729,  2,  1080.03111,  39, 22871000.000000, 6.000000, 0.965627, 0.012910, 0.159802, 0.226176
GEEEDVMVNNYRPLQPLR, Yes, 0.13824, 0.881181, 0.079647, 0.072919,  3,   720.35650,  39, 65671188.000000, 7.000000, 0.522674, 0.063564, 0.000000, 3.349425
DYWTYPGSLTTPPLAESVTWIVQK, Yes, 0.26002, 0.816597, 0.023597, 0.079758,  2,  1376.69707,  34, 6624044.500000, 9.000000, 0.398133, 0.061438, 0.118347, 0.401698
DSVYDPQLAPLR, Yes, 0.45371, 0.620402, 0.083202, 0.071288,  2,   687.35661,  25, 108460376.000000, 9.000000, -0.382502, 0.244182, 0.000000, 2.390154
HPLWTGPVSSAEGTR, Yes, 0.11089, 0.695508, 0.117419, 0.120097,  2,   797.90226,  30, 72657168.000000, 8.000000, -0.681142, 0.098792, 0.000000, 3.951784


MeanRateConst/CorrCutOff, 0.236567, 0.900000


MedianRateConst/RMSSCutOff, 0.280145, 0.050000
StandDev/NumberPeptides, 0.018283, 2
TotalIonCurrent, 2.14706e+10
