Peptides, PeptideUnique, RateConstants, Correlations, RootMeanRSS, AbsoluteIsotopeError, Charge, m/z(Sequence), NEH, Abundance, NDP, Rsquared,sigma,CI lower band, CI upper band
VFDKDGNGYISAAELR, Yes, 0.23912, 0.960865, 0.026723, 0.077251,  2,   877.93902,  31, 31215140.000000, 8.000000, 0.904445, 0.033826, 0.159131, 0.319104
VFDKDGNGYISAAELR, Yes, 0.35219, 0.984102, 0.022005, 0.036673,  3,   585.62844,  31, 96856576.000000, 5.000000, 0.954867, 0.054563, 0.200702, 0.503682
EAFSLFDKDGDGTITTK, Yes, 0.43738, 0.971793, 0.017100, 0.033906,  3,   615.63527,  24, 122420152.000000, 9.000000, 0.946319, 0.050036, 0.321997, 0.552761
EAFSLFDKDGDGTITTK, Yes, 0.62452, 0.995871, 0.006371, 0.227184,  2,   922.94927,  24, 67045880.000000, 9.000000, 0.990128, 0.032714, 0.549084, 0.699962
EADIDGDGQVNYEEFVQMMTAK, Yes, 0.20884, 1.000000, 0.001809, 0.184589,  2,  1245.54360,  45, 7721679.500000, 2.000000, 0.999531, 0.004923, 0.146283, 0.271397


MeanRateConst/CorrCutOff, 0.413303, 0.900000


MedianRateConst/RMSSCutOff, 0.437379, 0.050000
StandDev/NumberPeptides, 0.040632, 4
TotalIonCurrent, 1.78004e+10
