Peptides, PeptideUnique, RateConstants, Correlations, RootMeanRSS, AbsoluteIsotopeError, Charge, m/z(Sequence), NEH, Abundance, NDP, Rsquared,sigma,CI lower band, CI upper band
FNQcGTcTEFK, Yes, 0.15772, 0.904728, 0.036814, 0.084526,  2,   696.28957,  16, 15063429.000000, 8.000000, 0.528550, 0.054168, 0.029632, 0.285806
HGIPDETcNNYQAK, Yes, 0.30195, 0.969585, 0.024814, 0.054655,  2,   823.86500,  28, 102821104.000000, 9.000000, 0.941508, 0.034171, 0.223155, 0.380750
DQDcDKFNQcGTcTEFK, Yes, 0.26072, 0.980142, 0.023521, 0.057087,  2,  1076.92209,  28, 25210864.000000, 9.000000, 0.879389, 0.043057, 0.161433, 0.360012
NQHIPQYcGScWAHGSTSAMADR, Yes, 0.28619, 0.980781, 0.012908, 0.035579,  4,   659.28123,  53, 74039624.000000, 6.000000, 0.956927, 0.031557, 0.205075, 0.367314
NQHIPQYcGScWAHGSTSAMADR, Yes, 0.31230, 0.976158, 0.012427, 0.034732,  3,   878.70588,  53, 64248020.000000, 5.000000, 0.938528, 0.038569, 0.205215, 0.419385
GAWPSILLSVQNVIDcGNAGScEGGNDLPVWEYAHK, Yes, 0.06723, 0.430343, 0.021923, 0.126814,  3,  1305.28060,  69, 2770841.250000, 8.000000, -0.969736, 0.031716, 0.000000, 2.235696
KGAWPSILLSVQNVIDcGNAGScEGGNDLPVWEYAHK, Yes, 0.00000, -2.000000, 0.148547, 0.307296,  3,  1347.97891,  69, 113470720.000000, 6.000000, -0.378702, 0.102208, 0.000000, 11.487833
KGAWPSILLSVQNVIDcGNAGScEGGNDLPVWEYAHK, Yes, 0.26983, 0.944087, 0.010063, 0.096675,  4,  1011.23601,  69, 176370416.000000, 5.000000, 0.584949, 0.068431, 0.079834, 0.459824
HGIPDETcNNYQAK, Yes, 0.28054, 0.955632, 0.029521, 0.263937,  3,   549.57909,  28, 113834184.000000, 9.000000, 0.880135, 0.043326, 0.180628, 0.380447
NSWGEPWGEK, Yes, 0.38999, 0.977281, 0.019121, 0.060929,  2,   595.26726,  19, 580014016.000000, 6.000000, 0.953013, 0.047393, 0.268162, 0.511815
NVNGVNYASVTR, Yes, 0.73019, 0.740904, 0.075129, 0.136971,  2,   647.33093,  20, 368605280.000000, 9.000000, 0.150631, 0.557864, 0.000000, 4.998039
DQDcDKFNQcGTcTEFK, Yes, 0.30059, 0.973897, 0.032294, 0.169021,  3,   718.28382,  28, 63270636.000000, 5.000000, 0.859877, 0.072598, 0.099024, 0.502152


MeanRateConst/CorrCutOff, 0.300264, 0.900000


MedianRateConst/RMSSCutOff, 0.286194, 0.050000
StandDev/NumberPeptides, 0.043794, 8
TotalIonCurrent, 5.99641e+10
