Peptides, PeptideUnique, RateConstants, Correlations, RootMeanRSS, AbsoluteIsotopeError, Charge, m/z(Sequence), NEH, Abundance, NDP, Rsquared,sigma,CI lower band, CI upper band
AIINLAVYGK, Yes, 0.32293, 0.962022, 0.021659, 0.085950,  2,   531.32130,  16, 123094624.000000, 6.000000, 0.784101, 0.111748, 0.035677, 0.610193
GEESAVMLEPR, Yes, 0.13263, 0.939203, 0.034523, 0.028252,  2,   609.29516,  28, 227406608.000000, 9.000000, 0.780363, 0.025272, 0.074355, 0.190909
VGAVASLIQSVASFSIYSPHTGIQK, Yes, 0.12629, 0.922375, 0.026326, 0.065135,  3,   854.13051,  49, 25298626.000000, 9.000000, 0.596286, 0.024331, 0.070187, 0.182402
AIQIMYQNLQQDGLENVHLEQVR, Yes, 0.12750, 0.900682, 0.017356, 0.193437,  2,  1370.19776,  52, 10605115.000000, 5.000000, 0.445741, 0.045037, 0.002461, 0.252546
AIQIMYQNLQQDGLENVHLEQVR, Yes, 0.11532, 0.974730, 0.014122, 0.068825,  3,   913.80093,  52, 82934096.000000, 9.000000, 0.870101, 0.016113, 0.078163, 0.152477
IIVYNQPYTGYEK, Yes, 0.17710, 0.980906, 0.012902, 0.440000,  2,   794.40629,  19, 107108960.000000, 9.000000, 0.941915, 0.016315, 0.139480, 0.214722


MeanRateConst/CorrCutOff, 0.125437, 0.900000


MedianRateConst/RMSSCutOff, 0.127504, 0.050000
StandDev/NumberPeptides, 0.024252, 4
TotalIonCurrent, 2.22803e+10
