Peptides, PeptideUnique, RateConstants, Correlations, RootMeanRSS, AbsoluteIsotopeError, Charge, m/z(Sequence), NEH, Abundance, NDP, Rsquared,sigma,CI lower band, CI upper band
LDVPQNLMFGK, Yes, 17.20172, 0.925363, 0.144296, 1.185067,  2,   631.33410,  16, 34059912.000000, 6.000000, 0.318238, 16491808.000000, 13.363370, 21.040077
SDIQMPFTcSVTYYGPSGQK, Yes, 0.32730, 0.965385, 0.018273, 0.104199,  2,  1133.51139,  33, 13069112.000000, 6.000000, 0.927004, 0.051591, 0.194681, 0.459916
SSPSFSSLHYQDAGNYVcETALQEVEGLK, Yes, 0.31470, 0.993052, 0.005653, 0.069546,  3,  1072.83118,  60, 21542072.000000, 5.000000, 0.993221, 0.013839, 0.276273, 0.353120


MeanRateConst/CorrCutOff, 5.947906, 0.900000


MedianRateConst/RMSSCutOff, 0.327299, 0.050000
StandDev/NumberPeptides, 0.032736, 2
TotalIonCurrent, 4.00925e+09
