Peptides, PeptideUnique, RateConstants, Correlations, RootMeanRSS, AbsoluteIsotopeError, Charge, m/z(Sequence), NEH, Abundance, NDP, Rsquared,sigma,CI lower band, CI upper band
DMGVYTLDMTDENYR, Yes, 0.63446, 0.983610, 0.023771, 0.144843,  2,   911.88475,  21, 41410288.000000, 8.000000, 0.814317, 0.192039, 0.180359, 1.088560
EDAGEYQcEISNPVSVR, Yes, 0.39170, 0.990643, 0.014125, 0.018447,  2,   976.93635,  41, 152111184.000000, 7.000000, 0.977040, 0.027889, 0.323457, 0.459943
DMGVYTLDMTDENYRR, Yes, 0.30693, 0.979560, 0.011399, 0.057332,  3,   660.29263,  25, 26776708.000000, 5.000000, 0.957343, 0.031949, 0.218226, 0.395638


MeanRateConst/CorrCutOff, 0.444364, 0.900000


MedianRateConst/RMSSCutOff, 0.391700, 0.050000
StandDev/NumberPeptides, 0.041458, 3
TotalIonCurrent, 1.03658e+10
