Peptides, PeptideUnique, RateConstants, Correlations, RootMeanRSS, AbsoluteIsotopeError, Charge, m/z(Sequence), NEH, Abundance, NDP, Rsquared,sigma,CI lower band, CI upper band
QSLQVIESAMER, Yes, 0.05729, 0.794611, 0.037534, 0.035762,  2,   695.85337,  31, 120907264.000000, 7.000000, 0.355479, 0.016164, 0.017744, 0.096845
GQATDIAIQAEEIMK, Yes, 0.08269, 0.870244, 0.039214, 0.237285,  2,   809.41125,  36, 223054624.000000, 8.000000, 0.578922, 0.026527, 0.019961, 0.145415
YMSPMEAQEFGILDK, Yes, 0.26686, 0.955910, 0.023115, 0.051652,  2,   879.90748,  30, 163367872.000000, 8.000000, 0.830261, 0.040980, 0.169961, 0.363765


MeanRateConst/CorrCutOff, 0.135615, 0.900000


MedianRateConst/RMSSCutOff, 0.082688, 0.050000
StandDev/NumberPeptides, 0.024200, 1
TotalIonCurrent, 1.54057e+10
