Peptides, PeptideUnique, RateConstants, Correlations, RootMeanRSS, AbsoluteIsotopeError, Charge, m/z(Sequence), NEH, Abundance, NDP, Rsquared,sigma,CI lower band, CI upper band
GPPGPmGPPGLAGPPGESGR, Yes, 0.02683, 0.670167, 0.050038, 0.149538,  2,   900.93852,  48, 7129368.500000, 7.000000, 0.057856, 0.012058, 0.000000, 4.109966
NGDRGETGPAGPAGPIGPAGAR, Yes, 0.00000, -2.000000, 0.061780, 0.093154,  2,   987.99065,  56, 20903270.000000, 9.000000, -1.275270, 0.008489, 0.000000, 5.125951
NGDRGETGPAGPAGPIGPAGAR, Yes, 0.01060, 0.859594, 0.014988, 0.024845,  3,   658.99619,  56, 125336336.000000, 9.000000, -0.493137, 0.003531, 0.002459, 0.018743
GETGPAGPAGPIGPAGAR, Yes, 0.13425, 0.860141, 0.048528, 0.018155,  2,   766.89443,  47, 119182928.000000, 9.000000, 0.853240, 0.018038, 0.092656, 0.175846


MeanRateConst/CorrCutOff, 0.042919, 0.900000


MedianRateConst/RMSSCutOff, 0.026826, 0.050000
StandDev/NumberPeptides, 0.007416, 0
TotalIonCurrent, 9.14878e+09
