Peptides, PeptideUnique, RateConstants, Correlations, RootMeanRSS, AbsoluteIsotopeError, Charge, m/z(Sequence), NEH, Abundance, NDP, Rsquared,sigma,CI lower band, CI upper band
AEATTLHAAPQGAAMAVSTFR, Yes, 13.49745, 0.996105, 0.013915, 0.189591,  3,   701.02134,  52, 34453952.000000, 7.000000, 0.979732, 41043.031250, 12.374559, 14.620348
AEATTLHAAPQGAAMAVSTFR, Yes, 2.61683, 0.990856, 0.020498, 0.207242,  2,  1051.02838,  52, 6617750.500000, 4.000000, 0.955623, 1.291426, 0.958674, 4.274991
YGFcETADQLHILNEVPR, Yes, 0.08918, 0.494970, 0.104098, 0.032104,  2,  1081.52039,  35, 26818174.000000, 8.000000, 0.141848, 0.051620, 0.000000, 1.500322
SLPVNDSVLDVFER, Yes, 12.73279, 0.939049, 0.029187, 0.705909,  2,   795.41212,  24, 56538920.000000, 9.000000, 0.736520, 71326.960938, 11.467748, 13.997838


MeanRateConst/CorrCutOff, 9.615693, 0.900000


MedianRateConst/RMSSCutOff, 12.732793, 0.050000
StandDev/NumberPeptides, 3.874086, 3
TotalIonCurrent, 8.09517e+09
