Peptides, PeptideUnique, RateConstants, Correlations, RootMeanRSS, AbsoluteIsotopeError, Charge, m/z(Sequence), NEH, Abundance, NDP, Rsquared,sigma,CI lower band, CI upper band
LFTAESLIGLK, Yes, 0.88066, 0.960290, 0.035954, 0.027906,  2,   596.35280,  16, 97637128.000000, 9.000000, 0.852809, 0.266256, 0.266670, 1.494644
NSNILEDLETLR, Yes, 0.77519, 0.974162, 0.023677, 0.016200,  2,   708.87007,  22, 142826192.000000, 9.000000, 0.814622, 0.250587, 0.197332, 1.353041
LKSEGETIMSSNMGK, Yes, 0.25578, 0.112356, 0.110575, 0.254807,  2,   806.38946,  26, 5894602.500000, 9.000000, -0.984853, 0.197210, 0.000000, 3.413737
KAPGFGGFGSSAVSGGSTAAMITETIIETDKPK, Yes, 0.00000, -2.000000, 0.185438, 0.221684,  3,  1071.54298,  61, 11776201.000000, 8.000000, -1.462416, 0.050215, 0.000000, 9.795931
IEGLLAAFPK, Yes, 0.56805, 0.952225, 0.066837, 0.247911,  2,   529.81585,  19, 52383384.000000, 7.000000, 0.601140, 0.276959, 0.000000, 1.350633
SEGETIMSSNMGK, Yes, 0.35629, 0.934445, 0.035430, 0.173422,  2,   685.79995,  25, 32537578.000000, 8.000000, 0.763995, 0.074201, 0.180832, 0.531748
NTLEWcLPVIDAK, Yes, 0.33882, 0.759572, 0.041129, 0.223393,  2,   779.90033,  19, 29380412.000000, 8.000000, 0.447191, 0.094863, 0.114502, 0.563134


MeanRateConst/CorrCutOff, 0.670711, 0.900000


MedianRateConst/RMSSCutOff, 0.775186, 0.050000
StandDev/NumberPeptides, 0.141354, 3
TotalIonCurrent, 1.53301e+10
