Peptides, PeptideUnique, RateConstants, Correlations, RootMeanRSS, AbsoluteIsotopeError, Charge, m/z(Sequence), NEH, Abundance, NDP, Rsquared,sigma,CI lower band, CI upper band
MFAEYLASENQR, Yes, 0.43518, 0.965820, 0.025187, 0.022049,  2,   729.83771,  30, 94912208.000000, 9.000000, 0.902217, 0.067402, 0.279751, 0.590610
NAFYIGSYQQcINEAQR, Yes, 0.07400, 0.401653, 0.135605, 0.018835,  2,  1031.47597,  40, 42298568.000000, 8.000000, -0.232894, 0.077526, 0.000000, 4.422070
APPVPGAVSGGSGEVDELFDVK, Yes, 0.00000, -2.000000, 0.136168, 0.150550,  3,   709.69167,  44, 49704448.000000, 8.000000, -0.030335, 0.018805, 0.000000, 5.252547
APPVPGAVSGGSGEVDELFDVK, Yes, 0.32213, 0.959807, 0.023681, 0.064449,  2,  1064.03387,  44, 59289100.000000, 9.000000, -0.010550, 0.112792, 0.062030, 0.582228
YGVVLDEIKPSSAPELQAVR, Yes, 0.36888, 0.980123, 0.048545, 0.304871,  2,  1086.08896,  42, 71344104.000000, 4.000000, -1.073900, 0.251155, 0.000000, 4.221969
KYGVVLDEIKPSSAPELQAVR, Yes, 0.49546, 0.914922, 0.032520, 0.064912,  3,   767.09338,  43, 44994744.000000, 6.000000, 0.475077, 0.206669, 0.000000, 2.121753


MeanRateConst/CorrCutOff, 0.405411, 0.900000


MedianRateConst/RMSSCutOff, 0.435180, 0.050000
StandDev/NumberPeptides, 0.122992, 4
TotalIonCurrent, 1.34767e+10
