Peptides, PeptideUnique, RateConstants, Correlations, RootMeanRSS, AbsoluteIsotopeError, Charge, m/z(Sequence), NEH, Abundance, NDP, Rsquared,sigma,CI lower band, CI upper band
LTESGLSMVDWHLIK, Yes, 0.06813, 0.762468, 0.058903, 0.088080,  3,   576.97115,  21, 16857546.000000, 5.000000, 0.234654, 0.096265, 0.000000, 5.901576
MGESWIPEDLLTFSPVLK, Yes, 1.99608, 0.997577, 0.005216, 0.114274,  3,   688.02369,  27, 14308319.000000, 6.000000, 0.789436, 1.255005, 0.798433, 3.193734
MGESWIPEDLLTFSPVLK, Yes, 0.04641, 0.601268, 0.043821, 0.329837,  2,  1031.53190,  27, 29287206.000000, 6.000000, -0.636518, 0.025902, 0.000000, 2.117784


MeanRateConst/CorrCutOff, 0.703541, 0.900000


MedianRateConst/RMSSCutOff, 0.068128, 0.050000
StandDev/NumberPeptides, 0.060251, 1
TotalIonCurrent, 2.09074e+09
