Peptides, PeptideUnique, RateConstants, Correlations, RootMeanRSS, AbsoluteIsotopeError, Charge, m/z(Sequence), NEH, Abundance, NDP, Rsquared,sigma,CI lower band, CI upper band
FSITTLR, Yes, 2.19938, 0.976230, 0.019517, 0.602686,  2,   419.24508,  8, 587166976.000000, 7.000000, 0.815730, 1.535301, 1.146669, 3.252094
YGFLLLMK, No, 0.70556, 0.991952, 0.005438, 0.072742,  2,   492.78297,  6, 248867136.000000, 7.000000, 0.977509, 0.070536, 0.532966, 0.878155
ELQGLEDFITK, No, 14.01708, 0.968841, 0.056404, 0.039194,  2,   646.84026,  19, 226612352.000000, 5.000000, 0.425950, 583164.187500, 10.789721, 17.244434
EALVDQAEEFSGR, No, 13.59352, 0.986382, 0.029160, 0.074714,  2,   725.84406,  35, 283941216.000000, 7.000000, 0.950948, 72067.070312, 12.432743, 14.754299
IQEEAGFLIDSFR, No, 2.57716, 1.000000, 0.016663, 0.190248,  2,   762.88827,  29, 182709968.000000, 2.000000, 0.990501, 64073.042969, 0.144690, 5.009639
DFIDSFLIR, No, 0.59986, 0.927962, 0.060736, 0.273621,  2,   563.30058,  13, 161400848.000000, 6.000000, 0.506838, 0.329889, 0.000000, 1.775177
MPYTEAVIHEIQR, No, 0.09326, 1.000000, 0.054216, 1.344190,  3,   529.60469,  29, 115560064.000000, 2.000000, 0.833667, 0.079344, 0.000000, 5.677009
GEQATFDWLFK, No, 0.50387, 0.888095, 0.052245, 0.374519,  2,   671.32733,  17, 86375264.000000, 6.000000, 0.580057, 0.214651, 0.000000, 1.444319
FDYEDKEFLSLLR, No, 0.65168, 0.956542, 0.088019, 0.467806,  3,   558.95063,  21, 13341543.000000, 3.000000, 0.530328, 0.745421, 0.000000, 3.402060
GTEVFPMLGSVLK, No, 0.02640, 1.000000, 0.005018, 0.100248,  2,   689.37597,  17, 130648864.000000, 2.000000, 0.966728, 0.004354, 0.000000, 3.090681


MeanRateConst/CorrCutOff, 5.499488, 0.900000


MedianRateConst/RMSSCutOff, 2.199381, 0.050000
StandDev/NumberPeptides, 0.202312, 3
TotalIonCurrent, 7.85693e+10
