Peptides, PeptideUnique, RateConstants, Correlations, RootMeanRSS, AbsoluteIsotopeError, Charge, m/z(Sequence), NEH, Abundance, NDP, Rsquared,sigma,CI lower band, CI upper band
IPIKVPQLILR, Yes, 0.14957, 0.958547, 0.021071, 0.126232,  3,   430.62709,  17, 6409070.000000, 7.000000, 0.639922, 0.038355, 0.055717, 0.243421
SFDIFcDVGHMALDTLMK, Yes, 0.23608, 0.556761, 0.049664, 0.144955,  3,   700.65815,  25, 49765828.000000, 8.000000, -0.137943, 0.112816, 0.000000, 2.914531
ALDSFPGPPK, Yes, 1.42500, 0.875808, 0.046627, 0.541080,  2,   514.77420,  19, 61452236.000000, 8.000000, 0.845143, 0.516833, 0.202885, 2.647117
NcIGQQFAMNEMK, Yes, 0.09705, 0.999998, 0.020442, 0.252667,  2,   785.84417,  27, 17168382.000000, 4.000000, 0.672635, 0.041265, 0.000000, 3.089674
AcQIAHDHTDHVIR, Yes, 0.29051, 0.944344, 0.033177, 0.564887,  4,   418.95477,  32, 10936180.000000, 8.000000, 0.781445, 0.060461, 0.147544, 0.433476
LLTPGFHYDVLKPYVAIFAESTR, Yes, 0.08877, 0.663792, 0.035542, 0.463950,  4,   660.10734,  36, 28203876.000000, 6.000000, 0.055762, 0.063306, 0.000000, 3.495436


MeanRateConst/CorrCutOff, 0.179044, 0.900000


MedianRateConst/RMSSCutOff, 0.149569, 0.050000
StandDev/NumberPeptides, 0.044880, 3
TotalIonCurrent, 4.67771e+09
