Peptides, PeptideUnique, RateConstants, Correlations, RootMeanRSS, AbsoluteIsotopeError, Charge, m/z(Sequence), NEH, Abundance, NDP, Rsquared,sigma,CI lower band, CI upper band
VALALTLLR, Yes, 0.38413, 0.952750, 0.049883, 0.165841,  2,   485.32639,  14, 67409536.000000, 4.000000, 0.794276, 0.236595, 0.000000, 1.143341
TLDFIDVLLLSK, Yes, 0.15832, 1.000000, 0.040758, 0.217175,  2,   688.90541,  11, 3716956.250000, 3.000000, 0.312442, 0.235105, 0.000000, 1.842880
NcIGQTFAMSEMK, Yes, 0.08603, 1.000000, 0.058251, 0.220189,  2,   758.83327,  24, 12134727.000000, 3.000000, 0.183324, 0.107095, 0.000000, 1.312688
MLTPAFHFNILKPYVK, Yes, 0.00461, -2.000000, 0.000011, 0.419896,  4,   480.52075,  20, 43965632.000000, 1.000000, 0.000000, inf, 0.004610, 0.004610


MeanRateConst/CorrCutOff, 0.384133, 0.900000


MedianRateConst/RMSSCutOff, 0.384133, 0.050000
StandDev/NumberPeptides, 0.236595, 1
TotalIonCurrent, 1.43568e+09
