Peptides, PeptideUnique, RateConstants, Correlations, RootMeanRSS, AbsoluteIsotopeError, Charge, m/z(Sequence), NEH, Abundance, NDP, Rsquared,sigma,CI lower band, CI upper band
GPFYFVQGADTQFGLMK, Yes, 0.43985, 0.708715, 0.043685, 0.233232,  2,   953.46384,  26, 13678953.000000, 7.000000, 0.106206, 0.172723, 0.017206, 0.862484
FFVLcGDLVHAMPGTPWR, Yes, 0.66658, 0.977306, 0.016317, 0.068039,  3,   701.68162,  27, 20173768.000000, 6.000000, 0.913589, 0.138782, 0.309828, 1.023330
AWSTGNcDAGGDEWGQEIR, Yes, 0.41960, 0.984064, 0.015479, 0.101798,  2,  1054.93997,  42, 37449496.000000, 8.000000, 0.966457, 0.037891, 0.329997, 0.509194
NAGGTYQNLDMVVSSAIGcQLGK, Yes, 0.20465, 0.816496, 0.039877, 0.084900,  2,  1192.07267,  42, 10665711.000000, 7.000000, 0.223931, 0.071327, 0.030117, 0.379180
YYSLDELSQGGVEEDLKELLKE, Yes, 1.27162, 0.953422, 0.018697, 0.248055,  3,   853.09002,  42, 19006936.000000, 6.000000, 0.828601, 0.469611, 0.064450, 2.478796


MeanRateConst/CorrCutOff, 0.785932, 0.900000


MedianRateConst/RMSSCutOff, 0.666579, 0.050000
StandDev/NumberPeptides, 0.083972, 3
TotalIonCurrent, 5.53572e+09
