Peptides, PeptideUnique, RateConstants, Correlations, RootMeanRSS, AbsoluteIsotopeError, Charge, m/z(Sequence), NEH, Abundance, NDP, Rsquared,sigma,CI lower band, CI upper band
ASSVTTFTGEPNMcPR, Yes, 0.27181, 0.977159, 0.016739, 0.021834,  2,   877.89546,  29, 187359408.000000, 7.000000, 0.946153, 0.027343, 0.204907, 0.338718
GVNIGGAGSYIYEKPQTEAPQVTGPIEVPVVR, Yes, 0.26214, 0.991465, 0.006201, 0.046286,  3,  1109.25241,  63, 124892080.000000, 9.000000, 0.974326, 0.016455, 0.224196, 0.300087
GVNIGGAGSYIYEKPQTEAPQVTGPIEVPVVR, Yes, 0.26181, 0.998098, 0.002904, 0.087201,  4,   832.19113,  63, 20552990.000000, 5.000000, 0.994382, 0.008840, 0.237269, 0.286358
ASSVTTFTGEPNmcPR, Yes, 0.07648, 0.915737, 0.024086, 0.255438,  2,   885.89292,  29, 10323767.000000, 7.000000, 0.593917, 0.017943, 0.032580, 0.120390


MeanRateConst/CorrCutOff, 0.218063, 0.900000


MedianRateConst/RMSSCutOff, 0.262141, 0.050000
StandDev/NumberPeptides, 0.015027, 4
TotalIonCurrent, 2.951e+10
