Peptides, PeptideUnique, RateConstants, Correlations, RootMeanRSS, AbsoluteIsotopeError, Charge, m/z(Sequence), NEH, Abundance, NDP, Rsquared,sigma,CI lower band, CI upper band
NYSMIVNNLLKPISVESSSK, Yes, 0.15501, 0.487488, 0.052400, 0.124612,  2,  1112.08809,  32, 9697678.000000, 9.000000, -1.291363, 0.067215, 0.000008, 0.310007
NYSMIVNNLLKPISVESSSK, Yes, 0.10941, -0.124763, 0.098091, 0.141590,  3,   741.72782,  32, 140459424.000000, 9.000000, -1.113291, 0.094361, 0.000000, 3.348871
KPELDNEKPAAVVAPLTTGYTVK, Yes, 0.18869, 0.926787, 0.017127, 0.171908,  2,  1221.16794,  39, 3603054.500000, 4.000000, 0.402495, 0.089978, 0.000000, 4.006676
KPELDNEKPAAVVAPLTTGYTVK, Yes, 0.69329, 0.976260, 0.014777, 0.054608,  3,   814.44772,  39, 36675812.000000, 9.000000, 0.949598, 0.094233, 0.475992, 0.910596
KPELDNEKPAAVVAPLTTGYTVK, Yes, 0.63592, 0.994373, 0.006641, 0.063633,  4,   611.08761,  39, 43025248.000000, 9.000000, 0.142884, 0.417397, 0.000000, 2.522561


MeanRateConst/CorrCutOff, 0.505970, 0.900000


MedianRateConst/RMSSCutOff, 0.635925, 0.050000
StandDev/NumberPeptides, 0.124370, 3
TotalIonCurrent, 1.08123e+10
