Peptides, PeptideUnique, RateConstants, Correlations, RootMeanRSS, AbsoluteIsotopeError, Charge, m/z(Sequence), NEH, Abundance, NDP, Rsquared,sigma,CI lower band, CI upper band
EAcDTSFNVNLR, Yes, 0.14493, 0.974841, 0.018622, 0.119840,  2,   713.32499,  22, 285308064.000000, 9.000000, 0.949932, 0.013368, 0.114105, 0.175761
VNAVNPTVVMTPMGR, Yes, 0.14577, 0.982904, 0.020600, 0.039164,  2,   793.41309,  23, 264538288.000000, 9.000000, 0.798891, 0.027609, 0.082108, 0.209439
TREDLDDLVR, Yes, 1.03134, 0.636485, 0.105667, 0.581851,  2,   616.31749,  18, 227346272.000000, 8.000000, 0.332042, 0.604784, 0.000000, 2.197555
GVPGAIVNVSSQASQR, Yes, 0.19093, 0.980866, 0.029538, 0.094305,  2,   785.42081,  38, 411090592.000000, 9.000000, 0.532268, 0.048360, 0.079415, 0.302453
AVIQVSQIVAK, Yes, 0.28189, 0.978131, 0.028370, 0.122722,  2,   578.35843,  22, 278981376.000000, 8.000000, 0.902443, 0.038171, 0.191633, 0.372153
MMALELGPHK, Yes, 0.08302, 0.831378, 0.045542, 0.585760,  2,   563.79100,  19, 53016484.000000, 9.000000, 0.431396, 0.026527, 0.021853, 0.144194
VNAVNPTVVmTPMGR, Yes, 0.10707, 0.830520, 0.037964, 0.267076,  2,   801.41055,  23, 722610496.000000, 7.000000, 0.600362, 0.024908, 0.046123, 0.168017


MeanRateConst/CorrCutOff, 0.190883, 0.900000


MedianRateConst/RMSSCutOff, 0.190934, 0.050000
StandDev/NumberPeptides, 0.025333, 4
TotalIonCurrent, 7.83912e+10
