Peptides, PeptideUnique, RateConstants, Correlations, RootMeanRSS, AbsoluteIsotopeError, Charge, m/z(Sequence), NEH, Abundance, NDP, Rsquared,sigma,CI lower band, CI upper band
VVETSHYTVLGDAFK, Yes, 0.29738, 0.862379, 0.052523, 0.061041,  2,   833.42778,  21, 9314093.000000, 7.000000, 0.192112, 0.115321, 0.015201, 0.579560
DNVAELEQVVYKPQK, Yes, 0.19741, 0.892368, 0.044060, 0.200523,  2,   880.46487,  29, 13012855.000000, 7.000000, 0.611598, 0.052591, 0.068725, 0.326093
VVFFANQIPVYEQQATVFSR, Yes, 0.29131, 0.893337, 0.046628, 0.172699,  2,  1172.11024,  39, 3802552.500000, 5.000000, 0.356894, 0.146328, 0.000000, 3.131107


MeanRateConst/CorrCutOff, 0.262034, 0.900000


MedianRateConst/RMSSCutOff, 0.291312, 0.050000
StandDev/NumberPeptides, 0.086905, 0
TotalIonCurrent, 7.45604e+08
