Peptides, PeptideUnique, RateConstants, Correlations, RootMeanRSS, AbsoluteIsotopeError, Charge, m/z(Sequence), NEH, Abundance, NDP, Rsquared,sigma,CI lower band, CI upper band
LLLESQEFDHFLATK, Yes, 0.59212, 0.850595, 0.040441, 0.278442,  3,   597.64895,  27, 46425000.000000, 9.000000, 0.629919, 0.169543, 0.201153, 0.983087
SVEVPEELQVHSHLLK, Yes, 0.22892, 0.953720, 0.022955, 0.131349,  3,   615.33526,  33, 14857690.000000, 7.000000, 0.902420, 0.031978, 0.150672, 0.307164
SVEVPEELQVHSHLLK, Yes, 0.26701, 0.991745, 0.046236, 0.102427,  4,   461.75326,  33, 16663513.000000, 5.000000, -1.070006, 0.144044, 0.000000, 3.557522
YGGEGAESMMGFFHELLK, Yes, 0.33891, 0.971128, 0.021864, 0.113149,  3,   668.30609,  34, 22682108.000000, 4.000000, 0.921355, 0.077009, 0.093833, 0.583985
DVIWSQEEPQNMGPWSFVSPR, Yes, 0.24348, 0.878956, 0.044859, 0.183917,  2,  1245.08135,  44, 2927276.000000, 8.000000, -0.227157, 0.159577, 0.000000, 3.501659
AAQINPLFPGQALLDTVPEIQALVR, Yes, 0.30783, 0.815694, 0.034087, 0.101970,  3,   892.16907,  54, 3583529.500000, 9.000000, 0.210870, 0.084685, 0.112552, 0.503118
SIPDTYAEHLIASGLMTQEEVSDIK, Yes, 0.25066, 0.943206, 0.093624, 0.083605,  3,   916.45298,  50, 6355113.500000, 6.000000, -0.935718, 0.325120, 0.000000, 4.995076
TLQGPFTTTGLLNLGK, Yes, 0.63617, 0.967664, 0.016231, 0.086007,  2,   830.96707,  18, 37889608.000000, 9.000000, 0.935633, 0.087673, 0.433997, 0.838348
AAQINPLFPGQALLDTVPEIQALVR, Yes, 0.14963, 0.792156, 0.034834, 0.442115,  2,  1337.74996,  54, 1486861.500000, 6.000000, 0.184656, 0.050822, 0.018986, 0.280271
LNLLTGLLQLPPELMFR, Yes, 0.10236, 0.904611, 0.035197, 0.202828,  2,   984.57116,  26, 1307114.500000, 7.000000, 0.105641, 0.043639, 0.000000, 2.765649
LNDHLANVAHYSPPATNLQAR, Yes, 0.23488, 0.927953, 0.033961, 0.149899,  3,   768.06107,  47, 23753474.000000, 5.000000, 0.459735, 0.073445, 0.030962, 0.438794


MeanRateConst/CorrCutOff, 0.267430, 0.900000


MedianRateConst/RMSSCutOff, 0.234878, 0.050000
StandDev/NumberPeptides, 0.061714, 4
TotalIonCurrent, 6.02001e+09
