Peptides, PeptideUnique, RateConstants, Correlations, RootMeanRSS, AbsoluteIsotopeError, Charge, m/z(Sequence), NEH, Abundance, NDP, Rsquared,sigma,CI lower band, CI upper band
LHNAIEGGTQLSR, Yes, 0.18188, 0.860124, 0.048921, 0.221807,  3,   465.91615,  29, 28823372.000000, 9.000000, 0.153161, 0.053484, 0.058540, 0.305210
ALETLTGALFQRPPLIAAVK, Yes, 0.06056, 0.968614, 0.023854, 0.136169,  2,  1055.12514,  39, 12602771.000000, 8.000000, 0.847532, 0.013126, 0.029521, 0.091598
ALETLTGALFQRPPLIAAVK, Yes, 0.10107, 0.989299, 0.010222, 0.067820,  3,   703.75252,  39, 56137636.000000, 9.000000, 0.970055, 0.007406, 0.083988, 0.118144
NTLVTEAVQAPQLAAEAVNVIK, Yes, 0.00000, -2.000000, 0.072143, 0.071991,  3,   760.42502,  47, 17044730.000000, 9.000000, -0.010963, 0.010410, 0.000000, 4.267186
NTLVTEAVQAPQLAAEAVNVIK, Yes, 0.00000, -2.000000, 0.058495, 0.215782,  2,  1140.13389,  47, 9848114.000000, 7.000000, -0.074026, 0.012232, 0.000000, 5.014581
TGFINLDKPSNPSSHEVVAWIR, Yes, 0.01737, -0.172804, 0.088172, 0.115190,  3,   823.09579,  39, 37846140.000000, 9.000000, -0.365854, 0.019175, 0.000000, 3.905487
VAQLDTSQWPLLLK, Yes, 0.00000, -2.000000, 0.117662, 0.077011,  2,   806.45887,  22, 40976956.000000, 8.000000, -0.081162, 0.018862, 0.000000, 3.722893
KPLQEDDVAEIQHAEEFLIKPESK, Yes, 0.11537, 0.721029, 0.046524, 0.131941,  4,   699.11307,  55, 26844808.000000, 7.000000, -1.399242, 0.076241, 0.000000, 3.651084


MeanRateConst/CorrCutOff, 0.080813, 0.900000


MedianRateConst/RMSSCutOff, 0.101066, 0.050000
StandDev/NumberPeptides, 0.009469, 2
TotalIonCurrent, 1.04537e+10
