Peptides, PeptideUnique, RateConstants, Correlations, RootMeanRSS, AbsoluteIsotopeError, Charge, m/z(Sequence), NEH, Abundance, NDP, Rsquared,sigma,CI lower band, CI upper band
SNPSEQEEKEAESQLVK, Yes, 0.81783, 0.989514, 0.013875, 0.026974,  2,   966.46324,  46, 33345588.000000, 9.000000, 0.724869, 0.262909, 0.211565, 1.424103
IcSEVLQMEPDNVNALK, Yes, 0.60096, 0.951023, 0.039292, 0.349312,  2,   980.47934,  33, 6085517.000000, 6.000000, 0.773387, 0.320672, 0.000000, 1.763193
SWNSWQGFNPFSSGGPFR, Yes, 0.11870, 0.696310, 0.052535, 0.145780,  2,  1029.46629,  34, 4045349.750000, 7.000000, 0.084376, 0.060363, 0.000000, 2.624996
ISTLYYQLGDHELSLSEVR, Yes, 0.45616, 0.849533, 0.037574, 0.142728,  2,  1112.06822,  34, 10329313.000000, 7.000000, -0.308626, 0.335580, 0.000000, 3.013200
ISTLYYQLGDHELSLSEVR, Yes, 1.30537, 0.983840, 0.015590, 0.056786,  3,   741.71457,  34, 83072624.000000, 6.000000, 0.963399, 0.254242, 0.651816, 1.958918
SQALDAFDGADYTAAITFLDK, Yes, 1.39631, 0.937920, 0.026846, 0.110108,  2,  1117.03660,  40, 11652005.000000, 9.000000, 0.646120, 0.625578, 0.474725, 2.317891
LIESAEELIR, Yes, 1.25695, 0.262840, 0.154127, 0.055131,  2,   586.82968,  25, 164704400.000000, 6.000000, -0.027858, 1.703281, 0.000000, 3.846677
YTDATSKYESVMK, Yes, 0.25490, 0.946270, 0.024090, 0.278469,  2,   761.85832,  19, 34742724.000000, 6.000000, 0.644168, 0.073710, 0.065423, 0.444377


MeanRateConst/CorrCutOff, 0.875074, 0.900000


MedianRateConst/RMSSCutOff, 0.817834, 0.050000
StandDev/NumberPeptides, 0.192156, 5
TotalIonCurrent, 1.12695e+10
