Peptides, PeptideUnique, RateConstants, Correlations, RootMeanRSS, AbsoluteIsotopeError, Charge, m/z(Sequence), NEH, Abundance, NDP, Rsquared,sigma,CI lower band, CI upper band
FFPLEAWQIGK, Yes, 0.28424, 0.970312, 0.020316, 0.024773,  2,   668.35843,  19, 4082146048.000000, 9.000000, 0.934677, 0.032331, 0.209681, 0.358790
FLTEELSLDQDR, Yes, 0.24713, 0.991295, 0.015494, 0.074897,  2,   733.36209,  23, 3624103168.000000, 9.000000, 0.972787, 0.018955, 0.203415, 0.290836
PFVELETNLPASR, Yes, 0.21104, 0.961453, 0.034203, 0.022733,  2,   736.89081,  27, 5866741248.000000, 9.000000, 0.066165, 0.085592, 0.013663, 0.408414
MPFVELETNLPASR, Yes, 0.20958, 0.432325, 0.095227, 0.098127,  2,   802.41105,  28, 63264612.000000, 9.000000, -0.438382, 0.107555, 0.000000, 2.554253
VSVTIRPGMTLLMNK, Yes, 0.09356, 0.963792, 0.014957, 0.099755,  2,   830.46785,  19, 1010971968.000000, 9.000000, 0.926021, 0.010553, 0.069225, 0.117896
LcAATATILDKPEDR, Yes, 0.17417, 0.995434, 0.008936, 0.041513,  3,   558.62241,  30, 5984577024.000000, 9.000000, 0.987727, 0.008146, 0.155387, 0.192957
LcAATATILDKPEDR, Yes, 0.23301, 0.985070, 0.015576, 0.021022,  2,   837.42998,  30, 1353407360.000000, 9.000000, 0.957033, 0.018151, 0.191150, 0.274862
VSVTIRPGmTLLMNK, Yes, 0.01138, 0.297865, 0.064201, 0.108862,  2,   838.46531,  19, 72755680.000000, 8.000000, 0.108855, 0.013922, 0.000000, 4.411211
LcAATATILDkPEDR, Yes, 0.03460, 0.548820, 0.106414, 0.330089,  2,   858.43525,  30, 8504457.000000, 8.000000, 0.178147, 0.017502, 0.000000, 3.070021
STEPcAHLLVSSIGVVGTAEQNR, Yes, 0.20552, 0.984723, 0.013271, 0.025403,  3,   809.07618,  48, 3098710272.000000, 9.000000, 0.945038, 0.017395, 0.165410, 0.245634
STEPcAHLLVSSIGVVGTAEQNR, Yes, 0.18296, 0.977173, 0.014395, 0.015498,  2,  1213.11064,  48, 906293056.000000, 9.000000, 0.940468, 0.016754, 0.144323, 0.221591
PFVELETNLPASR, Yes, 0.20936, 0.851969, 0.052665, 0.062554,  3,   491.59630,  27, 209719696.000000, 8.000000, 0.738032, 0.045478, 0.101818, 0.316895
FFPLEAWQIGKk, Yes, 0.04515, 0.339404, 0.109098, 0.083121,  2,   753.41118,  19, 44549672.000000, 9.000000, -0.003447, 0.032750, 0.000000, 3.936969
KGTVMTFL, Yes, 0.24795, 0.820707, 0.042514, 0.072718,  2,   448.74914,  5, 460198688.000000, 9.000000, 0.518108, 0.122023, 0.000000, 2.872724


MeanRateConst/CorrCutOff, 0.219722, 0.900000


MedianRateConst/RMSSCutOff, 0.211038, 0.050000
StandDev/NumberPeptides, 0.017930, 7
TotalIonCurrent, 1.58484e+12
