Peptides, PeptideUnique, RateConstants, Correlations, RootMeanRSS, AbsoluteIsotopeError, Charge, m/z(Sequence), NEH, Abundance, NDP, Rsquared,sigma,CI lower band, CI upper band
GLYDGPVcEVSVTPK, Yes, 0.21138, 0.836624, 0.039951, 0.053826,  2,   810.90054,  22, 101009288.000000, 9.000000, 0.465971, 0.061537, 0.069476, 0.353284
IVLEDGTLHVTEGSGR, Yes, 0.29181, 0.487836, 0.083601, 0.213500,  2,   841.93904,  28, 18215010.000000, 6.000000, -0.896844, 0.181740, 0.000000, 3.199992
MDENQFVAVTSTNAAK, No, 0.06252, 0.912429, 0.045369, 0.077074,  2,   863.40925,  31, 62633064.000000, 9.000000, 0.315388, 0.043432, 0.000000, 4.545844
SITIANQTNcPLYVTK, Yes, 0.13953, 0.896451, 0.029707, 0.048757,  2,   911.97201,  23, 75668120.000000, 9.000000, 0.620124, 0.030669, 0.068807, 0.210251
FQLTDSQIYEVLSVIR, Yes, 0.15802, 0.710567, 0.054341, 0.073307,  2,   956.01474,  27, 11524618.000000, 9.000000, -0.462173, 0.056864, 0.026887, 0.289145
THNSALEYNIFEGMEcR, Yes, 0.00010, -2.000000, 0.003842, 0.334785,  2,  1035.95402,  35, 1223508.375000, 2.000000, -0.908263, 0.004095, 0.000000, 8.997971
FQMPDQGMTSADDFFQGTK, Yes, 0.11107, 0.964587, 0.016794, 0.138317,  2,  1075.96154,  34, 42982564.000000, 9.000000, 0.955069, 0.009839, 0.088380, 0.133758
AALAGGTTMIIDHVVPEPGTSLLAAFDQWR, Yes, 0.00214, 0.433275, 0.021083, 0.269795,  3,  1046.54113,  59, 19275820.000000, 9.000000, -0.668723, 0.005982, 0.000000, 4.614872
MVIPGGIDVHTR, Yes, 0.08127, 0.968237, 0.017507, 0.088134,  3,   432.23606,  19, 54445580.000000, 7.000000, 0.906671, 0.010158, 0.056415, 0.106127
ILDLGITGPEGHVLSRPEEVEAEAVNR, Yes, 0.00000, -2.000000, 0.134139, 0.178748,  3,   967.50858,  60, 34767504.000000, 6.000000, -0.062133, 0.058824, 0.000000, 5.495423


MeanRateConst/CorrCutOff, 0.064250, 0.900000


MedianRateConst/RMSSCutOff, 0.081271, 0.050000
StandDev/NumberPeptides, 0.010249, 4
TotalIonCurrent, 1.86357e+10
