Peptides, PeptideUnique, RateConstants, Correlations, RootMeanRSS, AbsoluteIsotopeError, Charge, m/z(Sequence), NEH, Abundance, NDP, Rsquared,sigma,CI lower band, CI upper band
ILVATNLFGR, No, 0.20455, 0.950302, 0.021142, 0.050197,  2,   552.33221,  14, 369894720.000000, 7.000000, 0.890437, 0.030889, 0.128971, 0.280136
GSYVSIHSSGFR, No, 0.32447, 0.954170, 0.037921, 0.022381,  2,   648.82020,  23, 70825144.000000, 6.000000, 0.753300, 0.077600, 0.124988, 0.523944
VNIVFNYDMPEDSDTYLHR, Yes, 0.06698, 0.919618, 0.022931, 0.090149,  3,   776.69156,  30, 48860144.000000, 7.000000, 0.562844, 0.026289, 0.002651, 0.131302
AIVDcGFEHPSEVQHEcIPQAILGMDVLcQAK, No, 0.00001, -2.000000, 0.093442, 0.037283,  4,   913.68202,  69, 37688268.000000, 7.000000, -0.010129, 0.054370, 0.000000, 6.098336
AIVDcGFEHPSEVQHEcIPQAILGMDVLcQAK, No, 0.00000, -2.000000, 0.045724, 0.052677,  3,  1217.90694,  69, 15318855.000000, 7.000000, -0.044840, 0.027641, 0.000000, 4.205242
LTLHGLQQYYVK, No, 0.18790, 0.829305, 0.039733, 0.099237,  2,   731.90627,  16, 40494784.000000, 6.000000, 0.357105, 0.083890, 0.000000, 2.882562


MeanRateConst/CorrCutOff, 0.149000, 0.900000


MedianRateConst/RMSSCutOff, 0.204554, 0.050000
StandDev/NumberPeptides, 0.033479, 4
TotalIonCurrent, 1.58138e+10
