Peptides, PeptideUnique, RateConstants, Correlations, RootMeanRSS, AbsoluteIsotopeError, Charge, m/z(Sequence), NEH, Abundance, NDP, Rsquared,sigma,CI lower band, CI upper band
TLNQQLTNHIR, Yes, 0.22946, 0.740729, 0.085781, 0.128153,  2,   669.36784,  20, 10924108.000000, 8.000000, -0.113845, 0.297226, 0.000000, 5.451693
VPVGDQPPDIEYQIK, Yes, 0.30103, 0.952374, 0.025097, 0.271967,  2,   849.44088,  29, 163465696.000000, 8.000000, 0.891066, 0.042496, 0.200541, 0.401517
VYSPHVLNLTLIDLPGITK, Yes, 0.14208, 0.567197, 0.031240, 0.297529,  2,  1047.10389,  23, 4968252.500000, 7.000000, -0.705512, 0.045692, 0.030279, 0.253888
VYSPHVLNLTLIDLPGITK, Yes, 0.44662, 0.965379, 0.015598, 0.046515,  3,   698.40502,  23, 42119508.000000, 9.000000, 0.870966, 0.076951, 0.269173, 0.624072
AGVYPEKDQAENEDGAQENTFSMDPQLER, Yes, 0.15361, 0.999780, 0.012881, 0.169851,  3,  1090.14934,  72, 36493856.000000, 4.000000, 0.704226, 0.053122, 0.000000, 2.543451
AIPNQGEILVIR, Yes, 0.36218, 0.944600, 0.042854, 0.153818,  2,   661.89316,  26, 23718280.000000, 8.000000, 0.771057, 0.075629, 0.183346, 0.541017


MeanRateConst/CorrCutOff, 0.315860, 0.900000


MedianRateConst/RMSSCutOff, 0.362181, 0.050000
StandDev/NumberPeptides, 0.058332, 4
TotalIonCurrent, 1.16156e+10
