Peptides, PeptideUnique, RateConstants, Correlations, RootMeanRSS, AbsoluteIsotopeError, Charge, m/z(Sequence), NEH, Abundance, NDP, Rsquared,sigma,CI lower band, CI upper band
SIQLDGLVWGASK, Yes, 1.13710, 0.965558, 0.022400, 0.056937,  2,   687.37481,  22, 335714432.000000, 9.000000, 0.917304, 0.222640, 0.623689, 1.650509
ITSLEVENQNLR, Yes, 0.24733, 0.990793, 0.012079, 0.032438,  2,   708.37806,  24, 750270400.000000, 9.000000, 0.979356, 0.014768, 0.213270, 0.281381
FYEQmNGPVTSGSR, Yes, 0.28678, 0.816671, 0.060487, 0.121429,  2,   794.85666,  27, 8045704.000000, 8.000000, -0.401602, 0.202612, 0.000000, 3.316332
RFYEQMNGPVTSGSR, Yes, 0.09101, 0.973968, 0.022486, 0.104602,  2,   864.90975,  31, 14349168.000000, 9.000000, 0.797086, 0.016214, 0.053622, 0.128404
RFYEQMNGPVTSGSR, Yes, 0.19042, 0.970410, 0.035624, 0.050893,  3,   576.94226,  31, 16765345.000000, 9.000000, 0.584468, 0.064350, 0.042026, 0.338807
SLAGSSGPGASSGPGGDHSELIVR, Yes, 0.17472, 0.995041, 0.008663, 0.063591,  2,  1098.03800,  56, 103010384.000000, 9.000000, 0.987323, 0.007892, 0.156518, 0.192917
SLAGSSGPGASSGPGGDHSELIVR, Yes, 0.06901, 0.950750, 0.023370, 0.017812,  3,   732.36109,  56, 724092416.000000, 9.000000, 0.777530, 0.011095, 0.043426, 0.094598
GVVQDLQQAISK, Yes, 0.16925, 0.975088, 0.025031, 0.051335,  2,   643.35916,  25, 601445312.000000, 9.000000, 0.940369, 0.019120, 0.125163, 0.213345
FYEQMNGPVTSGSR, Yes, 0.15554, 0.966287, 0.037550, 0.016964,  2,   786.85920,  27, 253238688.000000, 6.000000, 0.670583, 0.067727, 0.000000, 2.406281
SSILLDVKPWDDETDMAQLETcVR, Yes, 0.00000, -2.000000, 0.193041, 0.031662,  3,   941.11761,  42, 62835604.000000, 9.000000, -0.011340, 0.035282, 0.000000, 6.216112


MeanRateConst/CorrCutOff, 0.156188, 0.900000


MedianRateConst/RMSSCutOff, 0.169254, 0.050000
StandDev/NumberPeptides, 0.018451, 5
TotalIonCurrent, 1.51972e+11
