Peptides, PeptideUnique, RateConstants, Correlations, RootMeanRSS, AbsoluteIsotopeError, Charge, m/z(Sequence), NEH, Abundance, NDP, Rsquared,sigma,CI lower band, CI upper band
LGLQYSQGLISGSNAR, Yes, 0.19633, 0.614440, 0.075966, 0.125764,  2,   832.44173,  34, 24964446.000000, 8.000000, -0.226445, 0.078244, 0.011314, 0.381351
AGVPTSYLLIPAASYVLPEVSK, Yes, 0.68976, 0.958282, 0.018004, 0.097822,  3,   759.09098,  39, 6445107.000000, 8.000000, 0.938480, 0.100433, 0.452275, 0.927247
AGVPTSYLLIPAASYVLPEVSK, Yes, 0.79915, 0.966386, 0.021221, 0.119171,  2,  1138.13283,  39, 8556246.000000, 7.000000, 0.920551, 0.168721, 0.386305, 1.211997
KGEQGGVPPQAcPSTAGETTSGVK, Yes, 0.14794, 0.205863, 0.135146, 0.349676,  3,   781.71303,  51, 15264678.000000, 7.000000, -0.380063, 0.148663, 0.000000, 4.243014
ELPGPGSQLGGTAGEK, Yes, 0.42452, 0.466814, 0.176599, 0.169073,  2,   749.38082,  35, 13637731.000000, 5.000000, -0.745854, 0.521210, 0.000000, 4.626196


MeanRateConst/CorrCutOff, 0.744456, 0.900000


MedianRateConst/RMSSCutOff, 0.799151, 0.050000
StandDev/NumberPeptides, 0.125914, 2
TotalIonCurrent, 2.46165e+09
