Peptides, PeptideUnique, RateConstants, Correlations, RootMeanRSS, AbsoluteIsotopeError, Charge, m/z(Sequence), NEH, Abundance, NDP, Rsquared,sigma,CI lower band, CI upper band
GcILTLVER, Yes, 0.55293, 0.994446, 0.010097, 0.264911,  2,   530.79461,  14, 78113616.000000, 5.000000, 0.985053, 0.048780, 0.417498, 0.688366
DFESHITNYK, Yes, 0.88591, 0.912764, 0.032802, 0.098831,  2,   627.29348,  15, 63662764.000000, 9.000000, 0.771125, 0.335430, 0.112412, 1.659417
AKELLGQGLLLR, Yes, 0.59985, 0.975192, 0.023759, 0.073536,  3,   437.60999,  22, 23033050.000000, 5.000000, 0.948170, 0.114401, 0.282223, 0.917482
GTTEEIcQIYLR, Yes, 0.36495, 0.977587, 0.021835, 0.075658,  2,   741.86648,  22, 38760048.000000, 9.000000, 0.944346, 0.042884, 0.266057, 0.463837
DAHNALLDIQSSGR, Yes, 0.59009, 0.991368, 0.016641, 0.043166,  2,   748.87623,  33, 40435720.000000, 9.000000, 0.966210, 0.052155, 0.469822, 0.710362
TEPTAQQNLALQLAEK, Yes, 0.07164, 0.313836, 0.074233, 0.260447,  2,   877.96777,  38, 155592688.000000, 8.000000, -1.755502, 0.034436, 0.000000, 3.074971
RLDEEEEDNEGGEWER, Yes, 0.43816, 0.991457, 0.011793, 0.144697,  2,   996.41428,  44, 18007186.000000, 7.000000, 0.982553, 0.027500, 0.370868, 0.505447
SEQDQAENEGEDSAVLMER, Yes, 0.37264, 0.998893, 0.004184, 0.089394,  2,  1068.95292,  54, 45195468.000000, 5.000000, 0.997372, 0.010843, 0.342535, 0.402745
MIINEELMASLDQPTQTVVMHR, Yes, 0.04381, 0.520767, 0.050032, 0.188315,  3,   852.75880,  43, 25481022.000000, 9.000000, 0.074959, 0.022507, 0.000000, 2.926830
DAHNALLDIQSSGR, Yes, 0.41650, 0.831325, 0.056529, 0.139620,  3,   499.58658,  33, 31266348.000000, 9.000000, 0.463377, 0.177761, 0.006579, 0.826416
ILADLEDYLNELWEDKEGK, Yes, 0.31224, 0.966205, 0.024601, 0.047207,  3,   765.04598,  34, 12105398.000000, 5.000000, 0.787778, 0.077110, 0.098144, 0.526327
ELLGQGLLLR, Yes, 0.32422, 0.881572, 0.068992, 0.249483,  2,   556.34531,  18, 47414112.000000, 6.000000, 0.567344, 0.122785, 0.008589, 0.639848


MeanRateConst/CorrCutOff, 0.461551, 0.900000


MedianRateConst/RMSSCutOff, 0.438157, 0.050000
StandDev/NumberPeptides, 0.032819, 7
TotalIonCurrent, 2.24754e+10
