Peptides, PeptideUnique, RateConstants, Correlations, RootMeanRSS, AbsoluteIsotopeError, Charge, m/z(Sequence), NEH, Abundance, NDP, Rsquared,sigma,CI lower band, CI upper band
ASITFEHMFEEVPIVIK, Yes, 0.44080, 0.972746, 0.015656, 0.075600,  3,   664.01665,  30, 53928424.000000, 8.000000, 0.375648, 0.166692, 0.046632, 0.834960
ASITFEHMFEEVPIVIK, Yes, 0.12955, 0.505231, 0.085413, 0.184946,  2,   995.52134,  30, 12578800.000000, 8.000000, -0.615693, 0.098311, 0.000000, 3.912439
SAVADKHELLSLASSNHLGK, Yes, 0.31510, 0.988106, 0.013174, 0.288843,  3,   693.03939,  42, 99165256.000000, 4.000000, 0.972659, 0.034951, 0.203875, 0.426334
LEITNcFPFPQHTEDDADFDEVQYQMEMMR, Yes, 0.06421, 0.981965, 0.014608, 0.057704,  3,  1246.19481,  61, 2330394.500000, 4.000000, 0.267476, 0.072469, 0.000000, 3.024758
SAVADKHELLSLASSNHLGK, Yes, 0.37861, 0.955596, 0.038386, 0.301480,  4,   520.03136,  42, 40404836.000000, 7.000000, 0.798782, 0.080125, 0.182548, 0.574666


MeanRateConst/CorrCutOff, 0.299679, 0.900000


MedianRateConst/RMSSCutOff, 0.378607, 0.050000
StandDev/NumberPeptides, 0.065692, 4
TotalIonCurrent, 7.35121e+09
