Peptides, PeptideUnique, RateConstants, Correlations, RootMeanRSS, AbsoluteIsotopeError, Charge, m/z(Sequence), NEH, Abundance, NDP, Rsquared,sigma,CI lower band, CI upper band
LLAETVAPAVR, Yes, 0.21126, 0.781245, 0.077548, 0.087928,  2,   570.34277,  24, 39403864.000000, 9.000000, 0.116737, 0.098784, 0.000000, 2.776594
ALTLGALTLPLAR, Yes, 0.16549, 0.975580, 0.024537, 0.107987,  2,   655.41372,  23, 19143670.000000, 9.000000, 0.836611, 0.026126, 0.105238, 0.225732
LLVPLVPDLQDVAQLR, Yes, 0.13542, 0.838736, 0.046859, 0.069008,  3,   597.02425,  28, 5463320.000000, 9.000000, 0.043647, 0.056718, 0.004629, 0.266215
LLVPLVPDLQDVAQLR, Yes, 0.14960, 0.655486, 0.055705, 0.098587,  2,   895.03274,  28, 20155088.000000, 8.000000, 0.237575, 0.058121, 0.012165, 0.287034


MeanRateConst/CorrCutOff, 0.165485, 0.900000


MedianRateConst/RMSSCutOff, 0.165485, 0.050000
StandDev/NumberPeptides, 0.026126, 1
TotalIonCurrent, 1.83428e+09
