Peptides, PeptideUnique, RateConstants, Correlations, RootMeanRSS, AbsoluteIsotopeError, Charge, m/z(Sequence), NEH, Abundance, NDP, Rsquared,sigma,CI lower band, CI upper band
ALIDIVSSLK, Yes, 1.74527, 0.979700, 0.026224, 0.067216,  2,   529.82642,  15, 64350608.000000, 5.000000, 0.946082, 0.590637, 0.105400, 3.385142
ALIDIVSSLKK, Yes, 13.18887, 0.999027, 0.018017, 0.223868,  3,   396.25169,  15, 113625120.000000, 5.000000, 0.979917, 36075.359375, 11.619616, 14.758131
AFHLDLDFVGK, Yes, 5.49952, 0.979073, 0.025300, 0.104464,  3,   421.22404,  15, 48554756.000000, 5.000000, 0.841724, 45.879147, 3.811172, 7.187871
VIGHYSGEDATDAFR, Yes, 1.71489, 0.987698, 0.021532, 0.197947,  2,   819.38135,  31, 47607484.000000, 7.000000, 0.933441, 0.459967, 0.589393, 2.840392
VIGHYSGEDATDAFR, Yes, 1.39069, 0.594590, 0.108133, 0.045706,  3,   546.58999,  31, 55544412.000000, 7.000000, 0.449950, 1.263069, 0.000000, 3.297405
FLKPLLIGELAPEEPSLDR, Yes, 14.12601, 0.967987, 0.024279, 0.284987,  2,  1069.09878,  38, 20971152.000000, 5.000000, 0.653459, 361936.250000, 11.968565, 16.283455
HGIEYQEKPLLR, Yes, 0.00000, -2.000000, 0.077230, 0.141439,  2,   741.90679,  25, 183608512.000000, 5.000000, -0.839222, 0.038975, 0.000000, 5.983903
HGIEYQEKPLLR, Yes, 0.54719, 0.767733, 0.057306, 0.287192,  3,   494.94028,  25, 60127968.000000, 6.000000, 0.317141, 0.267461, 0.000000, 1.891627


MeanRateConst/CorrCutOff, 7.254914, 0.900000


MedianRateConst/RMSSCutOff, 5.499522, 0.050000
StandDev/NumberPeptides, 1.285683, 5
TotalIonCurrent, 9.53928e+09
