Peptides, PeptideUnique, RateConstants, Correlations, RootMeanRSS, AbsoluteIsotopeError, Charge, m/z(Sequence), NEH, Abundance, NDP, Rsquared,sigma,CI lower band, CI upper band
IVALNAHTFLR, No, 0.15517, 0.998740, 0.043361, 0.084096,  3,   418.91542,  19, 162134272.000000, 4.000000, 0.587450, 0.049851, 0.000000, 3.269473
DHAVVVGVYRPPPK, No, 0.17742, 1.000000, 0.061449, 0.609023,  2,   767.43046,  25, 5017652.000000, 2.000000, 0.651340, 0.139350, 0.000000, 9.010120
IVALNAHTFLR, No, 0.09829, 1.000000, 0.053047, 0.181145,  2,   627.86949,  19, 13940981.000000, 2.000000, 0.395722, 0.079488, 0.000000, 23.289516
DHAVVVGVYRPPPK, No, 0.00269, -2.000000, 0.000013, 0.488067,  3,   511.95606,  25, 163826928.000000, 1.000000, 0.000000, inf, 0.002694, 0.002694


MeanRateConst/CorrCutOff, 0.155166, 0.900000


MedianRateConst/RMSSCutOff, 0.155166, 0.050000
StandDev/NumberPeptides, 0.049851, 1
TotalIonCurrent, 2.64959e+09
