Peptides, PeptideUnique, RateConstants, Correlations, RootMeanRSS, AbsoluteIsotopeError, Charge, m/z(Sequence), NEH, Abundance, NDP, Rsquared,sigma,CI lower band, CI upper band
IVALNAHTFLR, Yes, 0.16266, 0.993877, 0.021817, 0.036819,  3,   418.91542,  19, 225728240.000000, 9.000000, 0.729327, 0.037960, 0.075122, 0.250195
VSISEGDDKIEYR, Yes, 15.74745, 0.954664, 0.108374, 1.068522,  2,   755.87282,  25, 52080940.000000, 6.000000, 0.485256, 2938039.750000, 12.804053, 18.690847
LAAAILGGVDQIHIKPGAK, Yes, 0.19515, 0.988752, 0.009299, 0.048969,  4,   468.78209,  39, 80964352.000000, 7.000000, 0.975184, 0.010193, 0.170204, 0.220089
LAAAILGGVDQIHIKPGAK, Yes, 0.21382, 0.972435, 0.019295, 0.059071,  3,   624.70702,  39, 119334616.000000, 9.000000, 0.938909, 0.021311, 0.164675, 0.262960
MQQENMKPQEQLTLEPYER, Yes, 0.01696, 0.946018, 0.089624, 0.352013,  2,  1196.56719,  46, 45835228.000000, 8.000000, -0.087709, 0.026494, 0.000000, 5.425682
MQQENMKPQEQLTLEPYER, Yes, 0.05503, 0.753254, 0.048092, 0.422658,  3,   798.04722,  46, 156525760.000000, 9.000000, 0.471737, 0.023778, 0.000195, 0.109858
TNIIPVIEDAR, Yes, 0.26547, 0.982350, 0.014754, 0.196316,  2,   620.84842,  21, 187884560.000000, 7.000000, 0.863138, 0.036248, 0.176774, 0.354167
LAAAILGGVDQIHIKPGAK, Yes, 0.05895, 0.762652, 0.028167, 0.230665,  2,   936.55690,  39, 6070002.500000, 6.000000, -0.141799, 0.030132, 0.000000, 3.796767
IVALNAHTFLR, Yes, 0.24416, 0.981553, 0.023077, 0.062404,  2,   627.86949,  19, 112097744.000000, 5.000000, 0.810877, 0.065064, 0.063516, 0.424809
NLVPGESVYGEKR, Yes, 0.22102, 0.297678, 0.105715, 0.130541,  2,   724.38061,  25, 38177924.000000, 8.000000, -0.867653, 0.132106, 0.000000, 2.574452
DHAVVVGVYRPPPK, Yes, 0.29832, 0.918278, 0.030388, 0.104632,  3,   511.95606,  25, 102316672.000000, 8.000000, 0.781067, 0.054487, 0.169479, 0.427162
DHAVVVGVYRPPPK, Yes, 0.05245, 0.918655, 0.022770, 0.243518,  2,   767.43046,  25, 4575454.500000, 5.000000, -0.219788, 0.026344, 0.000000, 2.948668


MeanRateConst/CorrCutOff, 0.216251, 0.900000


MedianRateConst/RMSSCutOff, 0.213818, 0.050000
StandDev/NumberPeptides, 0.023329, 5
TotalIonCurrent, 4.00962e+10
