Peptides, PeptideUnique, RateConstants, Correlations, RootMeanRSS, AbsoluteIsotopeError, Charge, m/z(Sequence), NEH, Abundance, NDP, Rsquared,sigma,CI lower band, CI upper band
LQAFSAAIEScNK, Yes, 0.56826, 0.950254, 0.045546, 0.079746,  2,   719.85337,  31, 51177680.000000, 7.000000, 0.793778, 0.157905, 0.181879, 0.954640
GEDLTEEEDGGIIR, Yes, 0.61882, 0.905862, 0.067727, 0.119796,  2,   766.85737,  31, 208514528.000000, 5.000000, 0.650637, 0.288498, 0.000000, 2.095500
VFVHYTGWLLDGTK, Yes, 0.15481, 0.248631, 0.092638, 0.227140,  2,   818.43013,  12, 19379662.000000, 8.000000, -0.131127, 0.125442, 0.000000, 2.791160
GEHSIVYLKPSYAFGSVGK, Yes, 0.54260, 0.923538, 0.032650, 0.042080,  3,   680.35807,  32, 60047608.000000, 9.000000, 0.688766, 0.185813, 0.114115, 0.971086
GEHSIVYLKPSYAFGSVGK, Yes, 0.40872, 0.975245, 0.018008, 0.201381,  2,  1020.03346,  32, 28882826.000000, 8.000000, 0.871262, 0.070121, 0.242907, 0.574528
GEHSIVYLKPSYAFGSVGK, Yes, 0.72072, 0.953965, 0.021891, 0.075098,  4,   510.52037,  32, 63648560.000000, 7.000000, 0.902911, 0.140121, 0.377853, 1.063582
AAENGAQSAPLPLEGVDISPK, Yes, 0.98261, 0.961189, 0.027598, 0.119802,  2,  1032.53401,  52, 11933651.000000, 7.000000, 0.785880, 0.323669, 0.190624, 1.774601
VGEVcHITcKPEYAYGAAGSPPK, Yes, 0.55866, 0.969133, 0.017991, 0.106524,  2,  1246.09086,  46, 12707186.000000, 6.000000, 0.932500, 0.093586, 0.318085, 0.799227
VGEVcHITcKPEYAYGAAGSPPK, Yes, 0.52307, 0.980365, 0.013417, 0.076827,  3,   831.06300,  46, 45449772.000000, 6.000000, 0.956969, 0.057693, 0.374765, 0.671376
AWDIAVATMK, Yes, 0.45198, 0.844799, 0.046299, 0.369876,  2,   553.28915,  17, 147073568.000000, 9.000000, 0.621980, 0.127770, 0.157343, 0.746618
RGEAHLAVNDFDLAR, Yes, 0.24754, 0.731351, 0.066906, 0.119715,  2,   842.43170,  35, 93096984.000000, 9.000000, -0.006722, 0.078338, 0.066896, 0.428192
RGEAHLAVNDFDLAR, Yes, 0.54266, 0.764111, 0.061401, 0.261322,  3,   561.95689,  35, 68014056.000000, 9.000000, 0.598814, 0.150155, 0.196401, 0.888915
EGTGTETPMIGDR, Yes, 0.85952, 0.969307, 0.023597, 0.111099,  2,   682.31155,  24, 78430384.000000, 9.000000, 0.958417, 0.118177, 0.587008, 1.132041


MeanRateConst/CorrCutOff, 0.553670, 0.900000


MedianRateConst/RMSSCutOff, 0.558656, 0.050000
StandDev/NumberPeptides, 0.098150, 6
TotalIonCurrent, 2.9203e+10
