Peptides, PeptideUnique, RateConstants, Correlations, RootMeanRSS, AbsoluteIsotopeError, Charge, m/z(Sequence), NEH, Abundance, NDP, Rsquared,sigma,CI lower band, CI upper band
ScSQVLEHQPDNIK, Yes, 0.19921, 0.662955, 0.069533, 0.216476,  3,   552.26663,  30, 57230000.000000, 9.000000, 0.386061, 0.052616, 0.077873, 0.320538
ScSQVLEHQPDNIK, Yes, 0.59914, 0.926035, 0.038635, 0.082282,  2,   827.89631,  30, 12632312.000000, 9.000000, 0.611217, 0.219804, 0.092275, 1.106012
VLAQQGEYSEAIPILR, Yes, 1.03192, 0.967740, 0.022910, 0.016076,  2,   893.98851,  38, 45502204.000000, 9.000000, 0.889771, 0.263183, 0.425020, 1.638821
VDMTcEEEEELLQLK, Yes, 2.10383, 0.947484, 0.030922, 0.102311,  2,   933.42898,  31, 42127236.000000, 7.000000, 0.851898, 1.356835, 0.999789, 3.207862
TAEDGPDLEMLSGQER, Yes, 0.90131, 0.973955, 0.025597, 0.405556,  2,   874.39379,  38, 81229912.000000, 8.000000, 0.941045, 0.160902, 0.520840, 1.281787


MeanRateConst/CorrCutOff, 1.159051, 0.900000


MedianRateConst/RMSSCutOff, 1.031921, 0.050000
StandDev/NumberPeptides, 0.261419, 4
TotalIonCurrent, 1.19845e+10
