Peptides, PeptideUnique, RateConstants, Correlations, RootMeanRSS, AbsoluteIsotopeError, Charge, m/z(Sequence), NEH, Abundance, NDP, Rsquared,sigma,CI lower band, CI upper band
SHGQDYLVGNR, No, 0.26776, 0.750600, 0.084448, 0.057933,  3,   415.87054,  22, 583939520.000000, 9.000000, 0.226950, 0.142999, 0.000000, 2.847608
SHGQDYLVGNR, No, 0.10051, 0.360555, 0.097227, 0.061418,  2,   623.30218,  22, 1720785024.000000, 9.000000, -0.675992, 0.052485, 0.000000, 2.906478
WLLAAAGVEFEEK, No, 0.09797, 0.825562, 0.074179, 0.299572,  2,   731.88245,  28, 1082023296.000000, 9.000000, 0.061750, 0.053034, 0.000000, 3.599619
VLkSHGQDYLVGNR, No, 0.00919, 0.566066, 0.049637, 0.276076,  2,   814.43117,  24, 5914318.500000, 7.000000, 0.125625, 0.010543, 0.000000, 2.140482
DGNLMFDQVPMVEIDGMK, Yes, 0.20354, 0.982649, 0.019137, 0.046606,  2,  1019.96776,  29, 204204240.000000, 9.000000, 0.276812, 0.070955, 0.039913, 0.367159
DGNLmFDQVPMVEIDGMK, Yes, 0.11467, 0.779717, 0.037467, 0.115093,  2,  1027.96522,  29, 25559098.000000, 9.000000, 0.286803, 0.036788, 0.029832, 0.199500
AGkPVLHYFNAR, Yes, 0.06546, 0.541214, 0.200375, 0.143496,  3,   472.25784,  23, 222383472.000000, 8.000000, 0.097537, 0.083285, 0.000000, 5.142762
VLKSHGQDYLVGNR, No, 0.12059, 0.966254, 0.020571, 0.129298,  3,   529.28635,  24, 17308578.000000, 7.000000, 0.924383, 0.016011, 0.081414, 0.159768
FIQSPEDLEK, Yes, 0.16052, 1.000000, 0.022558, 0.132212,  2,   603.30605,  21, 487960288.000000, 3.000000, 0.549103, 0.060315, 0.000000, 5.364117


MeanRateConst/CorrCutOff, 0.111104, 0.900000


MedianRateConst/RMSSCutOff, 0.120591, 0.050000
StandDev/NumberPeptides, 0.017502, 3
TotalIonCurrent, 1.17859e+11
