Peptides, PeptideUnique, RateConstants, Correlations, RootMeanRSS, AbsoluteIsotopeError, Charge, m/z(Sequence), NEH, Abundance, NDP, Rsquared,sigma,CI lower band, CI upper band
YAMGDAPDYDR, Yes, 0.67843, 0.965158, 0.037008, 0.139588,  2,   637.26132,  23, 60309476.000000, 9.000000, 0.889508, 0.151144, 0.329895, 1.026974
MFEPTcLDAFPNLK, Yes, 1.37018, 0.990510, 0.018445, 0.304780,  2,   841.89947,  22, 92878808.000000, 5.000000, 0.954683, 0.392908, 0.279290, 2.461062
ITFADFLVYDVLDQHR, Yes, 0.57534, 0.966402, 0.015977, 0.037445,  3,   651.33527,  24, 26430802.000000, 9.000000, 0.919755, 0.081972, 0.386312, 0.764369
ITFADFLVYDVLDQHR, Yes, 0.01779, 0.523223, 0.046118, 0.435645,  2,   976.49927,  24, 14411892.000000, 9.000000, -0.315854, 0.013311, 0.000000, 4.366892
LDLDFPNLPYLIDGSHK, Yes, 0.50425, 0.976876, 0.017894, 0.039793,  3,   653.00703,  24, 51491080.000000, 9.000000, -0.059102, 0.461122, 0.000000, 3.449797
LDLDFPNLPYLIDGSHK, Yes, 0.27559, 0.732348, 0.042798, 0.117298,  2,   979.00691,  24, 7868026.000000, 8.000000, -0.115228, 0.105112, 0.027039, 0.524142
FKLDLDFPNLPYLIDGSHK, Yes, 0.60281, 0.871746, 0.040614, 0.180055,  4,   558.79794,  25, 17052004.000000, 5.000000, 0.026440, 0.425208, 0.000000, 2.916997


MeanRateConst/CorrCutOff, 0.782051, 0.900000


MedianRateConst/RMSSCutOff, 0.678434, 0.050000
StandDev/NumberPeptides, 0.170002, 4
TotalIonCurrent, 1.36471e+10
