Peptides, PeptideUnique, RateConstants, Correlations, RootMeanRSS, AbsoluteIsotopeError, Charge, m/z(Sequence), NEH, Abundance, NDP, Rsquared,sigma,CI lower band, CI upper band
PMTLGYWNTR, Yes, 1.61533, 0.935854, 0.022147, 0.172570,  2,   619.80296,  12, 740857664.000000, 9.000000, 0.543299, 1.108193, 0.472893, 2.757775
YVmGDAPNFDR, Yes, 0.19361, 0.893196, 0.047267, 0.127364,  2,   650.78497,  20, 15840681.000000, 7.000000, 0.594586, 0.054013, 0.061447, 0.325777
VDTLENQVMDTR, Yes, 0.42029, 0.952573, 0.025599, 0.431661,  2,   710.84047,  20, 300520384.000000, 9.000000, 0.906654, 0.063052, 0.274894, 0.565692
LLLEYTDSSYEEK, Yes, 0.11905, 0.441858, 0.083340, 0.065922,  2,   795.38267,  22, 110888288.000000, 8.000000, -0.672035, 0.079511, 0.000000, 3.369087
IRVDTLENQVMDTR, Yes, 0.13320, 0.939557, 0.024737, 0.078404,  2,   845.43306,  24, 52637416.000000, 7.000000, 0.319640, 0.034386, 0.049058, 0.217337
IQLMIVccSPDFEK, Yes, 0.21490, 0.979674, 0.015443, 0.059370,  2,   870.41189,  23, 153205376.000000, 9.000000, 0.926621, 0.024945, 0.157381, 0.272426
LLLEYTDSSYEEKR, Yes, 0.31657, 0.958032, 0.022700, 0.050013,  3,   582.62458,  25, 151872576.000000, 9.000000, 0.956095, 0.030064, 0.247247, 0.385901
LLLEYTDSSYEEKR, Yes, 0.17166, 0.947707, 0.027705, 0.128464,  2,   873.43322,  25, 94932312.000000, 9.000000, 0.863249, 0.026759, 0.109957, 0.233371
FNLGLDFPNLPYLIDGSHK, Yes, 0.19046, 0.974674, 0.013460, 0.062729,  3,   720.70899,  27, 107879000.000000, 9.000000, 0.966940, 0.015065, 0.155719, 0.225198
FNLGLDFPNLPYLIDGSHK, Yes, 0.00000, -2.000000, 0.147896, 0.311846,  2,  1080.55984,  27, 187560000.000000, 9.000000, -0.907277, 0.029070, 0.000000, 7.042819


MeanRateConst/CorrCutOff, 0.177556, 0.900000


MedianRateConst/RMSSCutOff, 0.190458, 0.050000
StandDev/NumberPeptides, 0.023132, 4
TotalIonCurrent, 8.54278e+10
