Peptides, PeptideUnique, RateConstants, Correlations, RootMeanRSS, AbsoluteIsotopeError, Charge, m/z(Sequence), NEH, Abundance, NDP, Rsquared,sigma,CI lower band, CI upper band
VPPLIASFVR, Yes, 0.18496, 0.984182, 0.015242, 0.037108,  2,   549.83713,  18, 939220992.000000, 9.000000, 0.952104, 0.015713, 0.148726, 0.221193
GSAPPGPVPEGQIR, Yes, 0.25728, 0.974292, 0.024748, 0.043696,  2,   681.36223,  36, 1925065856.000000, 9.000000, 0.934045, 0.025335, 0.198855, 0.315701
LWMAAMQQDPVASSHK, Yes, 0.23252, 0.846991, 0.040085, 0.052176,  3,   600.62376,  36, 93317544.000000, 9.000000, 0.409777, 0.064896, 0.082873, 0.382172
LWMAAMQQDPVASSHK, Yes, 0.17392, 0.817478, 0.056674, 0.091662,  2,   900.43200,  36, 37632324.000000, 9.000000, 0.317681, 0.070521, 0.011295, 0.336536
SFLGGDSPSMVDYLTWPWFQR, Yes, 0.33632, 0.973874, 0.012660, 0.109286,  2,  1245.08337,  32, 9621737.000000, 9.000000, 0.720747, 0.060478, 0.196854, 0.475779
SFLGGDSPSMVDYLTWPWFQR, Yes, 0.23700, 0.863324, 0.024282, 0.146741,  3,   830.39134,  32, 8382682.000000, 9.000000, 0.210887, 0.056757, 0.106120, 0.367884
SFLGGDSPSmVDYLTWPWFQR, Yes, 0.41376, 0.975652, 0.013534, 0.118750,  2,  1253.08083,  32, 5978587.500000, 9.000000, 0.883082, 0.054064, 0.289086, 0.538432
NPLGLVPVLENSQGHLVTESVITcEYLDEAYPEK, Yes, 0.07672, 0.739250, 0.016464, 0.072074,  3,  1271.96789,  63, 12225624.000000, 9.000000, 0.235851, 0.018090, 0.035010, 0.118439
NPLGLVPVLENSQGHLVTESVITcEYLDEAYPEKK, Yes, 0.04854, 0.447651, 0.023114, 0.085909,  4,   986.25148,  63, 69072760.000000, 9.000000, -1.350564, 0.022428, 0.000000, 2.678727
HEVININLK, Yes, 0.18060, 0.962164, 0.018638, 0.077115,  2,   540.31401,  14, 214628912.000000, 9.000000, 0.902325, 0.021972, 0.129929, 0.231263
NPLGLVPVLENSQGHLVTESVITcEYLDEAYPEKK, Yes, 0.11860, 0.780111, 0.014763, 0.189178,  3,  1314.66621,  63, 15821737.000000, 7.000000, 0.091248, 0.036918, 0.028261, 0.208931


MeanRateConst/CorrCutOff, 0.239787, 0.900000


MedianRateConst/RMSSCutOff, 0.257278, 0.050000
StandDev/NumberPeptides, 0.024219, 4
TotalIonCurrent, 1.58424e+11
