Peptides, PeptideUnique, RateConstants, Correlations, RootMeanRSS, AbsoluteIsotopeError, Charge, m/z(Sequence), NEH, Abundance, NDP, Rsquared,sigma,CI lower band, CI upper band
GTFGVLLWTK, Yes, 0.12321, 0.983502, 0.006712, 0.070551,  2,   561.32133,  7, 96858552.000000, 9.000000, 0.954004, 0.010974, 0.097901, 0.148513
MVLVLQQLEDK, Yes, 0.30203, 0.985643, 0.016750, 0.029268,  2,   658.36813,  18, 306449536.000000, 9.000000, 0.963116, 0.027281, 0.239124, 0.364945
YQVADHWYPADLQAR, Yes, 0.22276, 0.993441, 0.013288, 0.030371,  3,   611.62866,  34, 433404192.000000, 9.000000, 0.943966, 0.023319, 0.168983, 0.276528
YQVADHWYPADLQAR, Yes, 0.17011, 0.982153, 0.014040, 0.046831,  2,   916.93936,  34, 103984824.000000, 9.000000, 0.980704, 0.009171, 0.148959, 0.191255
GQHMSEQFSQVNcLNK, Yes, 0.12519, 0.958182, 0.022909, 0.059031,  2,   953.93036,  34, 59258512.000000, 9.000000, 0.916497, 0.015979, 0.088343, 0.162037
GQHmSEQFSQVNcLNK, Yes, 0.21438, 0.953479, 0.028878, 0.165145,  3,   641.62097,  34, 9164637.000000, 6.000000, 0.906621, 0.044584, 0.099776, 0.328990
GQHmSEQFSQVNcLNK, Yes, 0.11349, 0.936764, 0.038304, 0.196268,  2,   961.92782,  34, 3396901.500000, 7.000000, 0.802981, 0.031052, 0.037505, 0.189468
GQHMSEQFSQVNcLNK, Yes, 0.12544, 0.965960, 0.016542, 0.116656,  3,   636.28933,  34, 88321744.000000, 8.000000, 0.932759, 0.012008, 0.097050, 0.153839
VLGPLIGVQVPQEK, Yes, 0.17005, 0.995255, 0.009463, 0.034014,  2,   738.94286,  25, 356194496.000000, 9.000000, 0.985307, 0.009028, 0.149235, 0.190870


MeanRateConst/CorrCutOff, 0.148839, 0.900000


MedianRateConst/RMSSCutOff, 0.125445, 0.050000
StandDev/NumberPeptides, 0.013687, 7
TotalIonCurrent, 6.55922e+10
