Peptides, PeptideUnique, RateConstants, Correlations, RootMeanRSS, AbsoluteIsotopeError, Charge, m/z(Sequence), NEH, Abundance, NDP, Rsquared,sigma,CI lower band, CI upper band
FSFTLPYPVK, Yes, 0.16256, 0.962586, 0.014022, 0.055658,  2,   599.82898,  10, 142146048.000000, 9.000000, 0.901174, 0.022317, 0.111101, 0.214027
RPLFLAPDFDR, Yes, 0.98645, 0.758035, 0.051035, 0.036495,  2,   673.86441,  21, 60192648.000000, 9.000000, 0.456440, 0.513862, 0.000000, 3.516338
VELSDVQNPAISITDNVLHFK, Yes, 0.39848, 0.976794, 0.016128, 0.054006,  3,   780.41290,  36, 185611968.000000, 9.000000, 0.905607, 0.048133, 0.287484, 0.509473
VELSDVQNPAISITDNVLHFK, Yes, 0.26641, 0.983579, 0.010918, 0.213239,  2,  1170.11571,  36, 18287430.000000, 8.000000, -0.235282, 0.119905, 0.000000, 2.567649
RPLFLAPDFDR, Yes, 0.34706, 0.912110, 0.034659, 0.048149,  3,   449.57870,  21, 76111696.000000, 8.000000, 0.759331, 0.091412, 0.130903, 0.563212
EGSPETLTNLK, Yes, 2.45454, 0.846230, 0.083829, 0.063162,  2,   594.80896,  19, 74341008.000000, 8.000000, 0.697386, 2.869936, 1.089584, 3.819494


MeanRateConst/CorrCutOff, 0.293627, 0.900000


MedianRateConst/RMSSCutOff, 0.347057, 0.050000
StandDev/NumberPeptides, 0.047134, 4
TotalIonCurrent, 3.44762e+10
