Peptides, PeptideUnique, RateConstants, Correlations, RootMeanRSS, AbsoluteIsotopeError, Charge, m/z(Sequence), NEH, Abundance, NDP, Rsquared,sigma,CI lower band, CI upper band
VTQLDLDGPK, Yes, 8.08553, 0.981095, 0.173440, 1.305287,  2,   543.29550,  14, 30260586.000000, 4.000000, 0.182166, 4419436.000000, 4.826503, 11.344561
KVTQLDLDGPK, Yes, 1.94735, 0.795463, 0.068803, 0.143866,  2,   607.34298,  15, 35285004.000000, 8.000000, -0.070669, 4.706502, 0.000000, 5.185452
GVEGLIDIENPNR, Yes, 0.45797, 0.966463, 0.028277, 0.090517,  2,   713.37024,  26, 31204448.000000, 5.000000, 0.930582, 0.085140, 0.221588, 0.694362
KGVEGLIDIENPNR, Yes, 0.48607, 0.988613, 0.014516, 0.109834,  2,   777.41772,  27, 8817280.000000, 5.000000, 0.975323, 0.050373, 0.346213, 0.625930


MeanRateConst/CorrCutOff, 0.472023, 0.900000


MedianRateConst/RMSSCutOff, 0.486072, 0.050000
StandDev/NumberPeptides, 0.063297, 2
TotalIonCurrent, 3.72563e+09
