Peptides, PeptideUnique, RateConstants, Correlations, RootMeanRSS, AbsoluteIsotopeError, Charge, m/z(Sequence), NEH, Abundance, NDP, Rsquared,sigma,CI lower band, CI upper band
LEAPcQQWMELR, Yes, 0.87248, 0.990639, 0.017944, 0.075944,  2,   780.86850,  29, 616785664.000000, 9.000000, 0.959838, 0.121099, 0.593226, 1.151737
LEAPcQQWmELR, Yes, 0.43651, 0.975192, 0.023534, 0.071983,  2,   788.86596,  29, 50010544.000000, 9.000000, 0.943059, 0.054246, 0.311417, 0.561599
cPGLLTPSQIKPGTYK, Yes, 0.02080, 0.291417, 0.166794, 0.094084,  3,   587.31856,  24, 435178464.000000, 9.000000, -0.050962, 0.037070, 0.000000, 4.212190
cPGLLTPSQIKPGTYK, Yes, 0.16463, 0.806403, 0.057726, 0.049965,  2,   880.47420,  24, 103181928.000000, 9.000000, 0.424937, 0.064020, 0.017000, 0.312260
FHVPLLLSPWSYTTYR, Yes, 0.34337, 0.972619, 0.012480, 0.043754,  3,   660.68412,  20, 568843904.000000, 9.000000, 0.917874, 0.040363, 0.250296, 0.436448
FHVPLLLSPWSYTTYR, Yes, 0.31990, 0.895136, 0.021572, 0.551671,  2,   990.52253,  20, 152978592.000000, 8.000000, -0.455025, 0.287793, 0.000000, 3.257479


MeanRateConst/CorrCutOff, 0.550787, 0.900000


MedianRateConst/RMSSCutOff, 0.436508, 0.050000
StandDev/NumberPeptides, 0.058289, 3
TotalIonCurrent, 1.46247e+11
