Peptides, PeptideUnique, RateConstants, Correlations, RootMeanRSS, AbsoluteIsotopeError, Charge, m/z(Sequence), NEH, Abundance, NDP, Rsquared,sigma,CI lower band, CI upper band
NFILDQTNVSAAAQR, Yes, 0.18799, 0.012371, 0.131933, 0.051713,  3,   549.95315,  34, 23977186.000000, 9.000000, -0.719508, 0.119717, 0.000000, 2.998557
NFILDQTNVSAAAQR, Yes, 0.33794, 0.647223, 0.084166, 0.060713,  2,   824.42608,  34, 297683264.000000, 9.000000, 0.298331, 0.124845, 0.050046, 0.625834
KDcEVVMMIGLPGAGK, Yes, 1.42189, 0.963900, 0.018933, 0.067283,  3,   568.95423,  26, 52766876.000000, 9.000000, 0.937165, 0.321778, 0.679867, 2.163909
KDcEVVMMIGLPGAGK, Yes, 1.41813, 0.997124, 0.008345, 0.085496,  2,   852.92771,  26, 81048296.000000, 9.000000, 0.987503, 0.130136, 1.118036, 1.718226
SSGPTSLFAVTVAPPGAR, Yes, 0.40587, 0.970088, 0.024364, 0.058569,  2,   857.95978,  37, 301499360.000000, 9.000000, 0.906898, 0.050097, 0.290347, 0.521394
EKPYFPIPEDcTFIQNVPLEDR, Yes, 0.00005, 0.399830, 0.083822, 0.050469,  2,  1354.15725,  41, 97689864.000000, 9.000000, -0.011038, 0.020889, 0.000000, 5.198864
GNFTLPEVAEcFDEITYVELQKEEAQK, Yes, 0.38363, 0.935962, 0.015734, 0.033410,  3,  1063.17617,  55, 24455196.000000, 9.000000, 0.848461, 0.056997, 0.252199, 0.515067
GYFEYIEENKYSR, Yes, 0.58621, 0.927304, 0.030722, 0.016901,  2,   849.39390,  24, 133130272.000000, 9.000000, 0.894712, 0.106504, 0.340615, 0.831810
EKPYFPIPEDcTFIQNVPLEDR, Yes, 0.03576, 0.381797, 0.092937, 0.259301,  3,   903.10726,  41, 228812992.000000, 9.000000, 0.048112, 0.039066, 0.000000, 4.643945
EVLADRPLFPHVLcHNcAVEFNFGQK, Yes, 0.08739, 0.872777, 0.022856, 0.245925,  3,  1033.17602,  50, 14447505.000000, 6.000000, -5.402484, 0.063969, 0.000000, 3.381124
YNILGTNTIMDK, Yes, 0.59097, 0.963519, 0.016501, 0.565688,  2,   691.85284,  12, 306664000.000000, 9.000000, 0.923570, 0.094711, 0.372564, 0.809374


MeanRateConst/CorrCutOff, 0.801117, 0.900000


MedianRateConst/RMSSCutOff, 0.590969, 0.050000
StandDev/NumberPeptides, 0.087917, 6
TotalIonCurrent, 1.05783e+11
