Peptides, PeptideUnique, RateConstants, Correlations, RootMeanRSS, AbsoluteIsotopeError, Charge, m/z(Sequence), NEH, Abundance, NDP, Rsquared,sigma,CI lower band, CI upper band
TMQTLLSLVK, Yes, 0.20699, 0.974314, 0.014921, 0.062805,  2,   567.33356,  10, 132418544.000000, 9.000000, 0.932215, 0.024790, 0.149825, 0.264155
FFADLLDYIK, Yes, 0.61849, 0.952875, 0.035842, 0.039749,  2,   622.83171,  11, 53763864.000000, 9.000000, 0.821736, 0.189294, 0.181979, 1.055006
VIGGDDLSTLTGK, Yes, 0.40724, 0.904553, 0.039111, 0.064016,  2,   638.34318,  16, 255580528.000000, 9.000000, 0.699229, 0.111434, 0.150271, 0.664205
VFIPHGLIMDR, Yes, 0.37905, 0.968254, 0.017982, 0.086335,  3,   433.24103,  17, 117517008.000000, 9.000000, -0.186535, 0.251394, 0.000000, 2.903103
NVLIVEDIIDTGK, Yes, 1.84521, 0.615539, 0.067856, 0.060031,  2,   714.90085,  17, 37812324.000000, 8.000000, 0.399268, 2.066030, 0.205235, 3.485183
DLNHVcVISETGK, Yes, 0.23824, 0.978804, 0.017545, 0.089244,  2,   736.36412,  20, 71653208.000000, 9.000000, 0.952326, 0.023061, 0.185057, 0.291416
SVGYRPDFVGFEIPDK, Yes, 0.49935, 0.961130, 0.019163, 0.031991,  2,   913.45961,  26, 22180344.000000, 8.000000, 0.940054, 0.056316, 0.366184, 0.632518
SPSVVISDDEPGYDLDLFcIPNHYAEDLEK, Yes, 0.13923, 0.917885, 0.014582, 0.044776,  3,  1146.52917,  55, 27673034.000000, 8.000000, 0.825250, 0.025412, 0.079144, 0.199324
EMGGHHIVALcVLK, Yes, 0.15522, 0.554289, 0.110874, 0.221775,  3,   521.94265,  24, 61440420.000000, 9.000000, 0.084329, 0.098267, 0.000000, 2.664562
SIPMTVDFIR, Yes, 0.30232, 0.945813, 0.025118, 0.026125,  2,   589.81554,  14, 87448624.000000, 7.000000, 0.355369, 0.119816, 0.009136, 0.595497


MeanRateConst/CorrCutOff, 0.278844, 0.900000


MedianRateConst/RMSSCutOff, 0.302317, 0.050000
StandDev/NumberPeptides, 0.041565, 6
TotalIonCurrent, 3.10671e+10
