Peptides, PeptideUnique, RateConstants, Correlations, RootMeanRSS, AbsoluteIsotopeError, Charge, m/z(Sequence), NEH, Abundance, NDP, Rsquared,sigma,CI lower band, CI upper band
LLSLISIALPENK, Yes, 0.67339, 0.990309, 0.028060, 0.220259,  2,   705.93194,  22, 5844208.000000, 5.000000, 0.781633, 0.260694, 0.000000, 2.101179
LGSSGLGSASSIQAAVR, Yes, 0.09700, 1.000000, 0.149431, 0.338661,  2,   780.92064,  41, 2612538.750000, 3.000000, -0.519794, 0.138607, 0.000000, 4.122343
SAATSGAGSTTSGVVSGSLGSR, Yes, 0.31678, 0.996907, 0.006283, 0.256554,  2,   948.96652,  46, 4276490.500000, 3.000000, 0.992018, 0.020551, 0.228355, 0.405199
IPIPLMDYILNVMK, Yes, 0.35821, 0.498912, 0.067086, 0.354363,  2,   830.46424,  16, 100511296.000000, 7.000000, -0.019008, 0.261229, 0.000000, 3.134548


MeanRateConst/CorrCutOff, 0.673387, 0.900000


MedianRateConst/RMSSCutOff, 0.673387, 0.050000
StandDev/NumberPeptides, 0.260694, 1
TotalIonCurrent, 3.15119e+08
