Peptides, PeptideUnique, RateConstants, Correlations, RootMeanRSS, AbsoluteIsotopeError, Charge, m/z(Sequence), NEH, Abundance, NDP, Rsquared,sigma,CI lower band, CI upper band
VEAFLITMEK, Yes, 0.23732, 0.838804, 0.050825, 0.168281,  2,   590.81774,  16, 70535528.000000, 9.000000, 0.490985, 0.067674, 0.081265, 0.393379
ESLDDLTNLVVK, Yes, 0.52036, 0.960442, 0.019990, 0.143879,  2,   673.36410,  15, 81023744.000000, 9.000000, 0.273041, 0.249949, 0.000000, 2.099744
TKEQLGYIVFSGPR, Yes, 0.20909, 0.766726, 0.066280, 0.409591,  2,   797.93302,  24, 15448951.000000, 7.000000, -0.123968, 0.109634, 0.000000, 1.992161
FYQEMLAVDAPR, Yes, 0.52415, 0.688547, 0.064563, 0.056633,  2,   720.35301,  26, 119517200.000000, 9.000000, 0.537418, 0.157904, 0.160026, 0.888282
AIEDMTEEAFQK, Yes, 0.71644, 0.966064, 0.025042, 0.338374,  2,   706.32411,  28, 29688168.000000, 9.000000, 0.915035, 0.134396, 0.406520, 1.026358
QAALGVMQMVEDTLIEHAHTKPLLPSQLVR, Yes, 0.31283, 0.913627, 0.016117, 0.046552,  5,   665.96100,  61, 31555354.000000, 8.000000, 0.575680, 0.062904, 0.164082, 0.461572


MeanRateConst/CorrCutOff, 0.516541, 0.900000


MedianRateConst/RMSSCutOff, 0.520358, 0.050000
StandDev/NumberPeptides, 0.109735, 3
TotalIonCurrent, 1.41487e+10
