Peptides, PeptideUnique, RateConstants, Correlations, RootMeanRSS, AbsoluteIsotopeError, Charge, m/z(Sequence), NEH, Abundance, NDP, Rsquared,sigma,CI lower band, CI upper band
TSFVNFTDIcK, Yes, 0.51275, 0.867042, 0.033842, 0.100145,  2,   666.31865,  11, 75495784.000000, 9.000000, 0.566019, 0.194390, 0.064485, 0.961012
KTSFVNFTDIcK, Yes, 0.09692, 0.675748, 0.049373, 0.318228,  2,   730.36613,  11, 21597408.000000, 8.000000, 0.117018, 0.082485, 0.000000, 3.189831
LYFLQcETcHSR, Yes, 0.15742, 0.911164, 0.046721, 0.088087,  2,   807.36359,  22, 50365400.000000, 7.000000, 0.400659, 0.065045, 0.000000, 2.671182
IFDIDEAEEAIKDVK, Yes, 0.26908, 0.940492, 0.029793, 0.153310,  2,   867.94343,  30, 10315183.000000, 9.000000, -0.011254, 0.131976, 0.000000, 2.574203
IFDIDEAEEAIKDVK, Yes, 0.41548, 0.983480, 0.018037, 0.115670,  3,   578.96471,  30, 63898612.000000, 9.000000, 0.961333, 0.040951, 0.321047, 0.509914
DASDDLDDLNFFNQK, Yes, 0.39702, 0.921790, 0.031795, 0.128095,  2,   878.88666,  26, 29111032.000000, 9.000000, 0.800360, 0.082913, 0.205818, 0.588214
KIFDIDEAEEAIKDVK, Yes, 0.43841, 0.995305, 0.010034, 0.045570,  3,   621.66303,  31, 58203772.000000, 9.000000, 0.696887, 0.113453, 0.176788, 0.700035
KKDASDDLDDLNFFNQK, Yes, 0.29570, 0.943737, 0.037575, 0.120565,  2,  1006.98162,  27, 11542372.000000, 6.000000, 0.483472, 0.120134, 0.000000, 2.857901
EVEPEPTEEKDVDADEEDSR, Yes, 0.29320, 0.987607, 0.012941, 0.105606,  2,  1159.49313,  52, 6577672.000000, 8.000000, 0.972055, 0.021279, 0.242882, 0.343516
EVEPEPTEEKDVDADEEDSR, Yes, 0.35938, 0.990988, 0.011590, 0.052544,  3,   773.33118,  52, 24074684.000000, 8.000000, 0.979237, 0.023410, 0.304021, 0.414731
IESDAQEPAEPEDDLDIMLGNK, Yes, 0.32425, 0.990809, 0.010748, 0.131008,  2,  1215.05484,  51, 20434156.000000, 5.000000, 0.971561, 0.026157, 0.251631, 0.396877


MeanRateConst/CorrCutOff, 0.349065, 0.900000


MedianRateConst/RMSSCutOff, 0.324254, 0.050000
StandDev/NumberPeptides, 0.042297, 8
TotalIonCurrent, 2.04757e+10
