Peptides, PeptideUnique, RateConstants, Correlations, RootMeanRSS, AbsoluteIsotopeError, Charge, m/z(Sequence), NEH, Abundance, NDP, Rsquared,sigma,CI lower band, CI upper band
SLVEIADTVPK, Yes, 1.77016, 0.964260, 0.058453, 0.189196,  2,   586.33207,  18, 21402212.000000, 8.000000, 0.573923, 1.787726, 0.236359, 3.303956
TKENVNATENcISAVGK, Yes, 0.48050, 0.979255, 0.026770, 0.137450,  2,   917.95180,  31, 4112294.000000, 5.000000, 0.808605, 0.114556, 0.162446, 0.798563
TKENVNATENcISAVGK, Yes, 0.06665, 0.795451, 0.098223, 0.069707,  3,   612.30363,  31, 36725644.000000, 5.000000, 0.154834, 0.083296, 0.000000, 5.898643
LVLEQVVTSIASVADTAEEK, Yes, 0.00000, -2.000000, 0.095696, 0.078474,  3,   701.37908,  40, 6291720.000000, 8.000000, -0.093956, 0.014244, 0.000000, 4.265717
AIGTEPDSDVLSEIMHSFAK, Yes, 0.22859, 0.781170, 0.049176, 0.081608,  3,   716.34902,  40, 23632154.000000, 8.000000, 0.219809, 0.095818, 0.002015, 0.455162
LcGDTNLNNMQR, Yes, 0.20699, 0.461814, 0.102379, 0.136436,  2,   718.32446,  21, 251633264.000000, 6.000000, 0.112776, 0.098793, 0.000000, 3.230437


MeanRateConst/CorrCutOff, 0.480505, 0.900000


MedianRateConst/RMSSCutOff, 0.480505, 0.050000
StandDev/NumberPeptides, 0.114556, 1
TotalIonCurrent, 2.52062e+09
