Peptides, PeptideUnique, RateConstants, Correlations, RootMeanRSS, AbsoluteIsotopeError, Charge, m/z(Sequence), NEH, Abundance, NDP, Rsquared,sigma,CI lower band, CI upper band
AFAVGVQQVLLK, Yes, 0.93271, 0.972445, 0.029600, 0.105479,  2,   636.88736,  21, 20974798.000000, 6.000000, 0.932170, 0.262982, 0.256691, 1.608722
ETENDDLTNVIQK, Yes, 1.24753, 0.533592, 0.109967, 0.142556,  2,   759.86773,  22, 23304308.000000, 9.000000, 0.142016, 1.505531, 0.000000, 3.632076
ENIVEAIIHSPELIR, Yes, 0.61505, 0.952802, 0.026788, 0.049245,  3,   578.32457,  34, 18495026.000000, 8.000000, 0.644534, 0.196387, 0.150666, 1.079430
KVLTGVAGEDAEcHAAK, Yes, 13.91525, 0.720324, 0.083522, 0.287947,  3,   585.96132,  37, 7643255.000000, 7.000000, 0.365053, 439133.625000, 11.705030, 16.125462
DGALHMIGSLAEILLK, Yes, 2.36890, 0.869637, 0.050240, 0.418894,  3,   560.98327,  29, 5549539.500000, 9.000000, 0.312913, 2.787593, 1.009045, 3.728747
SPLVAAMQHFLPVLK, Yes, 0.66760, 0.992651, 0.009206, 0.249487,  3,   550.98485,  27, 31825086.000000, 8.000000, 0.982860, 0.049547, 0.550441, 0.784759
SPLVAAMQHFLPVLK, Yes, 0.27777, 0.956280, 0.033176, 0.253626,  2,   825.97363,  27, 7235508.500000, 6.000000, 0.748070, 0.069734, 0.098514, 0.457027


MeanRateConst/CorrCutOff, 0.623281, 0.900000


MedianRateConst/RMSSCutOff, 0.667600, 0.050000
StandDev/NumberPeptides, 0.092128, 4
TotalIonCurrent, 5.40588e+09
