Peptides, PeptideUnique, RateConstants, Correlations, RootMeanRSS, AbsoluteIsotopeError, Charge, m/z(Sequence), NEH, Abundance, NDP, Rsquared,sigma,CI lower band, CI upper band
IIAINVNDPEAEK, Yes, 0.14365, 0.865970, 0.048156, 0.070050,  2,   713.38281,  28, 143060800.000000, 8.000000, 0.429628, 0.048323, 0.029387, 0.257917
AFALDVINSAHER, Yes, 14.40888, 0.915653, 0.048456, 0.600265,  2,   721.87295,  31, 75367192.000000, 9.000000, 0.771481, 327681.281250, 13.117848, 15.699912
ESNVEEEVWHFLR, Yes, 0.10875, 0.931890, 0.030608, 0.062954,  3,   558.60211,  28, 30257598.000000, 6.000000, 0.630586, 0.035118, 0.018474, 0.199023
FKPGYLEATLNWFR, Yes, 0.24416, 0.915168, 0.025351, 0.062518,  3,   581.30686,  21, 64921844.000000, 9.000000, 0.525037, 0.061386, 0.102605, 0.385716
MEIATEEPLNPIKQDIK, Yes, 0.18010, 0.966909, 0.016381, 0.060495,  3,   657.01518,  34, 30647198.000000, 8.000000, 0.930821, 0.017765, 0.138090, 0.222104
STDccGDNDPIDVcEIGSK, Yes, 0.07608, 0.968589, 0.031168, 0.101205,  2,  1071.42466,  33, 61410536.000000, 5.000000, 0.516718, 0.031638, 0.000000, 2.967490
GYIWNYGALPQTWEDPHLR, Yes, 0.26578, 0.862620, 0.027027, 0.079396,  3,   772.71139,  34, 86759176.000000, 9.000000, -0.545065, 0.144984, 0.000000, 2.683168
ESNVEEEVWHFLR, Yes, 0.04961, 0.857330, 0.033931, 0.059198,  2,   837.39953,  28, 8856128.000000, 6.000000, 0.010187, 0.037784, 0.000000, 4.655297
SLVESVPTPSMNK, Yes, 2.69186, 0.592855, 0.089463, 0.678796,  2,   694.85813,  22, 91322008.000000, 9.000000, -0.397775, 5.953859, 0.742306, 4.641409
MEIATEEPLNPIK, Yes, 0.68326, 0.840473, 0.074048, 0.833685,  2,   742.88687,  27, 60708648.000000, 9.000000, 0.691553, 0.287607, 0.020038, 1.346483
MEIATEEPLNPIKQDIK, Yes, 0.07291, 0.597657, 0.076255, 0.438753,  2,   985.01914,  34, 229217888.000000, 9.000000, 0.012120, 0.031329, 0.000665, 0.145155


MeanRateConst/CorrCutOff, 0.152272, 0.900000


MedianRateConst/RMSSCutOff, 0.180097, 0.050000
StandDev/NumberPeptides, 0.030151, 4
TotalIonCurrent, 2.66961e+10
