Peptides, PeptideUnique, RateConstants, Correlations, RootMeanRSS, AbsoluteIsotopeError, Charge, m/z(Sequence), NEH, Abundance, NDP, Rsquared,sigma,CI lower band, CI upper band
ASLENSLEETK, Yes, 0.08372, 0.350439, 0.134611, 0.094879,  2,   610.80386,  24, 122041768.000000, 9.000000, -0.128497, 0.055336, 0.000000, 3.066684
ILNEMRDQYEQMAEK, Yes, 0.00000, -2.000000, 0.037041, 0.278067,  2,   949.44274,  35, 25153978.000000, 5.000000, -0.542092, 0.012123, 0.000000, 5.536927
GQTGGDVNVEMDAAPGVDLSR, Yes, 0.05198, 0.223564, 0.148270, 0.293495,  2,  1044.48676,  43, 34918820.000000, 6.000000, -0.128733, 0.068444, 0.000000, 5.390722
GQTGGDVNVEmDAAPGVDLSR, Yes, 0.00000, -2.000000, 0.024867, 0.136359,  2,  1052.48422,  43, 20275940.000000, 7.000000, -1.107130, 0.007079, 0.000000, 4.798902


MeanRateConst/CorrCutOff, 0.000002, 0.900000


MedianRateConst/RMSSCutOff, 0.000004, 0.050000
StandDev/NumberPeptides, 0.008939, 2
TotalIonCurrent, 5.69865e+09
