Peptides, PeptideUnique, RateConstants, Correlations, RootMeanRSS, AbsoluteIsotopeError, Charge, m/z(Sequence), NEH, Abundance, NDP, Rsquared,sigma,CI lower band, CI upper band
YGYTHLSAGELLR, Yes, 0.38355, 0.870879, 0.047087, 0.062704,  3,   493.92453,  23, 145269552.000000, 9.000000, 0.771132, 0.078526, 0.202469, 0.564632
IVPVEITISLLKR, Yes, 0.22764, 0.963123, 0.014378, 0.101535,  3,   494.32022,  18, 168379232.000000, 6.000000, 0.921381, 0.024612, 0.164375, 0.290909
KNPDSQYGELIEK, Yes, 0.32123, 0.993287, 0.010314, 0.021829,  2,   760.88318,  25, 367502336.000000, 9.000000, 0.985501, 0.017064, 0.281876, 0.360574
IQTYLESTKPIIDLYEEMGK, Yes, 0.08482, 0.739862, 0.048668, 0.101509,  2,  1186.10869,  32, 50307932.000000, 9.000000, -0.502558, 0.048183, 0.000000, 3.554520
IQTYLESTKPIIDLYEEMGK, Yes, 0.15054, 0.931391, 0.023734, 0.032322,  3,   791.07488,  32, 185741824.000000, 9.000000, 0.781685, 0.030235, 0.080813, 0.220259
MKPLVVFVLGGPGAGK, Yes, 0.56389, 0.938958, 0.115126, 0.157625,  2,   785.46291,  22, 92859024.000000, 4.000000, 0.052027, 0.955554, 0.000000, 3.492795
MKPLVVFVLGGPGAGK, Yes, 0.45880, 0.810203, 0.052610, 0.063429,  3,   523.97770,  22, 315667968.000000, 7.000000, 0.474665, 0.232840, 0.000000, 2.183354
YGYTHLSAGELLR, Yes, 14.92237, 0.627812, 0.085388, 0.056862,  2,   740.38315,  23, 63868508.000000, 9.000000, 0.456860, 940615.687500, 13.000787, 16.843956
SVDEVFGEVVK, Yes, 0.26041, 0.945325, 0.023797, 0.490641,  2,   604.31389,  17, 324443744.000000, 9.000000, 0.794535, 0.057964, 0.126747, 0.394076


MeanRateConst/CorrCutOff, 0.239954, 0.900000


MedianRateConst/RMSSCutOff, 0.260411, 0.050000
StandDev/NumberPeptides, 0.026745, 4
TotalIonCurrent, 7.97487e+10
