Peptides, PeptideUnique, RateConstants, Correlations, RootMeanRSS, AbsoluteIsotopeError, Charge, m/z(Sequence), NEH, Abundance, NDP, Rsquared,sigma,CI lower band, CI upper band
SLPSLQILLTNTK, Yes, 0.14659, 0.957323, 0.021997, 0.140842,  2,   714.42703,  17, 52752996.000000, 8.000000, 0.835211, 0.027527, 0.081496, 0.211676
VIHGNPSGVDNAVSTWGGALR, Yes, 0.01133, 0.659289, 0.021885, 0.277513,  2,  1054.03761,  39, 9507562.000000, 8.000000, -0.052154, 0.013304, 0.000000, 3.796900
FPEIVAPLLTSIDAISLEcER, Yes, 0.36564, 0.890875, 0.026890, 0.117491,  2,  1187.12214,  43, 3089081.500000, 8.000000, 0.592758, 0.078749, 0.179432, 0.551855
VIHGNPSGVDNAVSTWGGALR, Yes, 0.27990, 0.868227, 0.045248, 0.382656,  3,   703.02750,  39, 72430280.000000, 8.000000, 0.550314, 0.105545, 0.030327, 0.529476


MeanRateConst/CorrCutOff, 0.146586, 0.900000


MedianRateConst/RMSSCutOff, 0.146586, 0.050000
StandDev/NumberPeptides, 0.027527, 1
TotalIonCurrent, 6.35036e+09
