Peptides, PeptideUnique, RateConstants, Correlations, RootMeanRSS, AbsoluteIsotopeError, Charge, m/z(Sequence), NEH, Abundance, NDP, Rsquared,sigma,CI lower band, CI upper band
ISFLENNLEQLTK, Yes, 0.22556, 0.947225, 0.035024, 0.154976,  2,   774.91702,  22, 38052816.000000, 7.000000, 0.824866, 0.042663, 0.121165, 0.329951
TQMLDQEELLASTR, Yes, 0.80886, 0.793057, 0.072240, 0.217986,  2,   817.90633,  31, 9538101.000000, 7.000000, 0.014645, 0.992883, 0.000000, 6.650412
TTIVIccSPSSYNESETK, Yes, 0.00009, -2.000000, 0.022362, 0.138137,  2,  1038.46663,  30, 6803391.000000, 1.000000, 0.000000, inf, 0.000089, 0.000089
VFQSSTSQEQVYNDcAK, Yes, 0.39220, 0.963798, 0.028368, 0.160509,  2,   995.94419,  35, 15423544.000000, 6.000000, 0.919097, 0.077895, 0.191961, 0.592430
SLSALGNVISALAEGSTYVPYR, Yes, 0.00001, -2.000000, 0.050373, 0.218141,  3,   756.73385,  43, 94054080.000000, 5.000000, -0.615471, 0.017791, 0.000000, 5.876813


MeanRateConst/CorrCutOff, 0.308877, 0.900000


MedianRateConst/RMSSCutOff, 0.392196, 0.050000
StandDev/NumberPeptides, 0.055131, 2
TotalIonCurrent, 3.52745e+09
