Peptides, PeptideUnique, RateConstants, Correlations, RootMeanRSS, AbsoluteIsotopeError, Charge, m/z(Sequence), NEH, Abundance, NDP, Rsquared,sigma,CI lower band, CI upper band
IFPIGDVPLETEDLTSWLYQR, Yes, 0.30831, 0.687328, 0.053270, 0.171535,  2,  1246.63902,  34, 5323520.000000, 8.000000, -1.087341, 0.152231, 0.000000, 2.131625
IFPIGDVPLETEDLTSWLYQR, Yes, 0.11345, 0.426665, 0.056354, 0.097567,  3,   831.42844,  34, 5722961.000000, 8.000000, -0.134587, 0.104681, 0.000000, 4.388340
KNNLPFLTHVTLPR, Yes, 0.50752, 0.967043, 0.024927, 0.156967,  4,   413.24260,  18, 14096757.000000, 6.000000, 0.754188, 0.144029, 0.137283, 0.877760
AEPIDIQTWILGYR, Yes, 0.43350, 0.942342, 0.032933, 0.136102,  2,   837.94612,  26, 19011260.000000, 8.000000, 0.815230, 0.079211, 0.246193, 0.620801
NNLPFLTHVTLPR, Yes, 0.19621, 0.368952, 0.072027, 0.316185,  3,   507.95606,  18, 12634448.000000, 6.000000, -2.119443, 0.141936, 0.000000, 3.156404


MeanRateConst/CorrCutOff, 0.470509, 0.900000


MedianRateConst/RMSSCutOff, 0.507521, 0.050000
StandDev/NumberPeptides, 0.102210, 2
TotalIonCurrent, 2.06809e+09
