Peptides, PeptideUnique, RateConstants, Correlations, RootMeanRSS, AbsoluteIsotopeError, Charge, m/z(Sequence), NEH, Abundance, NDP, Rsquared,sigma,CI lower band, CI upper band
EPIMPAPGQEETVR, Yes, 0.16884, 0.971219, 0.020000, 0.116953,  2,   777.38504,  35, 44657008.000000, 7.000000, 0.934007, 0.017966, 0.124880, 0.212804
SEGDTAYGQQVQPNTWK, Yes, 0.07350, 0.886056, 0.028647, 0.117545,  2,   954.93976,  34, 13020080.000000, 6.000000, 0.566376, 0.016102, 0.032108, 0.114891
MLYDMENPPADDYFGR, Yes, 0.22031, 0.933824, 0.029759, 0.217376,  2,   967.40838,  30, 15873942.000000, 7.000000, 0.753035, 0.053503, 0.089390, 0.351222


MeanRateConst/CorrCutOff, 0.154216, 0.900000


MedianRateConst/RMSSCutOff, 0.168842, 0.050000
StandDev/NumberPeptides, 0.021985, 2
TotalIonCurrent, 2.44437e+09
