Peptides, PeptideUnique, RateConstants, Correlations, RootMeanRSS, AbsoluteIsotopeError, Charge, m/z(Sequence), NEH, Abundance, NDP, Rsquared,sigma,CI lower band, CI upper band
EVLDIAAGMIK, Yes, 0.94592, 0.961724, 0.070343, 0.031680,  2,   580.32319,  20, 63362468.000000, 5.000000, 0.727671, 0.670492, 0.000000, 4.904801
LGIQGSYFcSQEcFK, Yes, 0.28935, 0.869937, 0.057304, 0.220592,  2,   912.40820,  27, 12297095.000000, 5.000000, 0.249198, 0.139075, 0.000000, 2.758953
SccTSVNEVIcHGIPDR, Yes, 0.22580, 0.934000, 0.028419, 0.125811,  3,   668.62925,  32, 29304974.000000, 6.000000, 0.740714, 0.048540, 0.101020, 0.350572
SccTSVNEVIcHGIPDR, Yes, 0.15343, 0.998230, 0.044276, 0.296144,  2,  1002.44024,  32, 2882132.500000, 4.000000, 0.754437, 0.058401, 0.000000, 3.758745
SGHVFTIEPMIcEGGWQDETWPDGWTAVTR, Yes, 0.19211, 0.933920, 0.012338, 0.125863,  3,  1154.85546,  53, 8072694.000000, 5.000000, 0.705766, 0.051832, 0.048204, 0.336020
AGVTTEEIDHAVHLAcIAR, Yes, 0.29016, 0.995655, 0.008507, 0.242234,  4,   516.51392,  42, 51979340.000000, 4.000000, 0.987236, 0.019100, 0.229379, 0.350947
SAQFEHTLLVTDTGcEILTR, Yes, 0.00000, -2.000000, 0.107181, 0.353267,  2,  1146.07046,  34, 3040449.000000, 4.000000, -0.499317, 0.109998, 0.000000, 7.452049


MeanRateConst/CorrCutOff, 0.215376, 0.900000


MedianRateConst/RMSSCutOff, 0.225796, 0.050000
StandDev/NumberPeptides, 0.036572, 4
TotalIonCurrent, 4.15082e+09
