Peptides, PeptideUnique, RateConstants, Correlations, RootMeanRSS, AbsoluteIsotopeError, Charge, m/z(Sequence), NEH, Abundance, NDP, Rsquared,sigma,CI lower band, CI upper band
ITPENLPQILLQLK, Yes, 0.64309, 0.965171, 0.022797, 0.080669,  2,   810.49016,  24, 34049296.000000, 9.000000, 0.942742, 0.093673, 0.427083, 0.859106
ITPENLPQILLQLK, Yes, 0.69861, 0.871921, 0.042969, 0.266040,  3,   540.66253,  24, 2099404.500000, 7.000000, 0.596918, 0.291084, 0.000000, 3.663173
GDTDQASNILASFGLSAR, Yes, 0.79189, 0.886229, 0.046725, 0.196340,  2,   911.95012,  39, 63741440.000000, 8.000000, -0.220429, 0.637206, 0.000000, 5.166189
GYPHLcSIcDLPVHSNK, Yes, 0.00000, -2.000000, 0.272765, 0.094872,  3,   666.31711,  28, 105060448.000000, 9.000000, -0.323806, 0.052321, 0.000000, 8.972460
VIHLSNLPHSGYSDSAVLK, Yes, 0.42258, 0.819990, 0.049004, 0.117462,  4,   510.02455,  33, 54297488.000000, 6.000000, -0.065692, 0.230239, 0.000000, 2.641664
DLSAAGIGLLAAATQSLSMPASLGR, Yes, 0.38644, 0.920000, 0.037947, 0.227268,  3,   791.09316,  57, 7853492.000000, 9.000000, 0.324077, 0.111251, 0.129891, 0.642980
DLSAAGIGLLAAATQSLSMPASLGR, Yes, 0.43516, 0.838400, 0.049187, 0.140340,  2,  1186.13611,  57, 1539309.000000, 9.000000, 0.072931, 0.136303, 0.120840, 0.749471
YQLLQLVEPFGVISNHLILNK, Yes, 0.85515, 0.960575, 0.016240, 0.084410,  3,   813.46504,  33, 42326476.000000, 9.000000, 0.684849, 0.277614, 0.214970, 1.495327
YQLLQLVEPFGVISNHLILNK, Yes, 0.43309, 0.959035, 0.024902, 0.274012,  2,  1219.69392,  33, 3437163.500000, 7.000000, 0.717069, 0.115483, 0.150518, 0.715672
TEEGPTLSYGR, Yes, 1.48792, 0.883926, 0.090938, 0.759246,  2,   605.29094,  22, 19539506.000000, 9.000000, 0.632032, 1.127612, 0.209993, 2.765839


MeanRateConst/CorrCutOff, 0.579443, 0.900000


MedianRateConst/RMSSCutOff, 0.643095, 0.050000
StandDev/NumberPeptides, 0.125292, 4
TotalIonCurrent, 1.30788e+10
