Peptides, PeptideUnique, RateConstants, Correlations, RootMeanRSS, AbsoluteIsotopeError, Charge, m/z(Sequence), NEH, Abundance, NDP, Rsquared,sigma,CI lower band, CI upper band
LTLPFLLLQGSADR, Yes, 1.18927, 0.940382, 0.038072, 0.050369,  2,   772.44576,  24, 85596296.000000, 8.000000, 0.852663, 0.431097, 0.169883, 2.208649
ALIFVSHGAGEHcGR, Yes, 0.53460, 0.806181, 0.048965, 0.293516,  3,   537.60006,  34, 30488724.000000, 7.000000, 0.405436, 0.173068, 0.111117, 0.958083
NKSEVDLYNSDPLVcR, Yes, 0.11516, 0.637565, 0.062914, 0.068804,  2,   954.95963,  27, 21517946.000000, 7.000000, -1.295047, 0.068383, 0.000000, 3.457367
ELPEVTNSVLHEVNSWVSHR, Yes, 0.80713, 0.972301, 0.016439, 0.117555,  4,   583.79746,  38, 48938204.000000, 7.000000, 0.945158, 0.127061, 0.496227, 1.118042
DVLQHVDTIQK, Yes, 0.80343, 0.867258, 0.095912, 0.283445,  2,   648.35134,  18, 21596256.000000, 6.000000, 0.398041, 0.612221, 0.000000, 4.743128


MeanRateConst/CorrCutOff, 0.998200, 0.900000


MedianRateConst/RMSSCutOff, 1.189266, 0.050000
StandDev/NumberPeptides, 0.196273, 2
TotalIonCurrent, 6.91839e+09
