Peptides, PeptideUnique, RateConstants, Correlations, RootMeanRSS, AbsoluteIsotopeError, Charge, m/z(Sequence), NEH, Abundance, NDP, Rsquared,sigma,CI lower band, CI upper band
FAEVYFAQSQQK, Yes, 0.16153, 0.947612, 0.036541, 0.077180,  2,   723.35661,  28, 306623744.000000, 8.000000, 0.761636, 0.033035, 0.083415, 0.239644
VcALYILAGTVDDVPK, Yes, 0.12950, 0.977727, 0.018093, 0.052066,  3,   578.64293,  23, 12759631.000000, 5.000000, 0.687121, 0.037184, 0.026258, 0.232738
VcALYILAGTVDDVPK, Yes, 0.13788, 0.856095, 0.062045, 0.409667,  2,   867.46076,  23, 42429828.000000, 9.000000, -0.350415, 0.054136, 0.013040, 0.262715
VGHSTAHDEIIPMSIR, Yes, 0.01077, 0.875446, 0.011527, 0.233917,  2,   881.94887,  33, 24726720.000000, 9.000000, 0.306807, 0.005279, 0.000000, 4.171420
KEEEEEEEEYDEGSNLKR, Yes, 0.10681, 0.948960, 0.024871, 0.107176,  3,   747.99248,  49, 51528372.000000, 9.000000, 0.688263, 0.018519, 0.064107, 0.149515
KEEEEEEEEYDEGSNLKR, Yes, 0.10726, 0.878972, 0.034724, 0.043967,  2,  1121.48508,  49, 6340734.000000, 9.000000, 0.545450, 0.024538, 0.050676, 0.163845
KEEEEEEEEYDEGSNLK, Yes, 0.07233, 0.896904, 0.033735, 0.350917,  2,  1043.43453,  46, 4605217.500000, 9.000000, 0.628969, 0.013151, 0.042006, 0.102660
EEEEEEEEYDEGSNLKR, Yes, 0.10810, 0.873378, 0.037215, 0.265993,  3,   705.29416,  48, 6328521.000000, 9.000000, 0.783853, 0.018251, 0.066011, 0.150185
KEEEEEEEEYDEGSNLKR, Yes, 0.09811, 0.958366, 0.020440, 0.053497,  4,   561.24618,  49, 92067384.000000, 9.000000, 0.921659, 0.010874, 0.073035, 0.123187
STPEDQILYQTER, Yes, 0.14423, 0.976522, 0.020799, 0.101756,  2,   790.38355,  28, 175101344.000000, 9.000000, 0.820196, 0.019935, 0.098259, 0.190198
KEEEEEEEEYDEGSNLK, Yes, 0.02860, 0.421164, 0.067975, 0.082633,  3,   695.95878,  46, 15680648.000000, 9.000000, 0.125973, 0.011728, 0.001553, 0.055644
EEEEEEEEYDEGSNLKR, Yes, 0.02105, 0.957630, 0.030219, 0.290096,  2,  1057.43760,  48, 2556313.500000, 6.000000, 0.402535, 0.012297, 0.000000, 4.117137


MeanRateConst/CorrCutOff, 0.128036, 0.900000


MedianRateConst/RMSSCutOff, 0.129498, 0.050000
StandDev/NumberPeptides, 0.019740, 5
TotalIonCurrent, 3.43152e+10
