Peptides, PeptideUnique, RateConstants, Correlations, RootMeanRSS, AbsoluteIsotopeError, Charge, m/z(Sequence), NEH, Abundance, NDP, Rsquared,sigma,CI lower band, CI upper band
ADLLTTEEILTLAR, Yes, 0.17326, 0.854417, 0.059073, 0.177563,  2,   779.93796,  25, 6110166.500000, 7.000000, 0.284125, 0.076500, 0.000000, 1.954671
KGDALVVAQLAGVQAAK, Yes, 0.14972, 0.973290, 0.020285, 0.084749,  3,   546.98942,  37, 40357032.000000, 6.000000, 0.943571, 0.017216, 0.105467, 0.193978
KGDALVVAQLAGVQAAK, Yes, 0.15672, 0.941278, 0.039983, 0.117626,  2,   819.98050,  37, 38698448.000000, 6.000000, 0.054793, 0.063711, 0.000000, 3.665711


MeanRateConst/CorrCutOff, 0.159903, 0.900000


MedianRateConst/RMSSCutOff, 0.156723, 0.050000
StandDev/NumberPeptides, 0.034541, 2
TotalIonCurrent, 1.99685e+09
