Peptides, PeptideUnique, RateConstants, Correlations, RootMeanRSS, AbsoluteIsotopeError, Charge, m/z(Sequence), NEH, Abundance, NDP, Rsquared,sigma,CI lower band, CI upper band
DYLMSTHFWGPVANWGLPIAAINDMK, Yes, 0.18133, 0.817118, 0.023357, 0.059345,  3,   983.14717,  41, 96776008.000000, 9.000000, -0.094790, 0.047717, 0.071296, 0.291366
DYLMSTHFWGPVANWGLPIAAINDmK, Yes, 0.07348, 0.749713, 0.018102, 0.062588,  3,   988.47881,  41, 51622432.000000, 9.000000, 0.131091, 0.021514, 0.023866, 0.123091
DYLmSTHFWGPVANWGLPIAAINDmK, Yes, 0.82890, 0.879665, 0.018856, 0.081911,  3,   993.81045,  41, 25057460.000000, 8.000000, 0.721820, 0.269859, 0.190790, 1.467018
NWLLFAcHVTNEVAQLIQGGR, Yes, 0.01616, 0.490154, 0.075354, 0.357203,  3,   809.41810,  40, 26461494.000000, 9.000000, 0.243660, 0.013792, 0.000000, 3.867150
NWLLFAcHVTNEVAQLIQGGR, Yes, 0.03090, 0.933415, 0.017605, 0.118703,  2,  1213.62352,  40, 3231266.000000, 5.000000, 0.954415, 0.003377, 0.021527, 0.040281


MeanRateConst/CorrCutOff, 0.030904, 0.900000


MedianRateConst/RMSSCutOff, 0.030904, 0.050000
StandDev/NumberPeptides, 0.003377, 1
TotalIonCurrent, 1.94021e+10
