Peptides, PeptideUnique, RateConstants, Correlations, RootMeanRSS, AbsoluteIsotopeError, Charge, m/z(Sequence), NEH, Abundance, NDP, Rsquared,sigma,CI lower band, CI upper band
LMDKVELLLPK, Yes, 0.37090, 0.975632, 0.016517, 0.031035,  3,   433.59658,  13, 782488832.000000, 9.000000, 0.942276, 0.044799, 0.267597, 0.474210
LMDKVELLLPK, Yes, 0.37064, 0.973519, 0.018165, 0.084375,  2,   649.89123,  13, 453020736.000000, 8.000000, 0.931784, 0.050208, 0.251922, 0.489367
KLRPLYNHPAGPR, Yes, 0.18280, 0.941460, 0.037124, 0.131061,  3,   506.95990,  27, 37481380.000000, 6.000000, 0.451617, 0.087108, 0.000000, 1.777751
LRPLYNHPAGPR, Yes, 0.15722, 0.955670, 0.028966, 0.055967,  3,   464.26158,  27, 187870560.000000, 9.000000, 0.900768, 0.018096, 0.115490, 0.198950
VELLLPK, Yes, 0.29069, 0.976524, 0.022739, 0.075423,  2,   406.26801,  9, 213631664.000000, 8.000000, 0.826202, 0.052966, 0.165449, 0.415937


MeanRateConst/CorrCutOff, 0.274452, 0.900000


MedianRateConst/RMSSCutOff, 0.290693, 0.050000
StandDev/NumberPeptides, 0.039105, 5
TotalIonCurrent, 6.1399e+10
