Peptides, PeptideUnique, RateConstants, Correlations, RootMeanRSS, AbsoluteIsotopeError, Charge, m/z(Sequence), NEH, Abundance, NDP, Rsquared,sigma,CI lower band, CI upper band
GLDTVVDLLADVVLHPR, Yes, 0.29799, 0.752784, 0.051718, 0.099461,  3,   611.34740,  25, 14982780.000000, 9.000000, -0.222496, 0.099970, 0.067458, 0.528520
KYLVGAEPAWGAPGTVDVDR, Yes, 0.22843, 0.605615, 0.082336, 0.460166,  3,   701.02861,  38, 89524280.000000, 9.000000, 0.268865, 0.085192, 0.031974, 0.424882
KYLVGAEPAWGAPGTVDVDR, Yes, 0.02095, -0.237787, 0.065770, 0.290017,  2,  1051.03928,  38, 39566844.000000, 9.000000, -1.527143, 0.013531, 0.000000, 3.198322
GKPAVAALGDLTDLPTYEHIQAALSSR, Yes, 0.22466, 0.984876, 0.007856, 0.066252,  4,   699.37380,  57, 45562436.000000, 7.000000, 0.968352, 0.013880, 0.190703, 0.258627
GLDTVVDLLADVVLHPR, Yes, 0.07401, 0.389497, 0.084952, 0.362004,  2,   916.51746,  25, 2843277.750000, 9.000000, -0.201180, 0.043632, 0.000000, 3.328439
GKPAVAALGDLTDLPTYEHIQAALSSR, Yes, 0.14790, 0.873468, 0.026217, 0.141638,  3,   932.16264,  57, 18035406.000000, 7.000000, -1.214740, 0.071026, 0.000000, 3.103247
YLVGAEPAWGAPGTVDVDR, Yes, 0.24827, 0.948539, 0.029238, 0.361949,  2,   986.99180,  37, 42488452.000000, 8.000000, 0.726805, 0.048126, 0.134469, 0.362068


MeanRateConst/CorrCutOff, 0.236467, 0.900000


MedianRateConst/RMSSCutOff, 0.248268, 0.050000
StandDev/NumberPeptides, 0.021545, 2
TotalIonCurrent, 9.00989e+09
