Peptides, PeptideUnique, RateConstants, Correlations, RootMeanRSS, AbsoluteIsotopeError, Charge, m/z(Sequence), NEH, Abundance, NDP, Rsquared,sigma,CI lower band, CI upper band
FQFPSHVTDVSEEAK, Yes, 0.29531, 0.955090, 0.022565, 0.076202,  3,   574.27742,  30, 14551480.000000, 6.000000, 0.899148, 0.042570, 0.185878, 0.404740
KLQESTQTVQSLHGSTR, Yes, 0.52194, 0.971805, 0.020998, 0.095917,  3,   634.00094,  34, 6162060.000000, 7.000000, 0.941115, 0.071181, 0.347761, 0.696110
SQVVHVAQEAYDSSLPLIK, Yes, 0.00305, 1.000000, 0.037912, 0.281802,  2,  1042.55475,  39, 3269353.000000, 3.000000, -0.196035, 0.053983, 0.000000, 7.018779
SQVVHVAQEAYDSSLPLIK, Yes, 0.00000, -2.000000, 0.215785, 0.211971,  3,   695.37226,  39, 25198426.000000, 7.000000, -0.122140, 0.043373, 0.000000, 7.876799
SMTQSNTLTKDEDVQR, Yes, 0.37070, 0.944582, 0.029610, 0.157070,  3,   618.29503,  29, 7672559.000000, 6.000000, 0.930542, 0.057096, 0.223928, 0.517468


MeanRateConst/CorrCutOff, 0.395981, 0.900000


MedianRateConst/RMSSCutOff, 0.370698, 0.050000
StandDev/NumberPeptides, 0.054492, 3
TotalIonCurrent, 1.2238e+09
