Peptides, PeptideUnique, RateConstants, Correlations, RootMeanRSS, AbsoluteIsotopeError, Charge, m/z(Sequence), NEH, Abundance, NDP, Rsquared,sigma,CI lower band, CI upper band
EPDLSLDIK, Yes, 15.98728, 0.787025, 0.120751, 0.089949,  2,   515.27676,  15, 140312848.000000, 8.000000, 0.275152, 5329885.500000, 12.792538, 19.182026
ENIIDLTNVNR, Yes, 13.98165, 0.977830, 0.044012, 0.030462,  2,   650.84640,  18, 608331904.000000, 9.000000, 0.808607, 202619.375000, 12.705886, 15.257407
AGIYYMNYDGFNTFSILK, Yes, 14.37886, 0.759223, 0.046083, 0.040639,  2,  1059.00605,  22, 35156216.000000, 9.000000, 0.234503, 962192.125000, 11.677901, 17.079824
TFQLMELYGREPDLSLDIK, Yes, 0.32742, 0.914131, 0.026635, 0.103458,  2,  1134.58265,  32, 21498014.000000, 8.000000, 0.626791, 0.084938, 0.126576, 0.528270
TFQLMELYGR, Yes, 14.38565, 0.520945, 0.105519, 0.416549,  2,   629.31844,  16, 130171384.000000, 9.000000, 0.195162, 1085975.250000, 11.383479, 17.387810


MeanRateConst/CorrCutOff, 7.154535, 0.900000


MedianRateConst/RMSSCutOff, 13.981647, 0.050000
StandDev/NumberPeptides, 0.169877, 2
TotalIonCurrent, 5.39169e+10
