Peptides, PeptideUnique, RateConstants, Correlations, RootMeanRSS, AbsoluteIsotopeError, Charge, m/z(Sequence), NEH, Abundance, NDP, Rsquared,sigma,CI lower band, CI upper band
ALGQNPTNAEVLK, Yes, 1.04218, 0.933927, 0.036749, 0.029864,  2,   677.86988,  26, 357993696.000000, 9.000000, 0.731831, 0.392742, 0.136513, 1.947844
DQGTYEDYVEGLR, Yes, 1.53015, 0.913254, 0.033998, 0.187227,  2,   772.84681,  25, 139779200.000000, 8.000000, 0.870555, 0.544137, 0.243473, 2.816834
VFDKEGNGTVMGAEIR, Yes, 0.45203, 0.957349, 0.037498, 0.260496,  2,   861.92761,  29, 7050177.500000, 7.000000, 0.279666, 0.218697, 0.000000, 2.500962
NKDQGTYEDYVEGLR, Yes, 0.54637, 0.961122, 0.025384, 0.107045,  2,   893.91575,  27, 49053588.000000, 9.000000, 0.942163, 0.073734, 0.376343, 0.716406
VLDFEHFLPMLQTVAK, Yes, 0.79078, 0.918952, 0.036866, 0.579071,  2,   944.50550,  24, 37173432.000000, 9.000000, 0.508340, 0.491649, 0.000000, 4.273498
VLDFEHFLPMLQTVAK, Yes, 1.02689, 0.977127, 0.015991, 0.071806,  3,   630.00609,  24, 105431840.000000, 9.000000, 0.943040, 0.185264, 0.599667, 1.454106
ILYSQcGDVMR, Yes, 0.37406, 0.956033, 0.024257, 0.070954,  2,   671.31812,  19, 107526064.000000, 9.000000, 0.865302, 0.062046, 0.230986, 0.517141
VFDKEGNGTVMGAEIR, Yes, 0.46982, 0.900197, 0.037984, 0.226687,  3,   574.95417,  29, 17950726.000000, 8.000000, 0.765597, 0.081602, 0.276858, 0.662775
EAFQLFDR, Yes, 0.30167, 0.866047, 0.050933, 0.488681,  2,   513.25617,  18, 77065960.000000, 9.000000, 0.776799, 0.061323, 0.160257, 0.443077


MeanRateConst/CorrCutOff, 0.671733, 0.900000


MedianRateConst/RMSSCutOff, 0.546374, 0.050000
StandDev/NumberPeptides, 0.123928, 7
TotalIonCurrent, 4.57885e+10
