Peptides, PeptideUnique, RateConstants, Correlations, RootMeanRSS, AbsoluteIsotopeError, Charge, m/z(Sequence), NEH, Abundance, NDP, Rsquared,sigma,CI lower band, CI upper band
LGIYEDMGK, Yes, 0.16916, 0.718344, 0.072989, 0.082614,  2,   513.25223,  13, 109795784.000000, 9.000000, 0.500664, 0.086503, 0.000000, 2.784820
INQDPLGIQGR, Yes, 0.13905, 0.907796, 0.038891, 0.081741,  2,   605.83056,  24, 384326368.000000, 8.000000, 0.628351, 0.034649, 0.057115, 0.220980
SVLSILDWFVR, Yes, 0.05890, 0.846913, 0.028320, 0.113946,  2,   667.87699,  14, 19687092.000000, 9.000000, 0.608950, 0.015358, 0.023481, 0.094313
TISPQNMDILQNPLMIK, Yes, 0.06683, 0.976188, 0.018713, 0.084226,  2,   978.51826,  28, 94498368.000000, 9.000000, 0.723660, 0.018803, 0.023469, 0.110190
RFPHGIAFLADYAHSLGLK, Yes, 0.30306, 0.896841, 0.036786, 0.312386,  4,   529.03899,  36, 51643464.000000, 9.000000, 0.472505, 0.074055, 0.132286, 0.473828
AQMALWTVLAAPLLMSTDLR, Yes, 0.02829, 0.676522, 0.051723, 0.615805,  2,  1101.09467,  36, 3584608.750000, 9.000000, 0.236730, 0.020463, 0.000000, 4.327221
AQMALWTVLAAPLLMSTDLR, Yes, 0.00000, -2.000000, 0.103913, 0.172571,  3,   734.39887,  36, 3700282.000000, 8.000000, -0.743074, 0.020126, 0.000000, 5.984251


MeanRateConst/CorrCutOff, 0.102938, 0.900000


MedianRateConst/RMSSCutOff, 0.139048, 0.050000
StandDev/NumberPeptides, 0.024378, 2
TotalIonCurrent, 1.27134e+10
