Peptides, PeptideUnique, RateConstants, Correlations, RootMeanRSS, AbsoluteIsotopeError, Charge, m/z(Sequence), NEH, Abundance, NDP, Rsquared,sigma,CI lower band, CI upper band
GTDTVAGIALIK, Yes, 0.48522, 0.976901, 0.024223, 0.023178,  2,   579.84007,  18, 74501960.000000, 9.000000, 0.941344, 0.065474, 0.334237, 0.636204
WSIENVSFGSGGALLQK, Yes, 0.26166, 0.942417, 0.034780, 0.100328,  2,   896.96505,  31, 27675008.000000, 8.000000, 0.713076, 0.056817, 0.127308, 0.396012
VIQGDGVDINTLQEIVEGMK, Yes, 0.63783, 0.971419, 0.017706, 0.038872,  2,  1079.55665,  34, 27238550.000000, 9.000000, 0.941229, 0.090542, 0.429035, 0.846617
DPVPGYSVPAAEHSTITAWGK, Yes, 0.45359, 0.939847, 0.028571, 0.210608,  2,  1092.04202,  41, 11015563.000000, 7.000000, 0.741920, 0.114876, 0.172503, 0.734684
STEAPLIIRPDSGNPLDTVLK, Yes, 0.34078, 0.992777, 0.008958, 0.147532,  2,  1118.61280,  37, 46325676.000000, 7.000000, 0.984539, 0.020556, 0.290479, 0.391074
TPAGNFVTLEEGKGDLEEYGHDLLHTVFK, Yes, 0.72451, 0.954197, 0.015152, 0.318640,  4,   804.90165,  48, 50234840.000000, 5.000000, 0.877458, 0.201620, 0.164721, 1.284295
NAQLNIEQDVAPH, Yes, 3.28971, 1.000000, 0.076874, 0.389646,  2,   724.86004,  33, 279129632.000000, 2.000000, 0.878656, 909619.562500, 0.000000, 7.491165
TPAGNFVTLEEGKGDLEEYGHDLLHTVFK, Yes, 0.41339, 0.981970, 0.008012, 0.163172,  5,   644.12278,  48, 59237516.000000, 8.000000, 0.958197, 0.036919, 0.326096, 0.500694


MeanRateConst/CorrCutOff, 0.390929, 0.900000


MedianRateConst/RMSSCutOff, 0.413395, 0.050000
StandDev/NumberPeptides, 0.042621, 5
TotalIonCurrent, 3.28892e+10
