Peptides, PeptideUnique, RateConstants, Correlations, RootMeanRSS, AbsoluteIsotopeError, Charge, m/z(Sequence), NEH, Abundance, NDP, Rsquared,sigma,CI lower band, CI upper band
AMAAVPQDVVR, Yes, 0.22044, 0.968366, 0.027748, 0.083546,  2,   578.81079,  26, 376458304.000000, 8.000000, 0.888664, 0.038064, 0.130432, 0.310448
DGTFLSTLEHFLSR, Yes, 0.12670, 0.963092, 0.020283, 0.065558,  3,   541.61062,  22, 11186443.000000, 9.000000, 0.874585, 0.017988, 0.085217, 0.168176
MQQYDLQGQPYGTR, Yes, 0.06822, 0.980090, 0.016954, 0.063128,  2,   842.89103,  30, 111152232.000000, 8.000000, 0.557764, 0.020104, 0.020685, 0.115762
ELETVAAHQFPDVSFSMVHK, Yes, 0.00000, -2.000000, 0.083300, 0.052037,  3,   758.04041,  40, 25054412.000000, 8.000000, -0.002720, 0.026007, 0.000000, 4.888201
AAQLLDKDGTFLSTLEHFLSR, Yes, 0.00000, -2.000000, 0.081825, 0.180705,  3,   788.08489,  37, 19920046.000000, 9.000000, -0.353571, 0.010209, 0.000000, 4.920471
AAQLLDKDGTFLSTLEHFLSR, Yes, 0.02523, 0.666909, 0.037886, 0.199621,  4,   591.31549,  37, 21794110.000000, 7.000000, 0.329207, 0.018670, 0.000000, 4.158145
INLADDVLAWEHER, Yes, 0.16160, 0.910369, 0.034237, 0.115799,  3,   560.94951,  30, 64254732.000000, 9.000000, 0.771915, 0.036876, 0.076568, 0.246641
LLDFSYEHYQK, Yes, 0.15959, 0.908842, 0.032574, 0.202167,  2,   721.85116,  18, 15906434.000000, 8.000000, 0.614304, 0.038669, 0.068155, 0.251028
ELETVAAHQFPDVSFSMVHK, Yes, 0.03398, 0.718782, 0.065312, 0.510069,  4,   568.78213,  40, 67760008.000000, 9.000000, -0.468130, 0.027575, 0.000000, 4.628511


MeanRateConst/CorrCutOff, 0.167083, 0.900000


MedianRateConst/RMSSCutOff, 0.159592, 0.050000
StandDev/NumberPeptides, 0.029664, 4
TotalIonCurrent, 2.4154e+10
