Peptides, PeptideUnique, RateConstants, Correlations, RootMeanRSS, AbsoluteIsotopeError, Charge, m/z(Sequence), NEH, Abundance, NDP, Rsquared,sigma,CI lower band, CI upper band
VGADLTHVFcAR, Yes, 0.30465, 0.967743, 0.034056, 0.149871,  3,   449.22757,  22, 61751956.000000, 8.000000, 0.900607, 0.052770, 0.179868, 0.429431
AILTPNHVEFSR, Yes, 0.24361, 0.967860, 0.025402, 0.120902,  2,   692.37259,  24, 17124262.000000, 8.000000, 0.891731, 0.034610, 0.161776, 0.325453
STTTTDMITEVGTAFSR, Yes, 0.42160, 0.984276, 0.013039, 0.077739,  2,   909.43294,  24, 196356960.000000, 9.000000, 0.973108, 0.031341, 0.349329, 0.493874
GEQDLISNGQQVLVcNQEGSSR, Yes, 0.06472, 0.914025, 0.022286, 0.626660,  2,  1209.56933,  51, 4132743.000000, 7.000000, 0.648978, 0.018751, 0.018842, 0.110605
LSQALGNITVVQK, Yes, 0.16094, 0.831165, 0.061903, 0.136921,  2,   685.90373,  22, 1110751744.000000, 9.000000, 0.137307, 0.077021, 0.000000, 3.058196
LHALVVGPGLGRDDLLLNNVR, Yes, 0.27420, 0.968904, 0.018268, 0.068755,  4,   561.07611,  35, 86801256.000000, 8.000000, 0.911431, 0.038423, 0.183342, 0.365053
SYSPELIVHPVLDSSNAVEEVEK, Yes, 0.22885, 0.965388, 0.017386, 0.040011,  2,  1271.13957,  47, 51918024.000000, 7.000000, 0.810127, 0.034063, 0.145498, 0.312196
DMENLFQLVR, Yes, 0.12444, 0.813663, 0.042684, 0.115741,  2,   632.82135,  18, 10821872.000000, 9.000000, 0.660578, 0.030868, 0.053260, 0.195622


MeanRateConst/CorrCutOff, 0.262827, 0.900000


MedianRateConst/RMSSCutOff, 0.274198, 0.050000
StandDev/NumberPeptides, 0.038749, 4
TotalIonCurrent, 2.56788e+10
