Peptides, PeptideUnique, RateConstants, Correlations, RootMeanRSS, AbsoluteIsotopeError, Charge, m/z(Sequence), NEH, Abundance, NDP, Rsquared,sigma,CI lower band, CI upper band
LIAHAGSLTNLAK, Yes, 0.25548, 0.775876, 0.071212, 0.003824,  3,   436.92598,  24, 62682268.000000, 9.000000, 0.745259, 0.051935, 0.135715, 0.375240
LIAHAGSLTNLAK, Yes, 0.18459, 0.916309, 0.035487, 0.042541,  2,   654.88533,  24, 26820350.000000, 8.000000, 0.767028, 0.034673, 0.102600, 0.266575
YPASTVQILGAEK, Yes, 0.12585, 0.919477, 0.041375, 0.083938,  2,   688.87463,  26, 108703504.000000, 9.000000, 0.748204, 0.026195, 0.065445, 0.186257
EAVVQAEEAAAEITR, Yes, 2.69421, 0.996912, 0.011997, 0.817738,  2,   793.90464,  45, 76100504.000000, 8.000000, 0.986864, 0.572883, 1.339552, 4.048860
IDcFSEVPTSVFGEK, Yes, 0.25033, 0.970577, 0.020267, 0.099022,  2,   857.90328,  24, 70603864.000000, 9.000000, 0.843301, 0.040871, 0.156076, 0.344575
MSQVAPSLSALIGEAVGAR, Yes, 1.23290, 0.981945, 0.031602, 0.244039,  2,   928.99856,  46, 57479184.000000, 7.000000, 0.865011, 0.439438, 0.157631, 2.308163
MSQVAPSLSALIGEAVGAR, Yes, 1.32300, 0.909422, 0.041514, 0.098037,  3,   619.66813,  46, 22032480.000000, 8.000000, 0.670931, 0.643406, 0.249124, 2.396866
LAALALASSENSSTPEEcEEVNEK, Yes, 0.10686, 1.000000, 0.002638, 0.282916,  2,  1289.59485,  61, 3493602.750000, 2.000000, 0.965790, 0.016970, 0.000000, 5.582610
LVAFcPFSSSQVALENANAVSEGVVHEDLR, Yes, 0.00000, -2.000000, 0.073614, 0.130227,  3,  1082.53470,  65, 30926844.000000, 9.000000, -0.040431, 0.016455, 0.000000, 4.991271
LSFYETGEIPR, Yes, 0.16057, 0.619443, 0.070816, 0.265617,  2,   656.33260,  21, 67207872.000000, 9.000000, -1.008326, 0.097685, 0.000000, 3.284128


MeanRateConst/CorrCutOff, 0.623331, 0.900000


MedianRateConst/RMSSCutOff, 0.250326, 0.050000
StandDev/NumberPeptides, 0.052459, 5
TotalIonCurrent, 3.0065e+10
