Peptides, PeptideUnique, RateConstants, Correlations, RootMeanRSS, AbsoluteIsotopeError, Charge, m/z(Sequence), NEH, Abundance, NDP, Rsquared,sigma,CI lower band, CI upper band
FLIPNLAFIDK, Yes, 0.18494, 0.980218, 0.013106, 0.049373,  2,   645.87645,  14, 81054184.000000, 9.000000, 0.945388, 0.018907, 0.141342, 0.228542
VHVLWWNESADSR, Yes, 0.23949, 0.712324, 0.082919, 0.083260,  2,   799.88914,  25, 66635328.000000, 7.000000, -0.003347, 0.108692, 0.000000, 1.007186
VHVLWWNESADSR, Yes, 0.16486, 0.936981, 0.069372, 0.019114,  3,   533.59519,  25, 104209480.000000, 6.000000, -0.961759, 0.137663, 0.000000, 1.250299
EGVYELATFQMKPGGPALWGNAFK, Yes, 0.05536, 0.715270, 0.030739, 0.268785,  2,  1306.15431,  44, 23096100.000000, 8.000000, 0.317199, 0.026079, 0.000000, 3.702169
ESVSYLESQQNTFLIPTSFSPLK, Yes, 0.11471, 0.977362, 0.012716, 0.058824,  2,  1308.16559,  41, 78549400.000000, 9.000000, 0.908276, 0.011776, 0.087553, 0.141862
ESVSYLESQQNTFLIPTSFSPLK, Yes, 0.07070, 0.941752, 0.021996, 0.071596,  3,   872.44615,  41, 78298712.000000, 9.000000, -0.136546, 0.022572, 0.018649, 0.122752
TNEFLENFK, Yes, 0.28807, 0.795753, 0.114940, 0.177099,  2,   571.27984,  13, 266699120.000000, 7.000000, 0.716703, 0.147873, 0.000000, 2.189938
EGVYELATFQMKPGGPALWGNAFK, Yes, 0.13086, 0.787319, 0.030334, 0.096917,  3,   871.10530,  44, 76709208.000000, 9.000000, 0.390446, 0.028576, 0.064965, 0.196758
QEVEITYLVPWcK, Yes, 0.25396, 0.804675, 0.038273, 0.608327,  2,   832.92126,  20, 12434835.000000, 8.000000, 0.168223, 0.072083, 0.083507, 0.424406


MeanRateConst/CorrCutOff, 0.123450, 0.900000


MedianRateConst/RMSSCutOff, 0.114707, 0.050000
StandDev/NumberPeptides, 0.016473, 3
TotalIonCurrent, 4.31772e+10
