Peptides, PeptideUnique, RateConstants, Correlations, RootMeanRSS, AbsoluteIsotopeError, Charge, m/z(Sequence), NEH, Abundance, NDP, Rsquared,sigma,CI lower band, CI upper band
GPNIVGPYGILQPFADAMK, Yes, 0.00000, -2.000000, 0.170836, 0.126751,  3,   663.34851,  35, 11847766.000000, 9.000000, -0.004884, 0.025298, 0.000000, 5.425214
KGPNIVGPYGILQPFADAMK, Yes, 0.07586, 0.931469, 0.031374, 0.201158,  2,  1058.56661,  35, 33945872.000000, 9.000000, 0.546922, 0.027787, 0.011780, 0.139934
KGPNIVGPYGILQPFADAMK, Yes, 0.19324, 0.959352, 0.017965, 0.205571,  3,   706.04683,  35, 107285712.000000, 9.000000, 0.908387, 0.022971, 0.140268, 0.246212
GPNIVGPYGILQPFADAMK, Yes, 0.13305, 0.968819, 0.016719, 0.078698,  2,   994.51913,  35, 64343856.000000, 9.000000, 0.960364, 0.011133, 0.107374, 0.158718


MeanRateConst/CorrCutOff, 0.134048, 0.900000


MedianRateConst/RMSSCutOff, 0.133046, 0.050000
StandDev/NumberPeptides, 0.017715, 3
TotalIonCurrent, 1.33143e+10
