Peptides, PeptideUnique, RateConstants, Correlations, RootMeanRSS, AbsoluteIsotopeError, Charge, m/z(Sequence), NEH, Abundance, NDP, Rsquared,sigma,CI lower band, CI upper band
LWDVTEDEVSER, Yes, 0.20078, 0.891976, 0.041052, 0.169573,  2,   739.34390,  23, 16865934.000000, 6.000000, 0.750139, 0.060017, 0.046506, 0.355061
LDNLDEEWATEHASQVSR, Yes, 0.27977, 0.930698, 0.032924, 0.202250,  3,   700.65913,  43, 8951477.000000, 5.000000, 0.607395, 0.124381, 0.000000, 3.073481
AKLDNLDEEWATEHASQVSR, Yes, 0.41636, 0.988270, 0.012163, 0.104302,  3,   767.03648,  47, 53481824.000000, 5.000000, 0.975683, 0.038693, 0.308933, 0.523791


MeanRateConst/CorrCutOff, 0.298970, 0.900000


MedianRateConst/RMSSCutOff, 0.279765, 0.050000
StandDev/NumberPeptides, 0.059352, 2
TotalIonCurrent, 1.88851e+09
