Peptides, PeptideUnique, RateConstants, Correlations, RootMeanRSS, AbsoluteIsotopeError, Charge, m/z(Sequence), NEH, Abundance, NDP, Rsquared,sigma,CI lower band, CI upper band
ITMPVIFNEPLSFLQR, Yes, 0.03012, 0.671711, 0.025436, 0.076029,  2,   953.01877,  26, 31001594.000000, 6.000000, -0.057348, 0.019228, 0.000000, 3.515906
ITMPVIFNEPLSFLQR, Yes, 0.41632, 0.917759, 0.031379, 0.050273,  3,   635.68160,  26, 10618859.000000, 6.000000, 0.226281, 0.249617, 0.000000, 2.551479
TGKPFNPLLGETYELVR, Yes, 0.48680, 0.989664, 0.012517, 0.211840,  2,   967.52273,  26, 11231431.000000, 5.000000, -0.511240, 0.540446, 0.000000, 3.695457


MeanRateConst/CorrCutOff, 0.311080, 0.900000


MedianRateConst/RMSSCutOff, 0.416322, 0.050000
StandDev/NumberPeptides, 0.051847, 2
TotalIonCurrent, 1.17017e+09
