Peptides, PeptideUnique, RateConstants, Correlations, RootMeanRSS, AbsoluteIsotopeError, Charge, m/z(Sequence), NEH, Abundance, NDP, Rsquared,sigma,CI lower band, CI upper band
IPSQFSEEER, Yes, 0.57187, 0.947057, 0.043096, 0.076562,  2,   611.29093,  28, 96337176.000000, 8.000000, 0.406692, 0.275824, 0.000000, 2.219201
TTTALTMFNAGIK, Yes, 0.17511, 0.520333, 0.142188, 0.198262,  2,   684.86322,  16, 216993120.000000, 6.000000, -0.275362, 0.197952, 0.000000, 2.368572
LEQTPMPNMFGGGPLK, Yes, 0.03417, 0.594273, 0.055890, 0.073718,  2,   858.92602,  28, 121427256.000000, 9.000000, -0.350420, 0.018815, 0.000000, 3.964439
LLANEFSFPINIVLR, Yes, 0.40478, 0.991973, 0.009081, 0.059875,  2,   873.50106,  25, 57471608.000000, 9.000000, 0.979537, 0.026716, 0.343173, 0.466385
FNPLPLNPQDFSGVHGINEK, Yes, 0.38460, 0.967361, 0.018070, 0.045962,  3,   741.71128,  36, 111326216.000000, 8.000000, -0.071324, 0.214150, 0.000000, 2.650567
FNPLPLNPQDFSGVHGINEK, Yes, 0.21967, 0.882493, 0.034692, 0.198151,  2,  1112.06328,  36, 13897976.000000, 9.000000, 0.455884, 0.073437, 0.050324, 0.389017
LEQTPMPNMFGGGPLKK, Yes, 0.32510, 0.959552, 0.026744, 0.430162,  3,   615.65143,  28, 163682368.000000, 7.000000, 0.868252, 0.070746, 0.151994, 0.498214
SVFPEVDIVVPGIcIANTDTR, Yes, 0.16348, 0.817507, 0.032544, 0.086682,  2,  1151.59103,  34, 29322534.000000, 9.000000, 0.441273, 0.038996, 0.073554, 0.253402
VSVQNYQNQVK, Yes, 0.36699, 0.962079, 0.032082, 0.073127,  2,   653.84113,  20, 68940104.000000, 8.000000, 0.855339, 0.061723, 0.221035, 0.512937


MeanRateConst/CorrCutOff, 0.370368, 0.900000


MedianRateConst/RMSSCutOff, 0.384602, 0.050000
StandDev/NumberPeptides, 0.055220, 4
TotalIonCurrent, 2.84575e+10
