Peptides, PeptideUnique, RateConstants, Correlations, RootMeanRSS, AbsoluteIsotopeError, Charge, m/z(Sequence), NEH, Abundance, NDP, Rsquared,sigma,CI lower band, CI upper band
FQTVESVNLMK, Yes, 1.84330, 0.976585, 0.019927, 0.094403,  2,   648.33684,  16, 44596888.000000, 8.000000, 0.871815, 0.798855, 1.064990, 2.621611
GTLDPYESQEVMVR, Yes, 0.20192, 0.781187, 0.054863, 0.088352,  2,   812.38778,  27, 82092432.000000, 9.000000, 0.280668, 0.065697, 0.050422, 0.353418
ESGYPLIILSHGLGGFR, Yes, 0.38305, 0.957206, 0.020645, 0.042379,  3,   605.99658,  30, 38267328.000000, 9.000000, 0.880638, 0.055585, 0.254869, 0.511228
DQSAAATYFcKPTSQESSPAESLEEEWLPFR, Yes, 0.00000, -2.000000, 0.111697, 0.203712,  3,  1187.87533,  74, 6189133.000000, 7.000000, -0.233491, 0.102020, 0.000000, 7.622933
AILAFLQK, Yes, 0.26530, 0.876476, 0.062653, 0.351907,  2,   452.28673,  15, 19948376.000000, 6.000000, 0.511275, 0.103451, 0.000000, 1.811834
TVVNVFPGGLDLMTLK, Yes, 0.53597, 0.910116, 0.031223, 0.250224,  2,   852.47368,  16, 883378240.000000, 9.000000, 0.688788, 0.218812, 0.031389, 1.040551
SQTDFAFVTGNLIAK, Yes, 0.03782, 0.267822, 0.060390, 0.536078,  2,   806.42249,  24, 20613852.000000, 8.000000, -0.681268, 0.023614, 0.000000, 2.468594


MeanRateConst/CorrCutOff, 0.920773, 0.900000


MedianRateConst/RMSSCutOff, 0.535970, 0.050000
StandDev/NumberPeptides, 0.125985, 3
TotalIonCurrent, 1.00966e+10
