Peptides, PeptideUnique, RateConstants, Correlations, RootMeanRSS, AbsoluteIsotopeError, Charge, m/z(Sequence), NEH, Abundance, NDP, Rsquared,sigma,CI lower band, CI upper band
EVVKPVPITSPAVSK, Yes, 0.88856, 0.956157, 0.031170, 0.117785,  2,   775.96125,  25, 13744321.000000, 8.000000, 0.897683, 0.214888, 0.380429, 1.396688
SWHPEEFNcAHcK, Yes, 0.49295, 0.996138, 0.013614, 0.069057,  4,   426.17787,  28, 27242074.000000, 4.000000, 0.966457, 0.055384, 0.316691, 0.669207
SPSWQRPNQAAPSTGR, Yes, 0.10238, 0.432574, 0.088489, 0.283528,  3,   580.62391,  42, 23121338.000000, 9.000000, -0.990717, 0.045697, 0.000000, 2.610205
NTEFYHIPTHSDASK, Yes, 0.18017, 0.847809, 0.050059, 0.248045,  2,   873.90773,  27, 6523619.000000, 9.000000, 0.183064, 0.065870, 0.028273, 0.332066
SSGTGASVGPPQPSDQDTLVQR, Yes, 0.31968, 0.927423, 0.031171, 0.040008,  2,  1092.53002,  49, 58390568.000000, 9.000000, 0.872298, 0.049281, 0.206038, 0.433322
SWHPEEFNcAHcK, Yes, 0.34871, 0.989526, 0.030934, 0.134658,  3,   567.90141,  28, 14552272.000000, 4.000000, 0.931973, 0.085706, 0.075955, 0.621464
AcTGSLNMTLQR, Yes, 0.33954, 0.894616, 0.042979, 0.553919,  2,   676.32647,  22, 21006324.000000, 9.000000, 0.795646, 0.065587, 0.188290, 0.490780
TPMcAHcNQVIR, Yes, 0.29064, 0.864193, 0.036616, 0.034238,  3,   496.22858,  24, 14815861.000000, 9.000000, -0.167918, 0.141636, 0.000000, 2.155752
DFNMPLTISSLK, Yes, 0.02218, 0.319145, 0.150890, 0.639330,  2,   683.35776,  15, 47544524.000000, 9.000000, 0.182758, 0.022319, 0.000000, 4.213761


MeanRateConst/CorrCutOff, 0.512474, 0.900000


MedianRateConst/RMSSCutOff, 0.492949, 0.050000
StandDev/NumberPeptides, 0.073168, 4
TotalIonCurrent, 7.65294e+09
