Peptides, PeptideUnique, RateConstants, Correlations, RootMeanRSS, AbsoluteIsotopeError, Charge, m/z(Sequence), NEH, Abundance, NDP, Rsquared,sigma,CI lower band, CI upper band
SFLAMVVDIVR, Yes, 11.41280, 0.747875, 0.053935, 0.406186,  2,   625.35229,  16, 58944680.000000, 9.000000, 0.655601, 20912.339844, 10.103083, 12.722511
TVSAMQHVLQR, Yes, 0.19347, 0.979758, 0.015137, 0.086831,  2,   635.34025,  23, 164951472.000000, 8.000000, 0.600722, 0.040461, 0.097797, 0.289145
LVYVcDPVMGDK, Yes, 0.41477, 0.838832, 0.039500, 0.165846,  2,   698.33599,  14, 40730348.000000, 9.000000, 0.333716, 0.202850, 0.000000, 2.448173
SQELHELYEGLK, Yes, 0.27998, 0.956949, 0.026147, 0.081998,  2,   723.36716,  26, 219377840.000000, 9.000000, 0.904919, 0.034104, 0.201337, 0.358624
AEAGEGQKPSPAQLELR, Yes, 0.22524, 0.997605, 0.006655, 0.057475,  2,   890.96302,  48, 92161016.000000, 8.000000, 0.994161, 0.006810, 0.209138, 0.241345
AEAGEGQKPSPAQLELR, Yes, 0.21116, 0.987989, 0.052024, 0.026303,  3,   594.31110,  48, 234293328.000000, 8.000000, -0.671625, 0.102736, 0.000000, 2.884007
VNDVNKYDYVLTGYTR, Yes, 0.32167, 0.721421, 0.053179, 0.027649,  2,   960.47852,  17, 160955056.000000, 9.000000, 0.588537, 0.109914, 0.068213, 0.575136
VVPVADIITPNQFEAELLSGR, Yes, 0.23845, 0.997004, 0.005722, 0.050383,  3,   756.74599,  42, 68051168.000000, 9.000000, 0.990746, 0.009777, 0.215904, 0.260994
VVPVADIITPNQFEAELLSGR, Yes, 0.20992, 0.958467, 0.019919, 0.038786,  2,  1134.61535,  42, 66824320.000000, 9.000000, 0.959500, 0.017309, 0.170009, 0.249836
DKVVPVADIITPNQFEAELLSGR, Yes, 0.19731, 0.977914, 0.013363, 0.093514,  3,   837.78662,  44, 42377008.000000, 9.000000, 0.938164, 0.019695, 0.151898, 0.242729
DKVVPVADIITPNQFEAELLSGR, Yes, 0.17722, 0.921892, 0.022707, 0.111297,  2,  1256.17630,  44, 12369311.000000, 8.000000, 0.668809, 0.042491, 0.076749, 0.277698
VLSIQSHVVR, Yes, 0.05432, 0.675848, 0.053439, 0.098339,  2,   569.34057,  18, 78799712.000000, 8.000000, 0.528287, 0.012282, 0.025275, 0.083360
TVSAMQHVLQR, Yes, 0.19262, 0.970222, 0.032027, 0.382050,  3,   423.89592,  23, 95893648.000000, 9.000000, 0.863576, 0.028303, 0.127356, 0.257890
SQELHELYEGLK, Yes, 0.20178, 0.728664, 0.058637, 0.283822,  3,   482.58053,  26, 37277256.000000, 9.000000, 0.102450, 0.061875, 0.059093, 0.344461


MeanRateConst/CorrCutOff, 0.204892, 0.900000


MedianRateConst/RMSSCutOff, 0.197313, 0.050000
StandDev/NumberPeptides, 0.015864, 7
TotalIonCurrent, 6.70848e+10
