Peptides, PeptideUnique, RateConstants, Correlations, RootMeanRSS, AbsoluteIsotopeError, Charge, m/z(Sequence), NEH, Abundance, NDP, Rsquared,sigma,CI lower band, CI upper band
VQELAHELATAK, Yes, 0.49075, 0.941707, 0.048511, 0.105142,  2,   655.35914,  29, 14777631.000000, 6.000000, 0.755185, 0.170669, 0.052034, 0.929469
ATTSTNWILESQNINELK, Yes, 0.49852, 0.913351, 0.035795, 0.036870,  2,  1031.52618,  31, 28363608.000000, 7.000000, 0.434662, 0.249868, 0.000000, 2.785258
SSSPSSPAAVNHHSSSDISPVSNESTSSSPGK, Yes, 0.45176, 0.988669, 0.008288, 0.049387,  4,   778.60789,  75, 7951496.000000, 5.000000, 0.982072, 0.032628, 0.361169, 0.542348
SSSPSSPAAVNHHSSSDISPVSNESTSSSPGK, Yes, 0.14603, 0.991175, 0.018727, 0.082393,  3,  1037.80809,  75, 3359820.750000, 4.000000, 0.595601, 0.067438, 0.000000, 2.535450


MeanRateConst/CorrCutOff, 0.396764, 0.900000


MedianRateConst/RMSSCutOff, 0.490751, 0.050000
StandDev/NumberPeptides, 0.072282, 4
TotalIonCurrent, 2.15016e+09
