Peptides, PeptideUnique, RateConstants, Correlations, RootMeanRSS, AbsoluteIsotopeError, Charge, m/z(Sequence), NEH, Abundance, NDP, Rsquared,sigma,CI lower band, CI upper band
VMEGLEAFDDLMR, Yes, 0.97692, 0.963162, 0.022145, 0.431204,  2,   763.35489,  25, 19904420.000000, 8.000000, 0.927296, 0.189828, 0.528053, 1.425797
TPAEALASFDYIVR, Yes, 14.60443, 0.863570, 0.063935, 0.276342,  2,   776.90392,  29, 24940750.000000, 7.000000, 0.079234, 824047.687500, 12.530230, 16.678637
AIEEAPSVHHVNPScKD, Yes, 0.08584, 0.218251, 0.093242, 0.039146,  3,   630.63186,  40, 19814014.000000, 9.000000, -1.205503, 0.044837, 0.000000, 2.725587
AIEEAPSVHHVNPScKD, Yes, 0.18204, 0.974306, 0.014358, 0.297753,  2,   945.44415,  40, 3354609.500000, 6.000000, 0.937917, 0.015565, 0.142025, 0.222047
SAAQLPLSNSLQLTLYQYK, Yes, 0.15430, 0.903542, 0.033256, 0.138363,  2,  1069.57821,  36, 12302020.000000, 9.000000, 0.676036, 0.037344, 0.068187, 0.240420
AFLDFHSLPYQVVEVNPVR, Yes, 0.56941, 0.972663, 0.021586, 0.050741,  3,   744.06003,  34, 37539280.000000, 8.000000, 0.786447, 0.123525, 0.277318, 0.861496
AFLDFHSLPYQVVEVNPVR, Yes, 0.05763, 0.528203, 0.048394, 0.233823,  2,  1115.58640,  34, 6106481.000000, 9.000000, -0.624859, 0.024504, 0.001120, 0.114130
KVPILVAQEGDSLQQLNDSSVIISALK, Yes, 0.23761, 0.976483, 0.012247, 0.143676,  3,   955.86923,  52, 14242491.000000, 8.000000, 0.920113, 0.022655, 0.184037, 0.291178


MeanRateConst/CorrCutOff, 0.285839, 0.900000


MedianRateConst/RMSSCutOff, 0.237608, 0.050000
StandDev/NumberPeptides, 0.027921, 4
TotalIonCurrent, 7.75017e+09
