Peptides, PeptideUnique, RateConstants, Correlations, RootMeanRSS, AbsoluteIsotopeError, Charge, m/z(Sequence), NEH, Abundance, NDP, Rsquared,sigma,CI lower band, CI upper band
APLPYSDISGLNALLLR, Yes, 0.40574, 0.959945, 0.024636, 0.204283,  2,   907.01452,  32, 13147417.000000, 5.000000, 0.899124, 0.081310, 0.179982, 0.631488
SVENLATATTTLTSLAQLLGK, Yes, 0.39745, 0.690855, 0.055032, 0.284737,  2,  1066.59408,  34, 5755475.500000, 6.000000, -1.593755, 0.280104, 0.000000, 2.776191
SVENLATATTTLTSLAQLLGK, Yes, 0.56380, 0.779973, 0.052998, 0.210947,  3,   711.39848,  34, 14653808.000000, 6.000000, -1.167441, 0.439859, 0.000000, 2.976549


MeanRateConst/CorrCutOff, 0.455660, 0.900000


MedianRateConst/RMSSCutOff, 0.405735, 0.050000
StandDev/NumberPeptides, 0.165361, 1
TotalIonCurrent, 8.44791e+08
