Peptides, PeptideUnique, RateConstants, Correlations, RootMeanRSS, AbsoluteIsotopeError, Charge, m/z(Sequence), NEH, Abundance, NDP, Rsquared,sigma,CI lower band, CI upper band
LILPVGPAGGNQMLEQYDK, Yes, 0.00000, -2.000000, 0.080710, 0.121182,  2,  1022.03260,  36, 12299684.000000, 7.000000, -0.084352, 0.020260, 0.000000, 5.098947
LILPVGPAGGNQMLEQYDKLQDGSVK, Yes, 0.21559, 0.962043, 0.019062, 0.888017,  3,   924.15298,  48, 23386598.000000, 5.000000, 0.333260, 0.068622, 0.025066, 0.406117
ELVDDSITNVK, Yes, 4.03284, 0.844998, 0.075629, 0.967595,  2,   616.82207,  15, 30240892.000000, 7.000000, 0.628480, 17.718460, 2.232457, 5.833233
ALDVGSGSGILTAcFAR, Yes, 0.30582, 0.570511, 0.122458, 0.383041,  2,   847.93016,  33, 18850900.000000, 7.000000, 0.532741, 0.111737, 0.032414, 0.579235


MeanRateConst/CorrCutOff, 0.215591, 0.900000


MedianRateConst/RMSSCutOff, 0.215591, 0.050000
StandDev/NumberPeptides, 0.068622, 1
TotalIonCurrent, 1.74982e+09
