Peptides, PeptideUnique, RateConstants, Correlations, RootMeanRSS, AbsoluteIsotopeError, Charge, m/z(Sequence), NEH, Abundance, NDP, Rsquared,sigma,CI lower band, CI upper band
AHQVVEDGYEFFAK, No, 0.85689, 0.958391, 0.024853, 0.041760,  2,   820.39119,  29, 62024524.000000, 8.000000, 0.918134, 0.165384, 0.465820, 1.247962
EIFLSQPILLELEAPLK, No, 1.38546, 0.965202, 0.026811, 0.033719,  2,   977.06896,  33, 51745176.000000, 8.000000, 0.903293, 0.430044, 0.368564, 2.402350
EIFLSQPILLELEAPLK, No, 0.88515, 0.955812, 0.031620, 0.094124,  3,   651.71506,  33, 7753280.000000, 7.000000, 0.883505, 0.251313, 0.270212, 1.500094
TFTDcFNcLPIAAIVDEK, No, 0.70736, 0.993018, 0.011886, 0.083107,  2,  1057.50029,  28, 49924592.000000, 8.000000, 0.968919, 0.080258, 0.517581, 0.897140
IFccHGGLSPDLQSMEQIR, No, 0.34573, 0.996679, 0.018189, 0.197074,  2,  1124.51902,  39, 6181620.000000, 4.000000, 0.733877, 0.113659, 0.000000, 1.765793
AHQVVEDGYEFFAK, No, 1.01705, 0.950888, 0.039238, 0.094651,  3,   547.26322,  29, 47137428.000000, 6.000000, 0.880199, 0.412021, 0.229189, 1.804909
YPENFFLLR, No, 0.76424, 0.876970, 0.066035, 0.205340,  2,   599.81639,  14, 58047828.000000, 6.000000, 0.259706, 0.317211, 0.000000, 2.710168
IFccHGGLSPDLQSMEQIR, Yes, 1.30772, 0.995307, 0.021854, 0.121633,  3,   750.01510,  39, 75510840.000000, 3.000000, 0.956927, 0.452526, 0.000000, 3.188591


MeanRateConst/CorrCutOff, 0.866613, 0.900000


MedianRateConst/RMSSCutOff, 0.885153, 0.050000
StandDev/NumberPeptides, 0.160562, 4
TotalIonCurrent, 1.3208e+10
