Peptides, PeptideUnique, RateConstants, Correlations, RootMeanRSS, AbsoluteIsotopeError, Charge, m/z(Sequence), NEH, Abundance, NDP, Rsquared,sigma,CI lower band, CI upper band
HLSVNDLPVGR, Yes, 0.12549, 0.950784, 0.053053, 0.043154,  2,   603.83311,  19, 597074304.000000, 9.000000, 0.406903, 0.044062, 0.023879, 0.227095
DYGVLLESAGIALR, Yes, 0.35079, 0.970549, 0.026220, 0.083624,  2,   738.90646,  27, 232737952.000000, 9.000000, 0.778633, 0.058980, 0.214784, 0.486801
NGGLGHMNITLLSDITK, Yes, 0.22138, 0.991407, 0.015025, 0.040970,  3,   595.31721,  23, 95954336.000000, 9.000000, 0.855357, 0.034458, 0.141917, 0.300840
NGGLGHMNITLLSDITK, Yes, 0.26292, 0.965660, 0.027002, 0.239211,  2,   892.47218,  23, 66442388.000000, 9.000000, 0.823674, 0.058806, 0.127310, 0.398522
KNGGLGHMNITLLSDITK, Yes, 0.24776, 0.310066, 0.129119, 0.581677,  3,   638.01553,  23, 24744954.000000, 8.000000, -0.264369, 0.236604, 0.000000, 3.774617
KNGGLGHMNITLLSDITK, Yes, 0.00000, -2.000000, 0.122941, 0.500562,  2,   956.51966,  23, 6423419.000000, 5.000000, -0.009245, 0.031987, 0.000000, 5.752002
AFQFVETHGEVcPANWTPESPTIKPSPTASK, Yes, 0.09495, 0.988419, 0.004977, 0.010222,  3,  1138.55388,  61, 144846896.000000, 9.000000, 0.974029, 0.005834, 0.081495, 0.108400
AFQFVETHGEVcPANWTPESPTIKPSPTASK, Yes, 0.10520, 0.996482, 0.003351, 0.021547,  4,   854.16723,  61, 506210016.000000, 9.000000, 0.992199, 0.003754, 0.096541, 0.113854
ELSLDDFK, Yes, 0.26078, 0.975849, 0.021689, 0.030351,  2,   483.74256,  12, 351746720.000000, 8.000000, 0.960010, 0.024991, 0.201688, 0.319877
GLFIIDPNGVVK, Yes, 0.10275, 0.902571, 0.023979, 0.020488,  2,   636.37154,  15, 254071456.000000, 8.000000, 0.657396, 0.021261, 0.052474, 0.153021


MeanRateConst/CorrCutOff, 0.174662, 0.900000


MedianRateConst/RMSSCutOff, 0.221378, 0.050000
StandDev/NumberPeptides, 0.010510, 6
TotalIonCurrent, 1.58848e+11
