Peptides, PeptideUnique, RateConstants, Correlations, RootMeanRSS, AbsoluteIsotopeError, Charge, m/z(Sequence), NEH, Abundance, NDP, Rsquared,sigma,CI lower band, CI upper band
TLVLLMGK, Yes, 0.13895, 0.931747, 0.016685, 0.082077,  2,   437.77515,  6, 1121990272.000000, 9.000000, 0.863281, 0.028156, 0.074026, 0.203880
DSPSVWAAVPGK, Yes, 0.40365, 0.971549, 0.030346, 0.020714,  2,   607.31422,  24, 1404187136.000000, 9.000000, 0.753765, 0.097861, 0.177981, 0.629317
SSFFVNGLTLGGQK, Yes, 0.40234, 0.990522, 0.011589, 0.029594,  2,   727.88555,  20, 1195180032.000000, 9.000000, 0.978640, 0.028086, 0.337575, 0.467106
TFVSITPAEVGVLVGK, Yes, 0.31926, 0.974876, 0.016879, 0.029921,  2,   808.96654,  22, 1590658560.000000, 9.000000, 0.946346, 0.033463, 0.242093, 0.396423
TFVSITPAEVGVLVGK, Yes, 0.33113, 0.986489, 0.013945, 0.091714,  3,   539.64679,  22, 41027756.000000, 9.000000, 0.966523, 0.028546, 0.265300, 0.396953
DSLLQDGEFTMDLR, Yes, 0.41616, 0.977077, 0.016878, 0.045157,  2,   820.38524,  25, 659184064.000000, 9.000000, 0.675553, 0.096575, 0.193462, 0.638867
DSLLQDGEFTmDLR, Yes, 0.06353, 0.044529, 0.086136, 0.086536,  2,   828.38270,  25, 96242072.000000, 9.000000, -1.234015, 0.035487, 0.000000, 2.704085
STGGAPTFNVTVTMTAK, Yes, 0.28264, 0.702175, 0.085102, 0.155639,  2,   841.92455,  23, 721269824.000000, 9.000000, 0.388313, 0.142161, 0.000000, 2.435095
TFVSITPAEVGVLVGKDR, Yes, 0.26426, 0.919639, 0.082319, 0.076024,  2,   944.53057,  27, 298335136.000000, 6.000000, -0.425624, 0.311290, 0.000000, 5.558511
TFVSITPAEVGVLVGKDR, Yes, 0.41230, 0.986488, 0.015333, 0.027928,  3,   630.02280,  27, 888233856.000000, 9.000000, 0.925196, 0.044556, 0.309549, 0.515042


MeanRateConst/CorrCutOff, 0.380806, 0.900000


MedianRateConst/RMSSCutOff, 0.402340, 0.050000
StandDev/NumberPeptides, 0.041801, 6
TotalIonCurrent, 4.15202e+11
