Peptides, PeptideUnique, RateConstants, Correlations, RootMeanRSS, AbsoluteIsotopeError, Charge, m/z(Sequence), NEH, Abundance, NDP, Rsquared,sigma,CI lower band, CI upper band
NNVNVASLTQSEIR, Yes, 0.01079, 0.601540, 0.045067, 0.077649,  2,   772.90498,  29, 99017368.000000, 9.000000, 0.172763, 0.007760, 0.000000, 4.030247
EAVVNTQELLDLLVK, Yes, 2.38130, 0.939345, 0.042021, 0.134237,  2,   842.47999,  24, 5126357.500000, 7.000000, 0.821029, 1.915534, 1.263909, 3.498700
ASEMAGPPQMPNDFLSFQDIATEAAHPIR, Yes, 0.63188, 1.000000, 0.024997, 0.135848,  3,  1047.83045,  71, 14112731.000000, 3.000000, 0.779418, 0.249947, 0.000000, 2.736642
VPGLPTPIENMILR, Yes, 0.59845, 0.997169, 0.008164, 0.184436,  2,   775.44216,  24, 32490292.000000, 4.000000, 0.988334, 0.056172, 0.419691, 0.777217
TDMIQALGGVEGILEHTLFK, Yes, 11.64834, 0.864336, 0.037912, 0.604454,  3,   724.71716,  33, 2695794.000000, 8.000000, 0.420980, 33189.343750, 10.044578, 13.252103


MeanRateConst/CorrCutOff, 1.489879, 0.900000


MedianRateConst/RMSSCutOff, 2.381305, 0.050000
StandDev/NumberPeptides, 0.109143, 2
TotalIonCurrent, 2.5821e+09
