Peptides, PeptideUnique, RateConstants, Correlations, RootMeanRSS, AbsoluteIsotopeError, Charge, m/z(Sequence), NEH, Abundance, NDP, Rsquared,sigma,CI lower band, CI upper band
GYSFSLTTFSPSGK, Yes, 0.90644, 0.778972, 0.077048, 0.075057,  2,   739.86174,  19, 343680736.000000, 9.000000, 0.344567, 0.853455, 0.000000, 5.274693
HIGLVYSGMGPDYR, Yes, 0.39960, 0.871417, 0.044183, 0.036180,  3,   522.25741,  23, 140601024.000000, 9.000000, 0.929484, 0.049571, 0.285293, 0.513916
HIGLVYSGMGPDYR, Yes, 0.44116, 0.958486, 0.021304, 0.031188,  2,   782.88247,  23, 116326392.000000, 9.000000, 0.896222, 0.060475, 0.301701, 0.580611
LVQIEYALAAVAGGAPSVGIK, Yes, 0.43322, 0.951851, 0.033604, 0.086453,  3,   676.38936,  45, 72084496.000000, 9.000000, 0.708207, 0.087301, 0.231904, 0.634535
YNEDLELEDAIHTAILTLK, Yes, 0.36586, 0.982417, 0.012690, 0.075334,  3,   734.38270,  34, 120027192.000000, 9.000000, 0.909284, 0.044416, 0.263438, 0.468286
YNEDLELEDAIHTAILTLK, Yes, 0.44010, 0.732979, 0.045062, 0.097499,  2,  1101.07042,  34, 34975740.000000, 7.000000, -0.595801, 0.250984, 0.000000, 2.528823
RYNEDLELEDAIHTAILTLK, Yes, 0.00000, -2.000000, 0.194802, 0.130925,  3,   786.41640,  37, 30394216.000000, 9.000000, -0.368738, 0.033136, 0.000000, 7.335611
RYNEDLELEDAIHTAILTLK, Yes, 0.30536, 0.946208, 0.024473, 0.083196,  4,   590.06412,  37, 12140310.000000, 6.000000, 0.754415, 0.063342, 0.142531, 0.468180
LAQQYYLVYQEPIPTAQLVQR, Yes, 0.27451, 0.945556, 0.022707, 0.070283,  3,   841.11982,  45, 102258848.000000, 8.000000, 0.849445, 0.051788, 0.152052, 0.396971
LAQQYYLVYQEPIPTAQLVQR, Yes, 0.26111, 0.978857, 0.011873, 0.074299,  2,  1261.17609,  45, 77887768.000000, 8.000000, 0.952687, 0.023520, 0.205496, 0.316729
KLAQQYYLVYQEPIPTAQLVQR, Yes, 0.11863, 0.786853, 0.046137, 0.071753,  2,  1325.22357,  46, 31864246.000000, 8.000000, 0.188286, 0.063885, 0.000000, 3.780881
KLAQQYYLVYQEPIPTAQLVQR, Yes, 0.29855, 0.990421, 0.007510, 0.024367,  3,   883.81814,  46, 154723232.000000, 8.000000, 0.978583, 0.018540, 0.254709, 0.342387
LVQIEYALAAVAGGAPSVGIK, Yes, 0.30411, 0.492762, 0.097401, 0.223063,  2,  1014.08040,  45, 33170192.000000, 9.000000, -0.530014, 0.165582, 0.000000, 2.481565


MeanRateConst/CorrCutOff, 0.339966, 0.900000


MedianRateConst/RMSSCutOff, 0.305356, 0.050000
StandDev/NumberPeptides, 0.038449, 7
TotalIonCurrent, 1.05629e+11
