Peptides, PeptideUnique, RateConstants, Correlations, RootMeanRSS, AbsoluteIsotopeError, Charge, m/z(Sequence), NEH, Abundance, NDP, Rsquared,sigma,CI lower band, CI upper band
LTVEDPVTVEYITR, Yes, 0.27945, 0.972829, 0.017108, 0.102459,  2,   817.93543,  20, 426049664.000000, 9.000000, 0.934663, 0.031757, 0.206219, 0.352684
NYTDDAIETDDLTIK, Yes, 0.78194, 0.971171, 0.027944, 0.023718,  2,   863.90452,  21, 193373776.000000, 9.000000, 0.911792, 0.167435, 0.395835, 1.168046
YVAEIEKEKEENEK, Yes, 0.31718, 0.736518, 0.070350, 0.047103,  2,   869.43067,  33, 18425558.000000, 9.000000, 0.348141, 0.120965, 0.038231, 0.596122
IcALDDNVcMAFAGLTADAR, Yes, 0.20987, 0.922437, 0.021213, 0.078349,  2,  1092.49775,  40, 12130399.000000, 8.000000, 0.126307, 0.061350, 0.064804, 0.354943
KIcALDDNVcMAFAGLTADAR, Yes, 0.12092, 0.892726, 0.020869, 0.066495,  3,   771.36591,  41, 77045336.000000, 9.000000, 0.545199, 0.024479, 0.064475, 0.177371
KIcALDDNVcMAFAGLTADAR, Yes, 0.07891, 0.751205, 0.033206, 0.161935,  2,  1156.54522,  41, 23713372.000000, 9.000000, -0.370192, 0.025825, 0.019356, 0.138460
AITVFSPDGHLFQVEYAQEAVK, Yes, 0.48523, 0.949300, 0.021930, 0.108957,  3,   817.08479,  44, 224108688.000000, 9.000000, 0.539591, 0.131069, 0.182987, 0.787478
AITVFSPDGHLFQVEYAQEAVK, Yes, 0.36193, 0.984640, 0.010779, 0.083836,  2,  1225.12354,  44, 25156068.000000, 8.000000, -0.196472, 0.182733, 0.000000, 2.486083
AITVFSPDGHLFQVEYAQEAVKK, Yes, 0.22963, 0.970642, 0.011066, 0.100255,  3,   859.78310,  45, 80995784.000000, 6.000000, 0.935808, 0.022714, 0.171239, 0.288017
AITVFSPDGHLFQVEYAQEAVKK, Yes, 0.37467, 0.950210, 0.021707, 0.039149,  4,   645.08915,  45, 135965856.000000, 7.000000, -0.485509, 0.352690, 0.000000, 3.787132
ALLEVVQSGGK, Yes, 0.22136, 0.911872, 0.042792, 0.083099,  2,   550.81913,  21, 397146592.000000, 9.000000, 0.703179, 0.049156, 0.108008, 0.334717
LYQTDPSGTYHAWK, Yes, 0.34232, 0.983765, 0.014853, 0.389574,  3,   556.26685,  22, 108429984.000000, 9.000000, 0.967997, 0.028256, 0.277159, 0.407477
GKDIVVLGVEK, Yes, 0.44041, 0.973395, 0.039816, 0.196000,  2,   578.85044,  14, 88310656.000000, 8.000000, 0.775863, 0.115440, 0.167438, 0.713384
LYQTDPSGTYHAWK, Yes, 0.30148, 0.957102, 0.024484, 0.160819,  2,   833.89663,  22, 40686476.000000, 8.000000, 0.844265, 0.050673, 0.181654, 0.421300


MeanRateConst/CorrCutOff, 0.306791, 0.900000


MedianRateConst/RMSSCutOff, 0.301477, 0.050000
StandDev/NumberPeptides, 0.048846, 9
TotalIonCurrent, 1.03691e+11
