Peptides, PeptideUnique, RateConstants, Correlations, RootMeanRSS, AbsoluteIsotopeError, Charge, m/z(Sequence), NEH, Abundance, NDP, Rsquared,sigma,CI lower band, CI upper band
MALDGQNIYNAccTLR, Yes, 0.35076, 0.976833, 0.025043, 0.110317,  2,   950.42913,  30, 11926008.000000, 6.000000, 0.908796, 0.065489, 0.182418, 0.519110
ENALVQMADASQAQLAMNHLSGQR, Yes, 0.00000, -2.000000, 0.100622, 0.187592,  3,   861.75158,  63, 80083824.000000, 8.000000, -0.555163, 0.031672, 0.000000, 6.250658
AQAALQAVSAVQSGNLSLPGATANEGTLLPGQSPVLR, Yes, 0.20900, 0.953916, 0.011221, 0.065947,  3,  1196.31109,  87, 7535382.000000, 6.000000, 0.573379, 0.060684, 0.053003, 0.364988
AQAALQAVSAVQSGNLSLPGATANEGTLLPGQSPVLR, Yes, 0.20870, 1.000000, 0.017517, 0.062621,  4,   897.48514,  87, 10377173.000000, 3.000000, 0.777286, 0.069244, 0.000000, 2.910469
NLFTEAGcSVK, Yes, 0.38382, 0.956323, 0.030692, 0.111907,  2,   613.29771,  18, 59242744.000000, 8.000000, 0.872844, 0.072877, 0.211498, 0.556151


MeanRateConst/CorrCutOff, 0.314528, 0.900000


MedianRateConst/RMSSCutOff, 0.350764, 0.050000
StandDev/NumberPeptides, 0.065977, 3
TotalIonCurrent, 7.56248e+09
