Peptides, PeptideUnique, RateConstants, Correlations, RootMeanRSS, AbsoluteIsotopeError, Charge, m/z(Sequence), NEH, Abundance, NDP, Rsquared,sigma,CI lower band, CI upper band
GDFVTSFYWPWQTK, Yes, 0.05876, 0.681006, 0.032231, 0.067304,  2,   881.41722,  15, 73697280.000000, 9.000000, 0.300906, 0.021545, 0.009076, 0.108442
DKFEPGILQLSQWFK, Yes, 0.24853, 0.943170, 0.026523, 0.060624,  3,   612.66120,  25, 53590044.000000, 9.000000, 0.468226, 0.081393, 0.060840, 0.436223
DKFEPGILQLSQWFK, Yes, 0.00000, -2.000000, 0.075647, 0.274026,  2,   918.48816,  25, 47078036.000000, 9.000000, -0.006177, 0.011920, 0.000000, 4.308790
GLENMGVAFQSMMTGGNVGK, Yes, 0.26249, 0.975140, 0.016173, 0.093216,  2,  1014.47101,  34, 63335376.000000, 9.000000, 0.925331, 0.027557, 0.198943, 0.326037
VEEFSLPDALNEGQVQVR, Yes, 1.16938, 0.979406, 0.023094, 0.012175,  2,  1015.51309,  41, 54481396.000000, 9.000000, 0.884201, 0.265003, 0.558286, 1.780483


MeanRateConst/CorrCutOff, 0.560135, 0.900000


MedianRateConst/RMSSCutOff, 0.262490, 0.050000
StandDev/NumberPeptides, 0.057309, 3
TotalIonCurrent, 1.69244e+10
