Peptides, PeptideUnique, RateConstants, Correlations, RootMeanRSS, AbsoluteIsotopeError, Charge, m/z(Sequence), NEH, Abundance, NDP, Rsquared,sigma,CI lower band, CI upper band
GPGLGSTQGQTIALPAQGLIEFR, Yes, 0.07902, 0.981131, 0.013813, 0.037187,  2,  1156.12388,  49, 166900160.000000, 9.000000, 0.945125, 0.007861, 0.060890, 0.097144
GPGLGSTQGQTIALPAQGLIEFR, Yes, 0.06948, 0.937568, 0.027170, 0.044892,  3,   771.08501,  49, 80603520.000000, 9.000000, 0.287018, 0.019360, 0.024834, 0.114120
LIDDYGVEEEPAELPEGTSLTVDNK, Yes, 0.08109, 0.938062, 0.020683, 0.092218,  2,  1367.15307,  48, 20046798.000000, 9.000000, 0.098505, 0.022863, 0.028369, 0.133814
LIDDYGVEEEPAELPEGTSLTVDNKR, Yes, 0.07962, 0.994575, 0.006464, 0.053065,  3,   963.80484,  51, 250497584.000000, 9.000000, 0.974918, 0.005278, 0.067448, 0.091788
DYLGDFIEHYAQLGPSQPPDLAQAQDEPR, Yes, 0.06694, 0.969349, 0.008637, 0.048808,  3,  1090.84945,  70, 39586236.000000, 9.000000, 0.925719, 0.006095, 0.052884, 0.080996


MeanRateConst/CorrCutOff, 0.075229, 0.900000


MedianRateConst/RMSSCutOff, 0.079017, 0.050000
StandDev/NumberPeptides, 0.008678, 5
TotalIonCurrent, 5.02844e+10
