Peptides, PeptideUnique, RateConstants, Correlations, RootMeanRSS, AbsoluteIsotopeError, Charge, m/z(Sequence), NEH, Abundance, NDP, Rsquared,sigma,CI lower band, CI upper band
NFcDILIPLNQLGIYK, Yes, 0.20733, 0.672767, 0.049731, 0.044589,  2,   961.01622,  21, 45196592.000000, 8.000000, 0.010265, 0.083284, 0.010398, 0.404267
LGNVFHAIQATEQSIQAADLAPR, Yes, 0.23385, 0.971804, 0.021641, 0.121501,  2,  1225.64295,  57, 22078336.000000, 6.000000, 0.507727, 0.077751, 0.033983, 0.433715
LGNVFHAIQATEQSIQAADLAPR, Yes, 0.04701, 0.661806, 0.048355, 0.113984,  4,   613.32511,  57, 5652027.000000, 6.000000, -0.182003, 0.057739, 0.000000, 5.134535
LGNVFHAIQATEQSIQAADLAPR, Yes, 0.35830, 0.957142, 0.020522, 0.043706,  3,   817.43106,  57, 87336088.000000, 7.000000, 0.914882, 0.047168, 0.242882, 0.473715


MeanRateConst/CorrCutOff, 0.296074, 0.900000


MedianRateConst/RMSSCutOff, 0.358298, 0.050000
StandDev/NumberPeptides, 0.058716, 2
TotalIonCurrent, 1.01533e+10
