Peptides, PeptideUnique, RateConstants, Correlations, RootMeanRSS, AbsoluteIsotopeError, Charge, m/z(Sequence), NEH, Abundance, NDP, Rsquared,sigma,CI lower band, CI upper band
ALDLTMR, Yes, 0.64153, 0.899424, 0.045290, 0.171888,  2,   410.22328,  11, 761006592.000000, 9.000000, 0.565721, 0.293794, 0.000000, 2.157627
WYYNAAGFNK, Yes, 0.19899, 0.938783, 0.029635, 0.049909,  2,   617.28799,  15, 454505440.000000, 8.000000, 0.573190, 0.059469, 0.058369, 0.339613
RLPEDLYNDR, Yes, 2.70105, 0.909865, 0.034664, 0.367504,  2,   645.82547,  20, 709641280.000000, 9.000000, 0.766652, 2.368533, 1.760857, 3.641243
KWYYNAAGFNK, Yes, 0.06621, 0.477028, 0.078893, 0.091627,  2,   681.33547,  16, 111246464.000000, 9.000000, -0.067611, 0.050094, 0.000000, 3.498212
YEEDKFYLEPYLK, Yes, 0.65862, 0.977235, 0.014261, 0.148426,  3,   579.61876,  20, 461350656.000000, 9.000000, 0.681648, 0.214686, 0.163556, 1.153691
YEEDKFYLEPYLK, Yes, 13.99802, 0.971331, 0.018688, 0.144607,  2,   868.92450,  20, 283519392.000000, 9.000000, 0.852042, 174992.218750, 12.871647, 15.124395
DDTLHETEDVKEAIR, Yes, 0.26264, 0.991918, 0.011070, 0.046994,  3,   590.95499,  30, 272187200.000000, 9.000000, 0.980778, 0.014584, 0.229008, 0.296271
DDTLHETEDVKEAIR, Yes, 0.21203, 0.988588, 0.012773, 0.043929,  2,   885.92885,  30, 73329568.000000, 9.000000, 0.972909, 0.013832, 0.180137, 0.243933
LGLMRDDTLHETEDVKEAIR, Yes, 0.07879, 0.380501, 0.058301, 0.426296,  3,   781.06539,  38, 140755280.000000, 8.000000, -0.134280, 0.042553, 0.000000, 3.228827
DQWTKYEEDKFYLEPYLK, Yes, 0.29937, 0.982089, 0.009459, 0.023039,  3,   799.05459,  26, 231587648.000000, 9.000000, 0.861567, 0.041708, 0.203192, 0.395551
DQWTKYEEDKFYLEPYLK, Yes, 0.16400, 0.971279, 0.012646, 0.132845,  2,  1198.07824,  26, 33716124.000000, 6.000000, 0.732677, 0.038564, 0.064865, 0.263126
LGLMRDDTLHETEDVK, Yes, 0.17871, 0.761848, 0.050627, 0.092344,  2,   936.46201,  26, 11549558.000000, 7.000000, -0.311726, 0.121154, 0.000000, 3.034175


MeanRateConst/CorrCutOff, 0.209415, 0.900000


MedianRateConst/RMSSCutOff, 0.212035, 0.050000
StandDev/NumberPeptides, 0.021786, 4
TotalIonCurrent, 1.86907e+11
