Peptides, PeptideUnique, RateConstants, Correlations, RootMeanRSS, AbsoluteIsotopeError, Charge, m/z(Sequence), NEH, Abundance, NDP, Rsquared,sigma,CI lower band, CI upper band
GAAGALLVYDITR, Yes, 16.26579, 0.734343, 0.112569, 0.881732,  2,   660.36952,  24, 36134904.000000, 9.000000, 0.335466, 5619106.500000, 13.723791, 18.807779
TASNVEEAFINTAK, Yes, 0.76541, 0.983571, 0.021099, 0.031414,  2,   747.87536,  29, 162493584.000000, 9.000000, 0.959984, 0.098199, 0.538960, 0.991852
LQIWDTAGQESFR, Yes, 1.72768, 0.974222, 0.024101, 0.139086,  2,   775.88353,  28, 181808464.000000, 9.000000, 0.922178, 0.512610, 0.545597, 2.909759
DTFNHLTTWLEDAR, Yes, 0.72016, 0.959341, 0.038612, 0.075438,  2,   859.91028,  22, 65625208.000000, 6.000000, 0.870407, 0.281587, 0.000000, 3.650947
IQEGVFDINNEANGIK, Yes, 0.54703, 0.931544, 0.048555, 0.303013,  2,   880.94430,  31, 46969500.000000, 8.000000, 0.622118, 0.191160, 0.095010, 0.999053


MeanRateConst/CorrCutOff, 0.940069, 0.900000


MedianRateConst/RMSSCutOff, 0.765406, 0.050000
StandDev/NumberPeptides, 0.191234, 4
TotalIonCurrent, 2.95276e+10
