Peptides, PeptideUnique, RateConstants, Correlations, RootMeanRSS, AbsoluteIsotopeError, Charge, m/z(Sequence), NEH, Abundance, NDP, Rsquared,sigma,CI lower band, CI upper band
QWNNcAFLESSAK, Yes, 0.43632, 0.955602, 0.025815, 0.066417,  2,   777.85390,  28, 53053184.000000, 9.000000, 0.896859, 0.060153, 0.297610, 0.575038
VKDTDDVPMILVGNK, Yes, 0.27399, 0.972198, 0.020967, 0.140319,  2,   822.43728,  17, 37181000.000000, 9.000000, 0.395269, 0.103242, 0.035915, 0.512066
YDPTIEDSYRK, Yes, 0.37833, 0.998502, 0.065655, 0.648056,  2,   693.83042,  18, 18543670.000000, 3.000000, 0.681881, 0.249621, 0.000000, 3.218236
INVNEIFYDLVR, Yes, 0.24485, 0.999340, 0.036687, 0.131766,  2,   747.90118,  17, 167989056.000000, 4.000000, 0.657892, 0.127446, 0.000000, 1.741389
SKINVNEIFYDLVR, Yes, 0.00505, -2.000000, 0.000040, 0.235508,  3,   570.64554,  20, 7403013.500000, 1.000000, 0.000000, inf, 0.005049, 0.005049


MeanRateConst/CorrCutOff, 0.318389, 0.900000


MedianRateConst/RMSSCutOff, 0.273991, 0.050000
StandDev/NumberPeptides, 0.087831, 3
TotalIonCurrent, 7.29973e+09
