Peptides, PeptideUnique, RateConstants, Correlations, RootMeanRSS, AbsoluteIsotopeError, Charge, m/z(Sequence), NEH, Abundance, NDP, Rsquared,sigma,CI lower band, CI upper band
AVEYLLMGIPGDR, Yes, 0.39991, 0.913286, 0.035653, 0.054774,  2,   717.37649,  24, 48370760.000000, 9.000000, 0.554771, 0.121339, 0.120099, 0.679715
QIIQQNPSLLPALLQQIGR, Yes, 0.62072, 0.951305, 0.024573, 0.076128,  2,  1065.62330,  44, 27302004.000000, 9.000000, 0.904159, 0.108440, 0.370660, 0.870787
QIIQQNPSLLPALLQQIGR, Yes, 0.61845, 0.786920, 0.049303, 0.069141,  3,   710.75129,  44, 7099724.000000, 8.000000, -0.135460, 0.317322, 0.000000, 2.140092
NFVVVMVTKPK, Yes, 0.12085, 0.982222, 0.007395, 0.102326,  2,   631.37049,  9, 170216208.000000, 5.000000, 0.930871, 0.013446, 0.083521, 0.158185
ILSDDTALKEYK, Yes, 0.94512, 0.926458, 0.042875, 0.327077,  3,   465.91704,  18, 27720872.000000, 9.000000, 0.709496, 0.444779, 0.000000, 3.462270
ILSDDTALKEYK, Yes, 0.10509, 0.827863, 0.071093, 0.214921,  2,   698.37192,  18, 8500342.000000, 6.000000, -0.213518, 0.087094, 0.000000, 3.925747


MeanRateConst/CorrCutOff, 0.521650, 0.900000


MedianRateConst/RMSSCutOff, 0.620723, 0.050000
StandDev/NumberPeptides, 0.042515, 4
TotalIonCurrent, 8.46497e+09
