Peptides, PeptideUnique, RateConstants, Correlations, RootMeanRSS, AbsoluteIsotopeError, Charge, m/z(Sequence), NEH, Abundance, NDP, Rsquared,sigma,CI lower band, CI upper band
VELcSFSGYK, Yes, 0.17992, 0.987883, 0.011724, 0.030989,  2,   595.28153,  15, 440776224.000000, 9.000000, 0.969275, 0.013427, 0.148958, 0.210885
AITGASLADIMAK, Yes, 0.15206, 0.983736, 0.017695, 0.052317,  2,   631.34465,  27, 1506317952.000000, 9.000000, 0.963369, 0.012365, 0.123549, 0.180577
AITGASLADImAK, Yes, 0.31614, 0.977024, 0.021241, 0.045383,  2,   639.34211,  27, 147232384.000000, 9.000000, 0.947292, 0.029475, 0.248173, 0.384114
MKVELcSFSGYK, Yes, 15.74179, 0.873202, 0.046591, 0.166803,  2,   724.84925,  16, 189491856.000000, 7.000000, 0.556212, 2500027.750000, 13.203400, 18.280172
mKVELcSFSGYK, Yes, 0.02687, 0.585340, 0.042012, 0.215678,  2,   732.84671,  16, 4247379200.000000, 9.000000, 0.141045, 0.011510, 0.000328, 0.053410
QINWTVLYR, Yes, 0.15749, 0.937936, 0.021424, 0.061123,  2,   596.82729,  12, 266933616.000000, 8.000000, 0.843507, 0.024255, 0.100134, 0.214840


MeanRateConst/CorrCutOff, 0.201404, 0.900000


MedianRateConst/RMSSCutOff, 0.179922, 0.050000
StandDev/NumberPeptides, 0.017353, 4
TotalIonCurrent, 1.10887e+11
