Peptides, PeptideUnique, RateConstants, Correlations, RootMeanRSS, AbsoluteIsotopeError, Charge, m/z(Sequence), NEH, Abundance, NDP, Rsquared,sigma,CI lower band, CI upper band
TGVAPIIDVVR, Yes, 0.46584, 0.810929, 0.063664, 0.026550,  2,   570.34279,  17, 1658747904.000000, 9.000000, 0.506601, 0.183594, 0.042472, 0.889207
NQSFcPTVNLDK, Yes, 0.17217, 0.785599, 0.068169, 0.024425,  2,   711.83774,  18, 740668032.000000, 9.000000, 0.562942, 0.069581, 0.011713, 0.332621
NQSFcPTVNLDKLWTLVSEQTR, Yes, 0.04823, 0.486151, 0.053636, 0.358754,  2,  1318.66050,  34, 82368736.000000, 9.000000, -0.581832, 0.026059, 0.000000, 3.736808
NQSFcPTVNLDKLWTLVSEQTR, Yes, 0.13349, 0.848814, 0.031242, 0.092653,  3,   879.44276,  34, 106047520.000000, 9.000000, -0.056288, 0.039899, 0.041478, 0.225493
INFDKYHPGYFGK, Yes, 0.09037, 0.318573, 0.046549, 0.245166,  2,   793.39353,  16, 68324048.000000, 9.000000, -1.672495, 0.035108, 0.009413, 0.171332
RNQSFcPTVNLDK, Yes, 0.11541, 0.988472, 0.020053, 0.575858,  2,   789.88829,  22, 39180672.000000, 9.000000, 0.955949, 0.011409, 0.089104, 0.141721


MeanRateConst/CorrCutOff, 0.115412, 0.900000


MedianRateConst/RMSSCutOff, 0.115412, 0.050000
StandDev/NumberPeptides, 0.011409, 1
TotalIonCurrent, 1.33023e+11
