Peptides, PeptideUnique, RateConstants, Correlations, RootMeanRSS, AbsoluteIsotopeError, Charge, m/z(Sequence), NEH, Abundance, NDP, Rsquared,sigma,CI lower band, CI upper band
KFLDGIYVSEK, Yes, 1.99154, 0.884890, 0.032466, 0.067023,  2,   649.85317,  14, 420016384.000000, 9.000000, 0.378112, 2.114734, 0.542766, 3.440319
TIcSHVQNMIK, Yes, 0.10025, 0.747073, 0.059826, 0.096647,  2,   665.83394,  17, 354513152.000000, 9.000000, 0.477452, 0.032232, 0.025921, 0.174577
DFNHINVELSLLGK, Yes, 0.03757, 0.732512, 0.035283, 0.195150,  2,   799.93047,  21, 100963312.000000, 9.000000, 0.304571, 0.014577, 0.003959, 0.071188
DFNHINVELSLLGK, Yes, 0.14199, 0.963715, 0.021728, 0.060353,  3,   533.62274,  21, 254435584.000000, 9.000000, 0.822525, 0.020623, 0.094438, 0.189551
TILSNQTVDIPENVEITLK, Yes, 0.11488, 0.984512, 0.012001, 0.032117,  2,  1064.08080,  29, 553761536.000000, 9.000000, 0.970667, 0.007242, 0.098179, 0.131580
TILSNQTVDIPENVEITLK, Yes, 0.18581, 0.931382, 0.025725, 0.021193,  3,   709.72296,  29, 160065920.000000, 9.000000, 0.688067, 0.034593, 0.106043, 0.265586
SVYAHFPINVVIQENGSLVEIR, Yes, 0.14712, 0.744949, 0.035509, 0.025821,  3,   828.77969,  42, 122669072.000000, 9.000000, -0.401750, 0.046312, 0.040326, 0.253916
DELILEGNDIELVSNSAALIQQATTVK, Yes, 0.03646, 0.596497, 0.027886, 0.160469,  3,   962.17650,  54, 6877380.500000, 9.000000, -1.208599, 0.012344, 0.007993, 0.064924
SVYAHFPINVVIQENGSLVEIR, Yes, 0.00000, -2.000000, 0.098197, 0.238304,  2,  1242.66590,  42, 15993628.000000, 8.000000, -1.794714, 0.024944, 0.000000, 6.682524
FLDGIYVSEK, Yes, 0.18753, 0.848909, 0.088106, 0.013253,  2,   585.80569,  13, 396186976.000000, 8.000000, 0.713204, 0.081899, 0.000000, 3.041813
TIcSHVQNMIK, Yes, 0.10437, 0.908014, 0.030432, 0.118785,  3,   444.22505,  17, 360950336.000000, 9.000000, 0.707919, 0.019764, 0.058797, 0.149950
TIcSHVQNmIK, Yes, 0.04951, 0.958747, 0.014868, 0.167807,  2,   673.83140,  17, 14306427.000000, 9.000000, 0.837130, 0.007389, 0.032470, 0.066546


MeanRateConst/CorrCutOff, 0.136766, 0.900000


MedianRateConst/RMSSCutOff, 0.114880, 0.050000
StandDev/NumberPeptides, 0.015034, 4
TotalIonCurrent, 1.38097e+11
