Peptides, PeptideUnique, RateConstants, Correlations, RootMeanRSS, AbsoluteIsotopeError, Charge, m/z(Sequence), NEH, Abundance, NDP, Rsquared,sigma,CI lower band, CI upper band
AAGVSVEPFWPGLFAK, Yes, 0.12547, 0.958453, 0.015643, 0.027307,  2,   838.44577,  30, 948310656.000000, 8.000000, 0.937202, 0.009937, 0.101973, 0.148966
AAGVSVEPFWPGLFAK, Yes, 0.07246, 0.687074, 0.039849, 0.119364,  3,   559.29960,  30, 27362810.000000, 7.000000, -0.349741, 0.021088, 0.020860, 0.124059
ALANVNIGSLIcNVGAGGPAPAAGAAPAGGAAPSTAAAPAEEK, Yes, 0.03923, 0.987845, 0.005580, 0.046867,  3,  1261.64250,  112, 113519024.000000, 8.000000, 0.938057, 0.003640, 0.030622, 0.047837
ALANVNIGSLIcNVGAGGPAPAAGAAPAGGAAPSTAAAPAEEK, Yes, 0.02670, 0.918955, 0.012385, 0.185206,  4,   946.48370,  112, 164704736.000000, 7.000000, 0.660097, 0.009038, 0.004583, 0.048813
ALANVNIGSLIcNVGAGGPAPAAGAAPAGGAAPSTAAAPAEEKK, Yes, 0.00002, -2.000000, 0.020204, 0.398217,  3,  1304.34082,  113, 2734944.750000, 2.000000, -1.000959, 0.062502, 0.000000, 27.836798


MeanRateConst/CorrCutOff, 0.063799, 0.900000


MedianRateConst/RMSSCutOff, 0.039230, 0.050000
StandDev/NumberPeptides, 0.006173, 3
TotalIonCurrent, 8.64942e+10
