Peptides, PeptideUnique, RateConstants, Correlations, RootMeanRSS, AbsoluteIsotopeError, Charge, m/z(Sequence), NEH, Abundance, NDP, Rsquared,sigma,CI lower band, CI upper band
QAHLcVLASNcDEPMYVK, Yes, 0.07258, 0.988235, 0.009499, 0.035031,  3,   712.32879,  35, 332692704.000000, 8.000000, 0.925400, 0.007797, 0.054140, 0.091017
QAHLcVLASNcDEPMYVK, Yes, 0.06333, 0.984224, 0.012632, 0.063455,  2,  1067.98955,  35, 73609368.000000, 9.000000, 0.925363, 0.006705, 0.047872, 0.078797
KVVGcScVVVK, Yes, 0.06734, 0.921524, 0.020369, 0.254228,  3,   412.22640,  11, 40627188.000000, 8.000000, 0.226154, 0.025936, 0.006013, 0.128669
LGEWVGLcK, Yes, 0.28440, 0.948697, 0.022617, 0.069738,  2,   531.27605,  12, 421421728.000000, 9.000000, 0.793448, 0.054719, 0.158218, 0.410580
KLGEWVGLcK, Yes, 0.03203, 0.766521, 0.045880, 0.087137,  2,   595.32353,  12, 21651908.000000, 9.000000, -0.001570, 0.036547, 0.000000, 3.699161


MeanRateConst/CorrCutOff, 0.121913, 0.900000


MedianRateConst/RMSSCutOff, 0.072579, 0.050000
StandDev/NumberPeptides, 0.011968, 4
TotalIonCurrent, 2.85579e+10
