Peptides, PeptideUnique, RateConstants, Correlations, RootMeanRSS, AbsoluteIsotopeError, Charge, m/z(Sequence), NEH, Abundance, NDP, Rsquared,sigma,CI lower band, CI upper band
DHASIQMNVAEVDR, Yes, 0.12590, 0.947448, 0.034158, 0.073736,  2,   792.87537,  33, 232360464.000000, 9.000000, 0.647670, 0.024973, 0.068311, 0.183488
DHASIQmNVAEVDR, Yes, 10.10640, 0.751888, 0.081816, 0.454250,  2,   800.87283,  33, 24111444.000000, 8.000000, 0.693072, 5498.480957, 8.793639, 11.419162
TYGIcGAIR, Yes, 0.15517, 0.948881, 0.024660, 0.336853,  2,   505.75802,  15, 552430528.000000, 9.000000, 0.837452, 0.022400, 0.103518, 0.206826
MGESDDSILR, Yes, 0.37402, 0.756945, 0.077137, 0.049134,  2,   561.75841,  21, 868448512.000000, 9.000000, 0.373306, 0.151762, 0.024051, 0.723980


MeanRateConst/CorrCutOff, 0.140536, 0.900000


MedianRateConst/RMSSCutOff, 0.155172, 0.050000
StandDev/NumberPeptides, 0.023617, 2
TotalIonCurrent, 5.22865e+10
