Peptides, PeptideUnique, RateConstants, Correlations, RootMeanRSS, AbsoluteIsotopeError, Charge, m/z(Sequence), NEH, Abundance, NDP, Rsquared,sigma,CI lower band, CI upper band
VVQVVKPHAPLIK, Yes, 0.06706, 0.692923, 0.094692, 0.259190,  2,   714.45848,  20, 7617834.000000, 7.000000, 0.316391, 0.051792, 0.000000, 3.925655
KPMSQEEMEFIQR, Yes, 0.11356, 0.970302, 0.019429, 0.147733,  2,   826.89216,  32, 12253914.000000, 6.000000, 0.928841, 0.015926, 0.072621, 0.154501
GSTSPDLLMHQGPPDTAEIIK, Yes, 0.06879, 0.950221, 0.034285, 0.164003,  2,  1104.05427,  40, 56144240.000000, 8.000000, 0.713983, 0.018734, 0.024490, 0.113088
LSASEALGSAALPSHSSAISQHSK, Yes, 0.00000, -2.000000, 0.124799, 0.237635,  3,   779.39953,  62, 64104396.000000, 6.000000, -0.033077, 0.059474, 0.000000, 6.030065
LSASEALGSAALPSHSSAISQHSK, Yes, 0.06241, 0.919099, 0.028223, 0.100079,  2,  1168.59566,  62, 6443532.500000, 8.000000, 0.758860, 0.013270, 0.031034, 0.093790
VVQVVKPHAPLIK, Yes, 0.09271, 0.976954, 0.045605, 0.047167,  3,   476.64141,  20, 61088284.000000, 6.000000, -0.745117, 0.064688, 0.000000, 3.950402
LSASEALGSAALPSHSSAISQHSK, Yes, 0.11532, 0.918566, 0.052275, 0.255840,  4,   584.80147,  62, 49440280.000000, 6.000000, 0.196650, 0.056074, 0.000000, 3.582485


MeanRateConst/CorrCutOff, 0.084368, 0.900000


MedianRateConst/RMSSCutOff, 0.092710, 0.050000
StandDev/NumberPeptides, 0.019325, 4
TotalIonCurrent, 8.23963e+09
