Peptides, PeptideUnique, RateConstants, Correlations, RootMeanRSS, AbsoluteIsotopeError, Charge, m/z(Sequence), NEH, Abundance, NDP, Rsquared,sigma,CI lower band, CI upper band
QVLSSLLSGALAGALAK, Yes, 0.14007, 0.975179, 0.020630, 0.148521,  2,   799.97741,  36, 60543612.000000, 9.000000, 0.944883, 0.013699, 0.108483, 0.171664
QVLSSLLSGALAGALAK, Yes, 0.16453, 0.982445, 0.018377, 0.081653,  3,   533.65404,  36, 22902900.000000, 9.000000, 0.930010, 0.017297, 0.124646, 0.204418
MQTAGVTGHQHGSILSTLR, Yes, 0.13999, 0.973768, 0.031747, 0.166519,  3,   665.34606,  36, 21061480.000000, 6.000000, 0.636607, 0.036177, 0.046990, 0.232984
MQTAGVTGHQHGSILSTLR, Yes, 0.11919, 0.801611, 0.055795, 0.178271,  2,   997.51545,  36, 9489062.000000, 7.000000, 0.286549, 0.050951, 0.000000, 3.706595
LLAGALAGTTAASLTYPLDLVR, Yes, 0.22150, 0.913977, 0.037184, 0.133369,  3,   729.75096,  39, 38458308.000000, 9.000000, 0.397312, 0.048432, 0.109814, 0.333183
LLAGALAGTTAASLTYPLDLVR, Yes, 0.13450, 0.931004, 0.033362, 0.050004,  2,  1094.12280,  39, 48484068.000000, 9.000000, 0.391568, 0.029314, 0.066902, 0.202099
MVFGAcAGLIGQSASYPLDVVR, Yes, 0.28627, 0.441600, 0.106952, 1.164600,  2,  1156.08231,  42, 3078244.250000, 6.000000, -0.710746, 0.273466, 0.000000, 3.710143
EMYSNIFHVFIR, Yes, 0.13201, 0.975765, 0.014087, 0.104813,  3,   519.26238,  19, 27328780.000000, 4.000000, 0.947777, 0.021314, 0.064176, 0.199835


MeanRateConst/CorrCutOff, 0.142220, 0.900000


MedianRateConst/RMSSCutOff, 0.139987, 0.050000
StandDev/NumberPeptides, 0.020878, 5
TotalIonCurrent, 1.34669e+10
