Peptides, PeptideUnique, RateConstants, Correlations, RootMeanRSS, AbsoluteIsotopeError, Charge, m/z(Sequence), NEH, Abundance, NDP, Rsquared,sigma,CI lower band, CI upper band
FGQDIISPLLSVK, Yes, 0.37029, 0.961014, 0.024893, 0.103732,  2,   708.90848,  20, 43055328.000000, 9.000000, 0.878273, 0.059702, 0.232612, 0.507960
LTSAVSSLPELLEK, Yes, 0.60424, 0.960870, 0.027358, 0.111905,  2,   743.92177,  26, 40164956.000000, 9.000000, 0.919962, 0.099838, 0.374010, 0.834463
ALTDAGcNLSPLQYIK, Yes, 0.06194, 0.799110, 0.042811, 0.166481,  2,   882.45345,  28, 39190924.000000, 9.000000, -0.132706, 0.022704, 0.009582, 0.114294
SLLDVISDPDAGTPEDK, Yes, 0.16044, 0.669918, 0.096580, 0.073737,  2,   886.43345,  31, 55800156.000000, 9.000000, 0.304200, 0.073910, 0.000000, 2.874252
LIDLHTNVATAVLEHIK, Yes, 0.58233, 0.985596, 0.013109, 0.078994,  4,   472.52291,  27, 19469424.000000, 8.000000, 0.969194, 0.059000, 0.442814, 0.721841
VNLEESTGVENSPAGARPK, Yes, 0.34438, 0.975424, 0.020437, 0.110750,  2,   977.99505,  44, 11803424.000000, 8.000000, 0.820107, 0.055332, 0.213538, 0.475217
SKLEDIANAALAASAVTQVAK, Yes, 0.17350, 0.575039, 0.076367, 0.104653,  3,   691.05129,  49, 63578312.000000, 8.000000, -1.036990, 0.095542, 0.000000, 2.804621
GSPFPEVAESVQQELESYR, Yes, 0.41513, 0.879032, 0.048165, 0.063724,  2,  1076.51328,  48, 13653890.000000, 9.000000, 0.462348, 0.112344, 0.156060, 0.674192
MASTPASYGNTTTKPMGLLSR, Yes, 0.04341, 0.533905, 0.069344, 0.467587,  2,  1092.54300,  35, 14738267.000000, 9.000000, 0.287886, 0.026086, 0.000000, 3.562385
MASTPASYGNTTTKPMGLLSR, Yes, 0.17879, 0.597601, 0.069527, 0.181342,  3,   728.69776,  35, 48943812.000000, 8.000000, 0.300316, 0.062109, 0.031929, 0.325657
LIDLHTNVATAVLEHIK, Yes, 0.32049, 0.861543, 0.046953, 0.251753,  3,   629.69479,  27, 9485732.000000, 5.000000, 0.627407, 0.117776, 0.000000, 1.571941


MeanRateConst/CorrCutOff, 0.475307, 0.900000


MedianRateConst/RMSSCutOff, 0.582328, 0.050000
StandDev/NumberPeptides, 0.064738, 4
TotalIonCurrent, 1.59944e+10
