Peptides, PeptideUnique, RateConstants, Correlations, RootMeanRSS, AbsoluteIsotopeError, Charge, m/z(Sequence), NEH, Abundance, NDP, Rsquared,sigma,CI lower band, CI upper band
EEEEFNTGPLSVLTQSVK, Yes, 0.00080, 0.779848, 0.066811, 0.287275,  2,  1003.99948,  35, 31426676.000000, 8.000000, -0.460820, 0.017013, 0.000000, 5.139162
REEEEFNTGPLSVLTQSVK, Yes, 0.08862, 0.947714, 0.020231, 0.292389,  2,  1082.05003,  38, 23042278.000000, 8.000000, 0.834849, 0.013920, 0.055706, 0.121538
HcNMVLENVK, Yes, 15.81658, 0.725682, 0.110337, 1.464476,  2,   622.29973,  15, 55745444.000000, 8.000000, 0.299420, 4194005.250000, 12.532143, 19.101017


MeanRateConst/CorrCutOff, 5.302002, 0.900000


MedianRateConst/RMSSCutOff, 0.088622, 0.050000
StandDev/NumberPeptides, 0.022968, 1
TotalIonCurrent, 4.30781e+09
