Peptides, PeptideUnique, RateConstants, Correlations, RootMeanRSS, AbsoluteIsotopeError, Charge, m/z(Sequence), NEH, Abundance, NDP, Rsquared,sigma,CI lower band, CI upper band
ELSANTAAFAK, Yes, 0.20100, 0.548759, 0.156581, 0.238412,  2,   561.79310,  26, 13239966.000000, 7.000000, -0.087167, 0.165624, 0.000000, 3.255166
VGDGMNAYMAYR, Yes, 0.08704, 0.792197, 0.043676, 0.483106,  2,   674.29464,  22, 2849352.750000, 7.000000, 0.438939, 0.033202, 0.005796, 0.168278
AVNTQALSGAGILR, Yes, 0.21416, 0.968465, 0.025048, 0.054140,  2,   685.89115,  30, 59582068.000000, 8.000000, 0.910059, 0.022988, 0.159798, 0.268515
QQQFENLDQQLR, Yes, 0.22212, 0.965252, 0.024812, 0.100878,  2,   773.88405,  32, 95277024.000000, 9.000000, 0.847340, 0.028787, 0.155741, 0.288507
SAAMLGNSEDHTALSR, Yes, 0.12139, 0.922624, 0.031363, 0.233011,  3,   553.93001,  38, 116356544.000000, 9.000000, 0.710621, 0.023799, 0.066506, 0.176269
SAAMLGNSEDHTALSR, Yes, 0.22345, 0.860757, 0.048584, 0.039779,  2,   830.39138,  38, 40971164.000000, 9.000000, 0.667632, 0.043110, 0.124037, 0.322861
YLESLVQTQQQLIK, Yes, 0.11911, 0.749781, 0.074699, 0.211798,  2,   845.97233,  26, 36667772.000000, 8.000000, 0.168700, 0.049650, 0.001712, 0.236517
ELILSSEPSPAVTPVTPTTLIAPR, Yes, 0.18658, 0.914736, 0.019863, 0.051064,  3,   830.46689,  45, 12195623.000000, 8.000000, 0.414225, 0.041972, 0.087331, 0.285829
ELILSSEPSPAVTPVTPTTLIAPR, Yes, 0.15029, 0.960708, 0.020493, 0.120717,  2,  1245.19670,  45, 15304168.000000, 9.000000, 0.849353, 0.023861, 0.095271, 0.205319
HPTLLQDPDLR, Yes, 0.85856, 0.875000, 0.044752, 0.843769,  2,   652.85150,  21, 30148622.000000, 8.000000, -0.010237, 0.565704, 0.000000, 4.253044
YLHVGYIVPPAPEK, Yes, 0.12880, 0.532447, 0.095731, 0.258577,  2,   791.93503,  24, 49814816.000000, 9.000000, 0.086857, 0.051198, 0.010741, 0.246866


MeanRateConst/CorrCutOff, 0.193289, 0.900000


MedianRateConst/RMSSCutOff, 0.186580, 0.050000
StandDev/NumberPeptides, 0.027783, 4
TotalIonCurrent, 1.80092e+10
