Peptides, PeptideUnique, RateConstants, Correlations, RootMeanRSS, AbsoluteIsotopeError, Charge, m/z(Sequence), NEH, Abundance, NDP, Rsquared,sigma,CI lower band, CI upper band
HcPLPQTTFWGMVTPR, Yes, 0.16366, 0.816963, 0.050181, 0.030321,  3,   643.31505,  24, 34497088.000000, 4.000000, 0.368113, 0.240293, 0.000000, 5.221792
SLIDELMEVQHFR, Yes, 0.04562, 0.986793, 0.046724, 0.049946,  3,   539.60821,  26, 225094576.000000, 4.000000, 0.653838, 0.021691, 0.000000, 1.486912
ELAELLDR, Yes, 16.44863, 0.894003, 0.102780, 0.311023,  2,   479.76381,  19, 204409056.000000, 6.000000, 0.850488, 2588659.750000, 14.726025, 18.171227
ALWEAMQAYPK, Yes, 0.47278, 0.947998, 0.066510, 0.975037,  2,   654.32625,  25, 58509004.000000, 5.000000, 0.637164, 0.224397, 0.000000, 1.570049
THGTPDLVQWTR, Yes, 0.02376, 0.974578, 0.008175, 0.078732,  2,   705.85987,  18, 113182040.000000, 6.000000, 0.848005, 0.003356, 0.015134, 0.032390
KSLIDELMEVQHFR, Yes, 0.12995, 0.568308, 0.086309, 0.371302,  3,   582.30653,  27, 4045731.500000, 6.000000, -2.178093, 0.092874, 0.000000, 2.464694


MeanRateConst/CorrCutOff, 0.034689, 0.900000


MedianRateConst/RMSSCutOff, 0.045615, 0.050000
StandDev/NumberPeptides, 0.005813, 2
TotalIonCurrent, 9.34357e+09
