Peptides, PeptideUnique, RateConstants, Correlations, RootMeanRSS, AbsoluteIsotopeError, Charge, m/z(Sequence), NEH, Abundance, NDP, Rsquared,sigma,CI lower band, CI upper band
AAEIDcQDIEER, Yes, 0.00344, 1.000000, 0.008249, 0.250456,  2,   724.81972,  34, 21107988.000000, 2.000000, 0.665016, 0.002377, 0.000000, 5.828781
LLSGEDVGQDEGATR, Yes, 0.17039, 0.772327, 0.046637, 0.270308,  2,   773.87082,  33, 37496444.000000, 7.000000, -0.368494, 0.052445, 0.042061, 0.298719
AQSLLSAGHPEGEQIIR, Yes, 0.01203, 0.847882, 0.028223, 0.429277,  2,   903.47884,  45, 4320254.000000, 6.000000, -0.179331, 0.020045, 0.000000, 5.214287
VHLENMGSHDIVDGNHR, No, 0.00728, -2.000000, 0.000014, 0.273524,  2,   965.45285,  34, 3760372.750000, 1.000000, 0.000000, inf, 0.007282, 0.007282


MeanRateConst/CorrCutOff, 0.048285, 0.900000


MedianRateConst/RMSSCutOff, 0.012028, 0.050000
StandDev/NumberPeptides, 0.008168, 0
TotalIonCurrent, 1.02657e+09
