Peptides, PeptideUnique, RateConstants, Correlations, RootMeanRSS, AbsoluteIsotopeError, Charge, m/z(Sequence), NEH, Abundance, NDP, Rsquared,sigma,CI lower band, CI upper band
EEMDHSVSPFMR, Yes, 0.07355, 0.830487, 0.040571, 0.192460,  2,   732.81594,  27, 10379967.000000, 8.000000, 0.093784, 0.021238, 0.023333, 0.123774
THLPVQLLPSSFWK, Yes, 0.31457, 0.954644, 0.019432, 0.028753,  3,   551.64348,  20, 157551616.000000, 9.000000, 0.776845, 0.061509, 0.172734, 0.456413
THLPVQLLPSSFWK, Yes, 0.31732, 0.989881, 0.009220, 0.065454,  2,   826.96158,  20, 123896760.000000, 9.000000, 0.972712, 0.021439, 0.267878, 0.366755
ENPSANYTTMMK, Yes, 0.34549, 0.984892, 0.015829, 0.149198,  2,   693.80503,  20, 74175088.000000, 6.000000, 0.946590, 0.040948, 0.240231, 0.450749
FMAGQVSFGPWYDHVK, Yes, 0.12066, 0.936689, 0.026951, 0.280127,  2,   934.94307,  25, 46165992.000000, 7.000000, 0.691676, 0.037487, 0.028934, 0.212388
ENPSANYTTMMKEEMDHSVSPFMR, Yes, 0.10277, 0.901467, 0.023588, 0.122976,  3,   944.74137,  47, 64573088.000000, 6.000000, 0.631969, 0.036425, 0.009136, 0.196400
RVPFMELIIPGITNGVEMLNNMPSPR, Yes, 0.00351, 0.584524, 0.036334, 0.132797,  3,   975.84309,  46, 71811368.000000, 8.000000, -0.058749, 0.011145, 0.000000, 4.650361
FMAGQVSFGPWYDHVK, Yes, 0.31030, 0.964551, 0.032008, 0.332522,  3,   623.63114,  25, 113157208.000000, 7.000000, 0.853269, 0.076208, 0.123828, 0.496778
SGTTWVSEILDLIYNNGDAEK, Yes, 0.47343, 0.793646, 0.041967, 0.217801,  3,   775.71301,  34, 1856279.000000, 9.000000, 0.458656, 0.142942, 0.143807, 0.803058
SGTTWVSEILDLIYNNGDAEK, Yes, 0.28306, 0.784853, 0.038327, 0.152040,  2,  1163.06588,  34, 1706403.250000, 9.000000, 0.478430, 0.070505, 0.120475, 0.445644
ENPSANYTTMMKEEMDHSVSPFMR, Yes, 0.24612, 0.961626, 0.015971, 0.115685,  4,   708.80784,  47, 41368756.000000, 6.000000, 0.857056, 0.034875, 0.156473, 0.335772


MeanRateConst/CorrCutOff, 0.306761, 0.900000


MedianRateConst/RMSSCutOff, 0.314574, 0.050000
StandDev/NumberPeptides, 0.038724, 5
TotalIonCurrent, 3.69609e+10
