Peptides, PeptideUnique, RateConstants, Correlations, RootMeanRSS, AbsoluteIsotopeError, Charge, m/z(Sequence), NEH, Abundance, NDP, Rsquared,sigma,CI lower band, CI upper band
MLVVGGIDR, Yes, 0.61730, 0.568259, 0.079698, 0.043263,  2,   480.27077,  13, 116262408.000000, 6.000000, -0.204322, 0.509838, 0.000000, 3.118933
RGDIIGVEGNPGK, Yes, 0.13153, 0.952338, 0.033720, 0.115129,  2,   656.35441,  25, 79173736.000000, 8.000000, 0.835194, 0.020696, 0.082590, 0.180465
LPETSLFETEETR, Yes, 0.26782, 0.970698, 0.021644, 0.034377,  2,   776.38048,  26, 421056960.000000, 9.000000, 0.937988, 0.029915, 0.198833, 0.336803
LPETSLFETEETRK, Yes, 0.22382, 0.980104, 0.028651, 0.117183,  3,   560.62106,  27, 68548984.000000, 6.000000, 0.476008, 0.075194, 0.030524, 0.417109
LPETSLFETEETRK, Yes, 0.14190, 0.714092, 0.058570, 0.192121,  2,   840.42795,  27, 88513504.000000, 7.000000, 0.223669, 0.058751, 0.000000, 3.466785
EIcNAYTELNDPVR, Yes, 0.33729, 0.978581, 0.017038, 0.146729,  2,   847.39613,  27, 51618116.000000, 9.000000, 0.957491, 0.030322, 0.267367, 0.407214
ITYHPDGPEGQAYEVDFTPPFR, Yes, 0.02163, 0.661842, 0.061707, 0.197730,  3,   846.06417,  43, 163376512.000000, 8.000000, 0.198400, 0.021040, 0.000000, 4.326418
LIFYDLR, Yes, 1.60036, 0.877710, 0.072303, 0.062635,  2,   470.26854,  8, 128029896.000000, 6.000000, 0.446696, 2.516363, 0.000000, 4.222797


MeanRateConst/CorrCutOff, 0.240113, 0.900000


MedianRateConst/RMSSCutOff, 0.267818, 0.050000
StandDev/NumberPeptides, 0.031244, 4
TotalIonCurrent, 2.90718e+10
