Peptides, PeptideUnique, RateConstants, Correlations, RootMeanRSS, AbsoluteIsotopeError, Charge, m/z(Sequence), NEH, Abundance, NDP, Rsquared,sigma,CI lower band, CI upper band
TSDLIVLGLPWK, Yes, 0.34149, 0.971619, 0.016086, 0.094882,  2,   671.39247,  13, 122227104.000000, 9.000000, 0.929021, 0.044023, 0.239974, 0.443010
FGGNPGGFGNQGGFGNSR, Yes, 0.40047, 0.985590, 0.017270, 0.042665,  2,   863.88769,  35, 68141072.000000, 9.000000, 0.953785, 0.035876, 0.317739, 0.483199
LVEGILHAPDAGWGNLVYVVNYPK, Yes, 0.13873, 0.504629, 0.056320, 0.110936,  2,  1312.69720,  38, 14874385.000000, 9.000000, -0.804401, 0.110284, 0.000000, 3.784606
LVEGILHAPDAGWGNLVYVVNYPK, Yes, 0.21165, 0.928296, 0.021494, 0.460713,  3,   875.46723,  38, 113487072.000000, 9.000000, -0.228518, 0.109653, 0.000000, 2.839033
AFAFVTFADDKVAQSLcGEDLIIK, Yes, 0.01728, 0.042205, 0.069441, 0.309269,  3,   886.78764,  42, 10338096.000000, 9.000000, -0.322721, 0.018822, 0.000000, 3.642236


MeanRateConst/CorrCutOff, 0.317871, 0.900000


MedianRateConst/RMSSCutOff, 0.341492, 0.050000
StandDev/NumberPeptides, 0.050244, 3
TotalIonCurrent, 2.20127e+10
