Peptides, PeptideUnique, RateConstants, Correlations, RootMeanRSS, AbsoluteIsotopeError, Charge, m/z(Sequence), NEH, Abundance, NDP, Rsquared,sigma,CI lower band, CI upper band
TLMNLGGLAVAR, Yes, 0.21169, 0.871259, 0.051379, 0.089005,  2,   608.34753,  21, 118063568.000000, 8.000000, 0.576657, 0.068404, 0.049936, 0.373437
LINSLYPEGQAPVK, Yes, 0.25204, 0.964836, 0.025562, 0.076892,  2,   764.92211,  27, 78279472.000000, 8.000000, 0.878241, 0.035018, 0.169231, 0.334842
YGINTTDIFQTVDLWEGK, Yes, 0.10029, 0.871514, 0.033052, 0.119263,  2,  1050.51785,  22, 67225424.000000, 7.000000, 0.618768, 0.035618, 0.013133, 0.187440


MeanRateConst/CorrCutOff, 0.188003, 0.900000


MedianRateConst/RMSSCutOff, 0.211687, 0.050000
StandDev/NumberPeptides, 0.042105, 1
TotalIonCurrent, 1.08279e+10
