Peptides, PeptideUnique, RateConstants, Correlations, RootMeanRSS, AbsoluteIsotopeError, Charge, m/z(Sequence), NEH, Abundance, NDP, Rsquared,sigma,CI lower band, CI upper band
VTDLLGGLFSK, Yes, 0.29441, 0.980524, 0.020557, 0.058900,  2,   575.32934,  12, 87884224.000000, 9.000000, 0.878857, 0.047723, 0.184361, 0.404461
TEMSEVLTEILR, Yes, 0.69052, 0.960297, 0.022807, 0.149779,  2,   710.87123,  22, 36539952.000000, 9.000000, 0.930692, 0.107781, 0.441974, 0.939059
DQEELNPYAAWR, Yes, 0.26945, 0.875832, 0.046521, 0.167086,  2,   746.34676,  30, 47244384.000000, 9.000000, 0.521349, 0.075538, 0.095258, 0.443638
ELDESVLGQTGPYR, Yes, 0.41020, 0.813207, 0.062393, 0.050965,  2,   782.38610,  28, 68288624.000000, 9.000000, 0.752550, 0.094595, 0.192060, 0.628333
VFEANEEALGVVLHK, Yes, 0.10031, 0.661313, 0.074004, 0.384374,  3,   552.29814,  30, 55700176.000000, 9.000000, 0.322740, 0.042746, 0.001739, 0.198884
DWcYEATYSQLAHPIQQAK, Yes, 0.00000, -2.000000, 0.051548, 0.225934,  2,  1155.03640,  42, 2995916.750000, 3.000000, -1.760662, 0.044219, 0.000000, 2.224797
KGFLSGLLDNIK, Yes, 0.19451, 0.959399, 0.017305, 0.109486,  3,   435.59060,  14, 12293401.000000, 5.000000, 0.885287, 0.031963, 0.105767, 0.283254
KGFLSGLLDNIK, Yes, 0.12106, 0.810546, 0.052918, 0.332733,  2,   652.88226,  14, 16545037.000000, 7.000000, 0.346943, 0.084347, 0.000000, 3.120505
KLEESDALQEAR, Yes, 0.29551, 0.691940, 0.086368, 0.095175,  2,   694.85441,  33, 71654352.000000, 9.000000, 0.065977, 0.100223, 0.064398, 0.526628
ILDISNVDLAMGK, Yes, 0.37349, 0.633549, 0.114619, 0.021633,  2,   694.87632,  19, 90150000.000000, 7.000000, 0.377591, 0.212161, 0.000000, 2.985144
DFKDNNVVFNR, Yes, 0.05263, 0.757977, 0.086735, 0.334546,  2,   684.33876,  15, 76236040.000000, 8.000000, 0.413303, 0.028829, 0.000000, 3.560468


MeanRateConst/CorrCutOff, 0.393146, 0.900000


MedianRateConst/RMSSCutOff, 0.294411, 0.050000
StandDev/NumberPeptides, 0.048766, 3
TotalIonCurrent, 1.90079e+10
