Peptides, PeptideUnique, RateConstants, Correlations, RootMeanRSS, AbsoluteIsotopeError, Charge, m/z(Sequence), NEH, Abundance, NDP, Rsquared,sigma,CI lower band, CI upper band
IPDQLVILDMK, Yes, 0.47596, 0.978026, 0.020725, 0.063584,  2,   642.86522,  15, 441897568.000000, 9.000000, 0.936852, 0.067552, 0.320189, 0.631741
ITDSAGHILYAK, Yes, 0.36063, 0.961952, 0.031660, 0.122241,  2,   644.84842,  21, 72630256.000000, 9.000000, 0.758182, 0.075260, 0.187083, 0.534182
IPDQLVILDmK, Yes, 0.78636, 0.752821, 0.069530, 0.039638,  2,   650.86268,  15, 9059182.000000, 5.000000, 0.283414, 2.531707, 0.000000, 140.942337
LEDLSESIVNDFAYMK, Yes, 0.83329, 0.981077, 0.014690, 0.090803,  2,   937.44803,  27, 56541324.000000, 9.000000, 0.237539, 0.600962, 0.000000, 4.580840
RLEDLSESIVNDFAYMK, Yes, 0.28103, 0.961315, 0.017937, 0.061844,  2,  1015.49858,  31, 142149104.000000, 9.000000, 0.782237, 0.049228, 0.167514, 0.394556
RLEDLSESIVNDFAYMK, Yes, 0.36048, 0.988013, 0.010637, 0.044593,  3,   677.33481,  31, 121883208.000000, 9.000000, 0.664769, 0.086067, 0.162010, 0.558954
ITDSAGHILYAK, Yes, 0.45139, 0.972011, 0.021232, 0.419859,  3,   430.23470,  21, 222533840.000000, 9.000000, 0.943748, 0.052803, 0.329628, 0.573156


MeanRateConst/CorrCutOff, 0.412118, 0.900000


MedianRateConst/RMSSCutOff, 0.360633, 0.050000
StandDev/NumberPeptides, 0.068204, 4
TotalIonCurrent, 7.45995e+10
