Peptides, PeptideUnique, RateConstants, Correlations, RootMeanRSS, AbsoluteIsotopeError, Charge, m/z(Sequence), NEH, Abundance, NDP, Rsquared,sigma,CI lower band, CI upper band
NNQIEQFSVK, Yes, 0.54705, 0.674589, 0.070298, 0.050770,  2,   603.80929,  20, 141678912.000000, 9.000000, 0.199444, 0.231045, 0.014259, 1.079842
KNNQIEQFSVK, Yes, 0.26298, 0.963405, 0.024959, 0.109127,  2,   667.85677,  21, 58871036.000000, 6.000000, 0.880579, 0.042316, 0.154203, 0.371755
ALPNcSFPNLQR, Yes, 1.46850, 0.959748, 0.033404, 0.063529,  2,   708.85625,  26, 79645896.000000, 6.000000, 0.841648, 0.657805, 0.572699, 2.364310
LQGLSSLTYASESK, Yes, 0.89312, 0.698865, 0.072588, 0.194747,  2,   742.38556,  27, 127760672.000000, 9.000000, 0.373404, 0.492051, 0.000000, 3.598374
KESAYPNSSLFMFFK, Yes, 0.72486, 0.889703, 0.034383, 0.204983,  3,   599.29563,  24, 14225270.000000, 6.000000, 0.445104, 0.351105, 0.000000, 3.746321
MSQAcHEVDDSSVVGLK, Yes, 1.01001, 0.970870, 0.021261, 0.091879,  2,   931.42458,  34, 63406208.000000, 8.000000, 0.929098, 0.183813, 0.575363, 1.444662
LEcQINSALTSFHTALELAVDQR, Yes, 0.10661, 0.803557, 0.047183, 0.389301,  3,   872.77439,  49, 77154840.000000, 9.000000, 0.578898, 0.039368, 0.015823, 0.197389
LTEEPLASDAANDNHVVAEGVTEESLSR, Yes, 0.47682, 0.725048, 0.042069, 0.152079,  3,   985.13888,  65, 47648956.000000, 8.000000, -0.728450, 0.313300, 0.000000, 2.684432
EDFSGYDFENR, Yes, 0.52819, 0.967822, 0.055452, 0.193006,  2,   689.78093,  22, 93207248.000000, 8.000000, 0.596904, 0.208532, 0.035093, 1.021290
ESAYPNSSLFMFFK, Yes, 0.32347, 0.852729, 0.061244, 0.311054,  2,   834.39233,  23, 28660046.000000, 8.000000, 0.622925, 0.134283, 0.005946, 0.641003
MSQAcHEVDDSSVVGLK, Yes, 0.46577, 0.861680, 0.056514, 0.576077,  3,   621.28548,  34, 50482000.000000, 7.000000, 0.547917, 0.112788, 0.189794, 0.741756


MeanRateConst/CorrCutOff, 0.913832, 0.900000


MedianRateConst/RMSSCutOff, 1.010013, 0.050000
StandDev/NumberPeptides, 0.098064, 3
TotalIonCurrent, 3.46522e+10
