Peptides, PeptideUnique, RateConstants, Correlations, RootMeanRSS, AbsoluteIsotopeError, Charge, m/z(Sequence), NEH, Abundance, NDP, Rsquared,sigma,CI lower band, CI upper band
DGLGGLPDIVR, Yes, 0.26281, 0.781858, 0.089744, 0.087793,  2,   556.30894,  18, 49732488.000000, 7.000000, -0.484831, 0.219980, 0.000000, 3.166839
IVILPDYLEIAR, Yes, 0.42822, 0.911429, 0.064392, 0.067379,  2,   707.91884,  21, 68492448.000000, 9.000000, 0.332790, 0.206006, 0.000000, 2.380892
KQEVQAWDGEVR, Yes, 0.35963, 0.984020, 0.015970, 0.058304,  2,   722.86259,  28, 59028532.000000, 8.000000, 0.704350, 0.076252, 0.179326, 0.539942
YFDGSGGNNHAVEHYR, Yes, 0.30766, 0.975511, 0.019642, 0.494577,  3,   608.26791,  33, 13102640.000000, 9.000000, 0.926480, 0.031939, 0.234008, 0.381312
YFDGSGGNNHAVEHYR, Yes, 0.23854, 0.295224, 0.154437, 0.109062,  4,   456.45275,  33, 30459446.000000, 9.000000, -0.430171, 0.234952, 0.000000, 4.093332
IFQNAPTDPTQDFSTQVAK, Yes, 0.27784, 0.977781, 0.018195, 0.217808,  2,  1054.51838,  36, 58509376.000000, 8.000000, 0.917479, 0.033950, 0.197559, 0.358118
GTGLQPGEEELPDIAPPLVTPDEPK, Yes, 0.28052, 0.973875, 0.012396, 0.131352,  2,  1300.16051,  53, 20874514.000000, 7.000000, 0.946069, 0.024486, 0.220606, 0.340437
LGHGLLSGEYSKPALESGDGEQVPEQK, Yes, 0.19371, 0.908829, 0.021180, 0.098532,  3,   942.46991,  60, 11354873.000000, 6.000000, 0.703915, 0.044376, 0.079635, 0.307781
IGEWELIQESGVPLKPLFGPGYTGIR, Yes, 0.30146, 0.969523, 0.011132, 0.066065,  3,   952.84799,  46, 47573664.000000, 9.000000, 0.936751, 0.031833, 0.228054, 0.374868
VDYIMQLPVPMDAALNKEELLEYEEK, Yes, 0.16970, 0.957515, 0.014714, 0.060165,  3,  1027.51171,  51, 28958188.000000, 9.000000, 0.885074, 0.020043, 0.123481, 0.215917
VTSAVEALLSADSASR, Yes, 0.22063, 0.862669, 0.055855, 0.091642,  2,   788.91247,  38, 86177800.000000, 9.000000, 0.521764, 0.047550, 0.110983, 0.330282
SAAESISESVPVGPK, Yes, 0.41656, 0.851824, 0.061499, 0.170067,  2,   729.37774,  36, 129243864.000000, 9.000000, 0.110899, 0.178725, 0.004417, 0.828698


MeanRateConst/CorrCutOff, 0.286804, 0.900000


MedianRateConst/RMSSCutOff, 0.280521, 0.050000
StandDev/NumberPeptides, 0.035573, 6
TotalIonCurrent, 3.24337e+10
