Peptides, PeptideUnique, RateConstants, Correlations, RootMeanRSS, AbsoluteIsotopeError, Charge, m/z(Sequence), NEH, Abundance, NDP, Rsquared,sigma,CI lower band, CI upper band
YFSLPSVIFAR, Yes, 0.32318, 0.975250, 0.016182, 0.027054,  2,   650.35843,  18, 334001792.000000, 9.000000, 0.941405, 0.032296, 0.248708, 0.397656
TYSISHTLEDLDR, Yes, 0.21280, 0.791570, 0.050338, 0.046146,  2,   775.37827,  22, 113426840.000000, 9.000000, 0.636739, 0.048087, 0.101916, 0.323693
FFDAVFLDPFDVcGLIVAK, Yes, 0.04142, 0.395193, 0.070508, 0.361504,  2,  1087.05557,  25, 7305515.500000, 9.000000, 0.200134, 0.026159, 0.000000, 3.325885
GVFcDYLEEGAQcPSLPSYVPR, Yes, 0.16286, 0.983063, 0.010223, 0.093950,  2,  1272.58033,  45, 51553272.000000, 9.000000, 0.945974, 0.014540, 0.129329, 0.196387
GFFELTFSHcR, Yes, 14.52417, 0.911078, 0.062229, 0.219674,  2,   700.82444,  18, 22192242.000000, 7.000000, 0.515643, 786868.625000, 12.090127, 16.958210
GVFcDYLEEGAQcPSLPSYVPR, Yes, 0.12881, 0.721645, 0.034706, 0.124159,  3,   848.72264,  45, 37286472.000000, 9.000000, 0.193992, 0.035465, 0.047025, 0.210592


MeanRateConst/CorrCutOff, 0.243020, 0.900000


MedianRateConst/RMSSCutOff, 0.323182, 0.050000
StandDev/NumberPeptides, 0.020052, 2
TotalIonCurrent, 3.23808e+10
