Peptides, PeptideUnique, RateConstants, Correlations, RootMeanRSS, AbsoluteIsotopeError, Charge, m/z(Sequence), NEH, Abundance, NDP, Rsquared,sigma,CI lower band, CI upper band
VLSVPESTPFTAVLK, Yes, 0.37214, 0.978367, 0.015588, 0.037375,  2,   794.45326,  22, 428079936.000000, 7.000000, 0.954818, 0.040143, 0.273919, 0.470371
VPAATSAIITNDGIGINPAQTAGNVFLK, Yes, 0.22720, 0.935255, 0.020737, 0.187543,  2,  1377.24524,  52, 3056932.000000, 5.000000, 0.669211, 0.118398, 0.000000, 3.086810
FAAEEFKVPAATSAIITNDGIGINPAQTAGNVFLK, Yes, 0.37950, 0.974991, 0.007771, 0.106374,  4,   894.72406,  69, 6057793.500000, 7.000000, 0.949125, 0.038563, 0.285140, 0.473861
FAAEEFKVPAATSAIITNDGIGINPAQTAGNVFLK, Yes, 0.34292, 0.999793, 0.000811, 0.050656,  3,  1192.62965,  69, 14066252.000000, 3.000000, 0.999506, 0.005907, 0.317504, 0.368332


MeanRateConst/CorrCutOff, 0.326282, 0.900000


MedianRateConst/RMSSCutOff, 0.372145, 0.050000
StandDev/NumberPeptides, 0.050600, 3
TotalIonCurrent, 1.66644e+10
