Peptides, PeptideUnique, RateConstants, Correlations, RootMeanRSS, AbsoluteIsotopeError, Charge, m/z(Sequence), NEH, Abundance, NDP, Rsquared,sigma,CI lower band, CI upper band
HGSSEDEEWLTAER, Yes, 0.33998, 0.987883, 0.010445, 0.211020,  2,   823.35806,  36, 18916230.000000, 4.000000, -0.467821, 0.238410, 0.000000, 2.928638
ALTLQDLDNIWAAQAGK, Yes, 0.09481, 0.787827, 0.052069, 0.296207,  2,   914.48359,  35, 90573008.000000, 8.000000, 0.551871, 0.034536, 0.013141, 0.176472
EYINEcDSDYHEER, Yes, 1.02733, 0.993451, 0.014205, 0.093420,  3,   620.24432,  33, 10908131.000000, 7.000000, 0.975340, 0.133154, 0.701511, 1.353142
EYINEcDSDYHEER, Yes, 0.75573, 0.959986, 0.028882, 0.156883,  2,   929.86284,  33, 2509773.500000, 5.000000, 0.919910, 0.167360, 0.291064, 1.220394
VVIQSNDDIAcR, Yes, 0.04691, 0.596886, 0.068225, 0.046761,  2,   695.34318,  24, 65093616.000000, 8.000000, 0.231973, 0.028406, 0.000000, 3.129434


MeanRateConst/CorrCutOff, 0.707679, 0.900000


MedianRateConst/RMSSCutOff, 0.755729, 0.050000
StandDev/NumberPeptides, 0.169686, 3
TotalIonCurrent, 2.5116e+09
