Peptides, PeptideUnique, RateConstants, Correlations, RootMeanRSS, AbsoluteIsotopeError, Charge, m/z(Sequence), NEH, Abundance, NDP, Rsquared,sigma,CI lower band, CI upper band
TScEFTGDILR, Yes, 0.03737, 0.551914, 0.047119, 0.103024,  2,   649.80591,  17, 17501180.000000, 7.000000, -0.330047, 0.024499, 0.000000, 3.094579
KTScEFTGDILR, Yes, 0.23624, 0.680631, 0.058401, 0.093033,  2,   713.85338,  18, 26221344.000000, 8.000000, 0.013339, 0.101495, 0.000000, 2.172123
IPQSTLSEFYPR, Yes, 0.29526, 0.935621, 0.031742, 0.131879,  2,   719.37226,  24, 24865298.000000, 9.000000, 0.553798, 0.082604, 0.104776, 0.485747
AVVQVFEGTSGIDAK, Yes, 0.44437, 0.908164, 0.053652, 0.046788,  2,   760.90140,  28, 38046032.000000, 9.000000, 0.515633, 0.148440, 0.102067, 0.786673
TVSGVNGPLVILDHVK, Yes, 0.26636, 0.969936, 0.058434, 0.331336,  3,   549.98580,  21, 31559702.000000, 3.000000, 0.445557, 0.146540, 0.000000, 4.344664
GFPGYMYTDLATIYER, Yes, 0.97391, 0.914582, 0.030097, 0.135159,  2,   948.94546,  24, 12185456.000000, 8.000000, 0.061553, 0.802146, 0.000000, 4.930542
IPIFSAAGLPHNEIAAQIcR, Yes, 0.37939, 0.985498, 0.012648, 0.059933,  3,   726.72111,  48, 65024044.000000, 8.000000, 0.970523, 0.028579, 0.311807, 0.446966
IPIFSAAGLPHNEIAAQIcR, Yes, 0.26711, 0.995509, 0.026328, 0.267493,  2,  1089.57803,  48, 5087739.000000, 6.000000, 0.345532, 0.084809, 0.049098, 0.485116
IYPEEMIQTGISAIDGMNSIAR, Yes, 0.35071, 0.664473, 0.046478, 0.171201,  2,  1205.09305,  46, 15000272.000000, 9.000000, -0.135624, 0.121821, 0.069792, 0.631633
IYPEEMIQTGISAIDGMNSIAR, Yes, 0.33945, 0.784297, 0.044740, 0.139735,  3,   803.73112,  46, 17562146.000000, 9.000000, 0.279567, 0.093053, 0.124868, 0.554030
GPVVLAEDFLDIMGQPINPQcR, Yes, 0.27808, 0.823242, 0.037063, 0.089067,  3,   823.74701,  44, 17520378.000000, 9.000000, 0.107679, 0.110091, 0.024214, 0.531953
GPVVLAEDFLDIMGQPINPQcR, Yes, 0.32146, 0.620700, 0.049066, 0.200888,  2,  1235.11688,  44, 9480266.000000, 9.000000, -0.253685, 0.136705, 0.006221, 0.636706
TVSGVNGPLVILDHVK, Yes, 0.00000, -2.000000, 0.085891, 0.231527,  2,   824.47506,  21, 2023591.000000, 3.000000, -0.006390, 0.071362, 0.000000, 5.627767
YAEIVHLTLPDGTK, Yes, 0.07216, 0.538759, 0.087618, 0.380710,  3,   519.61548,  21, 26203992.000000, 9.000000, 0.285760, 0.037141, 0.000000, 3.252074


MeanRateConst/CorrCutOff, 0.478917, 0.900000


MedianRateConst/RMSSCutOff, 0.379386, 0.050000
StandDev/NumberPeptides, 0.066518, 4
TotalIonCurrent, 1.70288e+10
