Peptides, PeptideUnique, RateConstants, Correlations, RootMeanRSS, AbsoluteIsotopeError, Charge, m/z(Sequence), NEH, Abundance, NDP, Rsquared,sigma,CI lower band, CI upper band
GGPEPTPLVQTFLR, Yes, 2.52143, 0.968042, 0.030216, 0.048871,  2,   756.41447,  25, 66653868.000000, 9.000000, 0.900740, 1.426224, 1.686969, 3.355889
TPWVQPLLMDLSPWR, Yes, 1.50309, 0.890789, 0.025871, 0.059316,  2,   919.98473,  23, 54621324.000000, 9.000000, 0.828400, 0.524518, 0.293553, 2.712632
TPWVQPLLMDLSPWR, Yes, 1.68791, 0.950103, 0.018475, 0.146736,  3,   613.65891,  23, 5722746.500000, 9.000000, 0.877592, 0.574542, 0.363019, 3.012810
DGLTGELGYLNPGVFTQSR, Yes, 0.02001, 0.307492, 0.132495, 0.261552,  2,  1012.50782,  32, 25884010.000000, 9.000000, 0.019502, 0.030090, 0.000000, 4.908048


MeanRateConst/CorrCutOff, 2.104672, 0.900000


MedianRateConst/RMSSCutOff, 2.521429, 0.050000
StandDev/NumberPeptides, 0.819112, 2
TotalIonCurrent, 1.07058e+10
