Peptides, PeptideUnique, RateConstants, Correlations, RootMeanRSS, AbsoluteIsotopeError, Charge, m/z(Sequence), NEH, Abundance, NDP, Rsquared,sigma,CI lower band, CI upper band
LIQDVWGIEGPIDAAFTR, Yes, 1.83724, 0.970764, 0.024718, 0.084440,  2,  1001.02564,  34, 61433452.000000, 9.000000, 0.905863, 0.677458, 0.275021, 3.399463
LIQDVWGIEGPIDAAFTR, Yes, 2.54292, 0.917687, 0.036502, 0.083058,  3,   667.68619,  34, 13152479.000000, 8.000000, 0.758257, 2.504294, 1.354390, 3.731457
GQYcYELDETAVRPGYPK, Yes, 12.78045, 0.960682, 0.023592, 0.111424,  2,  1073.49912,  35, 7750096.000000, 6.000000, 0.922071, 42662.906250, 11.437899, 14.122999
SIAQYWLGcPTSEK, Yes, 0.00000, -2.000000, 0.144154, 0.453173,  2,   820.39287,  26, 20446018.000000, 8.000000, -0.092938, 0.024923, 0.000000, 4.642517


MeanRateConst/CorrCutOff, 5.720205, 0.900000


MedianRateConst/RMSSCutOff, 2.542923, 0.050000
StandDev/NumberPeptides, 1.599621, 3
TotalIonCurrent, 6.31846e+09
